model_type,timeframe,architecture,trial_id,composite_score,val_accuracy,val_auc,val_loss,accuracy,hp_num_conv1d_layers,hp_filters,hp_kernel_size,hp_padding,hp_activation,hp_kernel_initializer,hp_add_pooling_0,hp_pool_size,hp_strides,hp_num_dense_layers,hp_units,hp_bias_initializer,hp_dropout_rate,hp_learning_rate,hp_focal_gamma,hp_focal_alpha,hp_add_pooling_1,hp_add_pooling_2,hp_num_conv_layers,hp_num_lstm_layers,hp_units_first,hp_forget_bias,hp_dropout,hp_recurrent_dropout,hp_num_GRU_layers,hp_num_LSTM_layers
sell_signal,,Conv1D,000,-7.927161455154419,0.6059374809265137,0.45629239082336426,89.89391326904297,0.5816406011581421,2.0,32.0,5.0,same,gelu,glorot_normal,True,2.0,1.0,1,128,glorot_normal,0.5,0.00015159319577885927,3.0,0.1,True,,,,,,,,,
sell_signal,,Conv1D,001,-4.121496140956879,0.7404687404632568,0.5226958394050598,53.84660720825195,0.6632031202316284,2.0,32.0,3.0,same,gelu,glorot_normal,False,2.0,1.0,1,96,he_normal,0.5,0.00044412650444693207,1.0,0.30000000000000004,True,,,,,,,,,
sell_signal,,Conv1D,002,-2.349574472848326,0.0053125000558793545,0.48497241735458374,28.39859390258789,0.004765625111758709,2.0,64.0,7.0,valid,relu,glorot_normal,True,2.0,1.0,2,32,he_normal,0.1,0.0006237028864858578,1.0,0.2,False,,,,,,,,,
sell_signal,,Conv1D,003,0.3454787611961365,0.9946874976158142,0.5,11.492087364196777,0.9949609637260437,2.0,128.0,5.0,valid,relu,glorot_normal,False,2.0,1.0,2,32,he_normal,0.5,0.005704251931830293,2.5,0.30000000000000004,False,,,,,,,,,
sell_signal,,Conv1D,004,-8.872413074970245,0.9946874976158142,0.5001571178436279,103.67257690429688,0.9950000047683716,1.0,128.0,7.0,same,relu,glorot_normal,True,3.0,1.0,2,128,glorot_normal,0.1,0.001047217795168058,1.0,0.9,True,,,,,,,,,
sell_signal,,Conv1D,005,-9.017558336257935,0.29499998688697815,0.4414242208003998,97.53982543945312,0.2948046922683716,2.0,32.0,7.0,valid,gelu,glorot_normal,False,2.0,1.0,2,96,zeros,0.1,0.000100697884207127,2.5,0.5,True,,,,,,,,,
sell_signal,,Conv1D,006,-5.464363890886307,0.9946874976158142,0.4848771393299103,69.43928527832031,0.9951171875,3.0,64.0,7.0,same,gelu,glorot_normal,False,3.0,2.0,2,128,zeros,0.30000000000000004,0.0009452767099282696,2.5,0.7000000000000001,False,True,,,,,,,,
sell_signal,,Conv1D,007,-7.012476909160615,0.9939062595367432,0.5007854104042053,85.07168579101562,0.9945312738418579,1.0,96.0,3.0,valid,relu,glorot_normal,False,2.0,2.0,1,128,he_normal,0.2,0.00044489082371598814,3.0,0.4,False,True,,,,,,,,
sell_signal,,Conv1D,008,-2.0733399987220764,0.9946874976158142,0.5,35.680274963378906,0.9947656393051147,3.0,128.0,3.0,valid,relu,glorot_normal,False,3.0,1.0,1,128,glorot_normal,0.1,0.003298757461307946,1.5,0.6,True,True,,,,,,,,
sell_signal,,Conv1D,009,0.18679221868515006,0.9946874976158142,0.5,13.07895278930664,0.994921863079071,2.0,96.0,3.0,same,relu,glorot_normal,True,2.0,1.0,1,32,glorot_normal,0.2,0.001300398010371077,1.5,0.6,False,False,,,,,,,,
sell_signal,,Conv1D,010,0.8154566407203674,0.9946874976158142,0.49992144107818604,6.791522979736328,0.9950000047683716,2.0,32.0,7.0,valid,relu,he_normal,True,2.0,2.0,1,32,he_normal,0.30000000000000004,0.000628226540956973,3.0,0.5,True,True,,,,,,,,
sell_signal,,Conv1D,011,-5.069762289524078,0.5256249904632568,0.4970390200614929,60.92426300048828,0.4595312476158142,1.0,96.0,5.0,same,gelu,he_normal,True,2.0,2.0,2,64,he_normal,0.5,0.00017850071151495693,3.0,0.5,True,False,,,,,,,,
sell_signal,,Conv1D,012,0.8797687411308288,0.9946874976158142,0.5001571178436279,6.150758743286133,0.9950390458106995,2.0,64.0,7.0,valid,relu,glorot_normal,False,2.0,2.0,1,32,glorot_normal,0.2,0.003049541549141375,2.5,0.8,True,False,,,,,,,,
sell_signal,,Conv1D,013,-10.387880997639149,0.0063281250186264515,0.503226637840271,108.97435760498047,0.052421875298023224,3.0,32.0,7.0,same,gelu,glorot_normal,False,3.0,1.0,2,128,glorot_normal,0.2,0.00010957237595130019,2.5,0.7000000000000001,False,True,,,,,,,,
sell_signal,,Conv1D,014,-2.6379150771535933,0.0053125000558793545,0.5,31.432275772094727,0.34226563572883606,2.0,96.0,7.0,valid,gelu,he_normal,True,2.0,1.0,2,32,glorot_normal,0.2,0.0005347601471523541,2.0,0.4,True,False,,,,,,,,
sell_signal,,Conv1D,015,-0.5235130906105043,0.9946874976158142,0.5001177787780762,20.183183670043945,0.9916796684265137,1.0,32.0,5.0,valid,relu,glorot_normal,True,3.0,2.0,2,32,glorot_normal,0.1,0.0008402218420646586,2.5,0.2,False,False,,,,,,,,
sell_signal,,Conv1D,016,-1.729106831550598,0.9946874976158142,0.5003141760826111,32.241085052490234,0.7241796851158142,3.0,96.0,5.0,valid,relu,he_normal,True,3.0,2.0,2,32,glorot_normal,0.5,0.0001945808497432753,1.0,0.2,False,False,,,,,,,,
sell_signal,,Conv1D,017,-3.986615067720413,0.9871875047683716,0.4780174195766449,54.5181999206543,0.9884374737739563,2.0,96.0,3.0,same,relu,he_normal,True,2.0,2.0,1,128,he_normal,0.5,0.0001567123683813819,1.5,0.2,True,False,,,,,,,,
sell_signal,,Conv1D,018,-4.332529526948929,0.9610937237739563,0.46492281556129456,57.5854606628418,0.9227734208106995,3.0,32.0,7.0,valid,gelu,he_normal,True,3.0,1.0,1,128,he_normal,0.1,0.00041818829630028666,1.0,0.1,False,False,,,,,,,,
sell_signal,,Conv1D,019,-2.4343003273010253,0.9946874976158142,0.514707624912262,39.436954498291016,0.994921863079071,3.0,32.0,3.0,same,gelu,glorot_normal,False,3.0,2.0,2,96,glorot_normal,0.5,0.0021765065892749877,2.0,0.5,True,False,,,,,,,,
sell_signal,,Conv1D,020,0.8024636209011078,0.9946874976158142,0.48779359459877014,6.800174713134766,0.9950390458106995,3.0,64.0,3.0,same,gelu,glorot_normal,False,2.0,2.0,1,32,zeros,0.30000000000000004,0.0020726454842745537,2.5,0.8,False,False,,,,,,,,
sell_signal,,Conv1D,021,-3.7223550438880917,0.9946874976158142,0.5,52.17042541503906,0.994921863079071,1.0,128.0,5.0,valid,relu,he_normal,False,3.0,1.0,2,64,zeros,0.30000000000000004,0.000688702391905252,1.0,0.2,False,True,,,,,,,,
sell_signal,,Conv1D,022,0.3790933966636658,0.9946874976158142,0.5,11.155941009521484,0.9951171875,1.0,128.0,5.0,same,relu,he_normal,False,3.0,1.0,1,32,zeros,0.2,0.003260301461846653,1.5,0.5,True,False,,,,,,,,
sell_signal,,Conv1D,023,0.2551409602165222,0.9946874976158142,0.5001571178436279,12.3970365524292,0.9950390458106995,1.0,32.0,3.0,same,relu,glorot_normal,False,3.0,2.0,2,32,he_normal,0.2,0.0027567445342449115,2.0,0.2,False,False,,,,,,,,
sell_signal,,Conv1D,024,-0.28913971185684195,0.9946874976158142,0.5,17.838272094726562,0.9950000047683716,3.0,64.0,7.0,same,relu,he_normal,True,2.0,1.0,2,64,glorot_normal,0.5,0.006838349735093645,1.5,0.7000000000000001,True,True,,,,,,,,
sell_signal,,Conv1D,025,-3.1723203599452976,0.9944531321525574,0.4975259006023407,46.64299392700195,0.659375011920929,2.0,32.0,3.0,valid,relu,he_normal,True,2.0,2.0,2,96,he_normal,0.4,0.00033451441046197393,2.0,0.2,True,True,,,,,,,,
sell_signal,,Conv1D,026,-0.18545284271240225,0.657421886920929,0.4829632639884949,13.258379936218262,0.6416797041893005,2.0,32.0,5.0,same,gelu,glorot_normal,True,3.0,2.0,1,32,zeros,0.2,0.00021347610418606298,3.0,0.8,True,True,,,,,,,,
sell_signal,,Conv1D,027,-2.9405566453933716,0.9946093559265137,0.5333417654037476,44.68507766723633,0.9554296731948853,3.0,32.0,3.0,valid,relu,he_normal,True,3.0,2.0,2,128,he_normal,0.2,0.0005691214031067918,2.0,0.2,True,True,,,,,,,,
sell_signal,,Conv1D,028,-5.245084089040756,0.9946874976158142,0.49988219141960144,67.39653778076172,0.9950390458106995,1.0,64.0,5.0,same,relu,he_normal,True,2.0,1.0,1,128,he_normal,0.5,0.0010575697475283586,1.0,0.5,True,False,,,,,,,,
sell_signal,,Conv1D,029,-2.6571930885314945,0.9946874976158142,0.529081404209137,41.80961990356445,0.9949609637260437,3.0,32.0,7.0,same,gelu,he_normal,True,3.0,2.0,2,128,zeros,0.1,0.0017311246306854196,1.0,0.2,True,True,,,,,,,,
sell_signal,,Conv1D,030,-2.987528383731842,0.9946874976158142,0.5,44.82215881347656,0.9954296946525574,1.0,64.0,7.0,same,gelu,glorot_normal,True,3.0,1.0,2,96,zeros,0.4,0.006086137545191556,2.5,0.2,False,True,,,,,,,,
sell_signal,,Conv1D,031,-2.619348180294037,0.9940624833106995,0.4994502067565918,41.12860870361328,0.9939844012260437,1.0,128.0,3.0,valid,relu,glorot_normal,True,3.0,2.0,1,64,zeros,0.1,0.00022102350500721615,2.5,0.7000000000000001,False,True,,,,,,,,
sell_signal,,Conv1D,032,-1.1718518853187563,0.9946874976158142,0.5,26.665393829345703,0.9950390458106995,2.0,96.0,7.0,same,relu,glorot_normal,False,3.0,1.0,2,32,zeros,0.2,0.0001231642465909657,1.0,0.9,False,True,,,,,,,,
sell_signal,,Conv1D,033,-1.7167737066745756,0.9946093559265137,0.4992538392543793,32.10636901855469,0.9951953291893005,3.0,32.0,7.0,valid,relu,glorot_normal,False,2.0,1.0,1,96,he_normal,0.1,0.000581434737371341,2.5,0.5,False,False,,,,,,,,
sell_signal,,Conv1D,034,-2.2420533776283262,0.9946874976158142,0.5,37.367408752441406,0.9950390458106995,2.0,128.0,5.0,same,relu,glorot_normal,False,3.0,2.0,2,96,glorot_normal,0.1,0.0028168240891253142,1.0,0.9,True,True,,,,,,,,
sell_signal,,Conv1D,035,-0.961863100528717,0.9946874976158142,0.5,24.565505981445312,0.9951171875,3.0,96.0,5.0,same,relu,glorot_normal,True,3.0,1.0,2,64,zeros,0.1,0.0018144908224752639,1.0,0.9,True,False,,,,,,,,
sell_signal,,Conv1D,036,-10.126059007644653,0.9946874976158142,0.4755623936653137,115.96308898925781,0.9874218702316284,2.0,64.0,5.0,same,gelu,glorot_normal,True,3.0,1.0,2,128,glorot_normal,0.4,0.0004600955422725711,1.0,0.2,True,False,,,,,,,,
sell_signal,,Conv1D,037,-4.737099611759186,0.9946874976158142,0.5,62.31787109375,0.730664074420929,1.0,96.0,7.0,same,gelu,he_normal,True,2.0,1.0,2,64,glorot_normal,0.2,0.000602836972293706,2.5,0.5,False,False,,,,,,,,
sell_signal,,Conv1D,038,-5.3701504409313205,0.9946874976158142,0.4998036324977875,68.64641571044922,0.9950390458106995,1.0,64.0,7.0,same,gelu,he_normal,True,2.0,1.0,2,128,he_normal,0.2,0.0027797935227671933,2.5,0.4,True,False,,,,,,,,
sell_signal,,Conv1D,039,-0.7357833504676821,0.9946874976158142,0.5121088027954102,22.425796508789062,0.9950390458106995,1.0,32.0,7.0,same,gelu,glorot_normal,False,3.0,1.0,1,64,zeros,0.1,0.0033178639809267113,1.5,0.7000000000000001,True,True,,,,,,,,
sell_signal,,Conv1D,040,-2.840018999576569,0.9946874976158142,0.5,43.34706497192383,0.9947656393051147,1.0,128.0,5.0,same,relu,glorot_normal,False,2.0,2.0,2,128,zeros,0.2,0.004817411854480006,1.0,0.1,False,True,,,,,,,,
sell_signal,,Conv1D,041,-2.281189131736755,0.9946093559265137,0.5071860551834106,37.8298454284668,0.9949609637260437,1.0,32.0,3.0,same,relu,glorot_normal,False,3.0,1.0,1,96,glorot_normal,0.30000000000000004,0.001073016218061893,3.0,0.30000000000000004,True,False,,,,,,,,
sell_signal,,Conv1D,042,-6.301377260684967,0.9946874976158142,0.5,77.96064758300781,0.9955078363418579,2.0,96.0,5.0,valid,relu,glorot_normal,True,3.0,1.0,2,96,zeros,0.30000000000000004,0.00016532573957315442,2.0,0.5,True,False,,,,,,,,
sell_signal,,Conv1D,043,-0.5021047353744508,0.9946874976158142,0.500471293926239,19.97263526916504,0.9949609637260437,2.0,32.0,7.0,same,relu,he_normal,True,3.0,1.0,1,64,glorot_normal,0.2,0.0013822274593552758,3.0,0.4,True,False,,,,,,,,
sell_signal,,Conv1D,044,-2.03185373544693,0.9946874976158142,0.5001177787780762,35.2665901184082,0.9951562285423279,2.0,64.0,3.0,same,relu,glorot_normal,True,3.0,1.0,2,64,glorot_normal,0.30000000000000004,0.0017259745092203106,1.5,0.6,True,True,,,,,,,,
sell_signal,,Conv1D,045,-1.5609532833099364,0.9946874976158142,0.5172308087348938,30.728715896606445,0.9950000047683716,2.0,32.0,3.0,same,gelu,glorot_normal,True,3.0,2.0,1,128,zeros,0.2,0.008453355630521282,2.0,0.6,False,True,,,,,,,,
sell_signal,,Conv1D,046,-3.2409410119056705,0.9946874976158142,0.5,47.356285095214844,0.9950781464576721,2.0,96.0,3.0,same,gelu,he_normal,False,2.0,1.0,1,96,zeros,0.30000000000000004,0.0010153958908885,2.5,0.2,True,False,,,,,,,,
sell_signal,,Conv1D,047,-0.6735263228416444,0.9946874976158142,0.4602276086807251,21.284414291381836,0.9217187762260437,3.0,96.0,7.0,valid,gelu,glorot_normal,False,2.0,1.0,2,32,he_normal,0.2,0.0010176040617332672,2.0,0.6,False,False,,,,,,,,
sell_signal,,Conv1D,048,-9.174566602706909,0.9946874976158142,0.4737299084663391,106.42984008789062,0.9458203315734863,2.0,128.0,7.0,same,gelu,glorot_normal,True,3.0,1.0,2,96,zeros,0.4,0.0008213805680931154,2.0,0.1,False,False,,,,,,,,
sell_signal,,Conv1D,049,-7.827369803190232,0.171875,0.45362308621406555,84.52867889404297,0.27574217319488525,3.0,128.0,7.0,valid,gelu,he_normal,False,3.0,2.0,2,96,glorot_normal,0.2,0.00024359196179105856,3.0,0.8,True,True,,,,,,,,
sell_signal,,Conv1D,050,-3.4524463010020554,0.0053906249813735485,0.500039279460907,39.57876205444336,0.27738282084465027,2.0,128.0,3.0,valid,relu,he_normal,False,2.0,2.0,2,32,glorot_normal,0.1,0.0002500476093354716,2.0,0.4,False,True,,,,,,,,
sell_signal,,Conv1D,051,-6.365375351905823,0.7659375071525574,0.4290081858634949,75.60321044921875,0.6360156536102295,1.0,32.0,3.0,valid,gelu,glorot_normal,False,2.0,1.0,2,64,he_normal,0.5,0.00028839092033162804,1.0,0.9,True,False,,,,,,,,
sell_signal,,Conv1D,052,0.007840806245803744,0.9946874976158142,0.49787935614585876,14.847260475158691,0.9952343702316284,3.0,64.0,7.0,same,gelu,glorot_normal,True,3.0,2.0,1,64,he_normal,0.30000000000000004,0.002117796522475039,2.5,0.30000000000000004,False,True,,,,,,,,
sell_signal,,Conv1D,053,0.6307926595211029,0.9946874976158142,0.4697069227695465,8.336017608642578,0.9952343702316284,3.0,128.0,7.0,same,gelu,glorot_normal,True,2.0,2.0,1,32,he_normal,0.4,0.003920143237423156,2.0,0.5,False,False,,,,,,,,
sell_signal,,Conv1D,054,1.180731976032257,0.9946874976158142,0.5002748966217041,3.1423041820526123,0.9951562285423279,3.0,32.0,5.0,same,relu,glorot_normal,False,3.0,2.0,1,32,zeros,0.2,0.01,1.0,0.4,True,True,,,,,,,,
sell_signal,,Conv1D,055,1.1467987656593324,0.9946874976158142,0.5,3.4788873195648193,0.9950781464576721,3.0,32.0,5.0,same,relu,he_normal,True,2.0,2.0,1,32,he_normal,0.1,0.01,2.0,0.6,False,False,,,,,,,,
sell_signal,,Conv1D,056,1.0947559237480164,0.9946874976158142,0.5,3.9993157386779785,0.9951171875,3.0,32.0,5.0,valid,relu,glorot_normal,True,3.0,1.0,1,32,zeros,0.4,0.01,3.0,0.9,False,True,,,,,,,,
sell_signal,,Conv1D,057,1.0855003237724303,0.9946874976158142,0.5,4.091871738433838,0.9950781464576721,1.0,32.0,7.0,same,relu,he_normal,True,3.0,2.0,1,32,zeros,0.4,0.01,3.0,0.4,False,True,,,,,,,,
sell_signal,,Conv1D,058,0.9987460017204285,0.9946874976158142,0.5,4.959414958953857,0.9950000047683716,3.0,64.0,5.0,valid,relu,he_normal,False,2.0,1.0,1,32,he_normal,0.30000000000000004,0.01,2.5,0.1,True,False,,,,,,,,
sell_signal,,Conv1D,059,0.7440089583396912,0.9946874976158142,0.5,7.5067853927612305,0.9953515529632568,3.0,128.0,5.0,same,relu,glorot_normal,False,3.0,1.0,1,32,glorot_normal,0.1,0.01,1.5,0.9,False,False,,,,,,,,
sell_signal,,Conv1D,060,0.9303290486335755,0.9946874976158142,0.500078558921814,5.644370079040527,0.995312511920929,3.0,32.0,3.0,same,relu,he_normal,True,3.0,2.0,1,32,zeros,0.1,0.00139162521057502,2.5,0.9,True,False,,,,,,,,
sell_signal,,Conv1D,061,1.0275961637496949,0.9946874976158142,0.532474935054779,4.995662689208984,0.9951562285423279,3.0,32.0,7.0,same,gelu,he_normal,True,2.0,2.0,1,32,he_normal,0.2,0.01,2.5,0.4,True,True,,,,,,,,
sell_signal,,Conv1D,062,1.1073947072029113,0.9946874976158142,0.5,3.8729279041290283,0.994921863079071,3.0,64.0,7.0,same,relu,glorot_normal,False,2.0,2.0,1,32,he_normal,0.5,0.01,1.5,0.5,False,True,,,,,,,,
sell_signal,,Conv1D,063,1.2329108834266662,0.9946874976158142,0.5,2.6177661418914795,0.9949609637260437,3.0,32.0,7.0,valid,relu,glorot_normal,True,3.0,2.0,1,32,he_normal,0.2,0.01,3.0,0.30000000000000004,True,False,,,,,,,,
sell_signal,,Conv1D,064,0.9160791754722595,0.9946874976158142,0.5,5.786083221435547,0.994921863079071,3.0,128.0,3.0,same,relu,glorot_normal,False,2.0,2.0,2,32,zeros,0.1,0.01,1.0,0.7000000000000001,True,False,,,,,,,,
sell_signal,,Conv1D,065,0.85307377576828,0.9946874976158142,0.5,6.416137218475342,0.9949609637260437,3.0,64.0,7.0,valid,relu,he_normal,True,2.0,1.0,1,32,zeros,0.1,0.01,1.0,0.8,True,False,,,,,,,,
sell_signal,,Conv1D,066,1.1538739562034608,0.9946874976158142,0.5,3.408135414123535,0.9950000047683716,3.0,128.0,3.0,same,relu,glorot_normal,True,3.0,2.0,1,32,zeros,0.5,0.01,2.5,0.9,True,True,,,,,,,,
sell_signal,,Conv1D,067,1.0760542631149292,0.9946874976158142,0.500039279460907,4.18672513961792,0.9952734112739563,3.0,32.0,7.0,same,gelu,glorot_normal,True,3.0,2.0,1,32,zeros,0.1,0.01,1.5,0.9,False,True,,,,,,,,
sell_signal,,Conv1D,068,1.144728535413742,0.9946874976158142,0.49984291195869446,3.498018741607666,0.9950390458106995,1.0,32.0,3.0,same,gelu,glorot_normal,True,3.0,2.0,1,32,zeros,0.1,0.01,3.0,0.1,True,True,,,,,,,,
sell_signal,,Conv1D,069,-0.5378359973430635,0.9938281178474426,0.49367329478263855,20.253374099731445,0.9941796660423279,3.0,128.0,3.0,same,relu,glorot_normal,False,3.0,2.0,1,32,zeros,0.1,0.00010274862478856935,1.0,0.9,True,False,,,,,,,,
sell_signal,,Conv1D,070,0.8179157614707947,0.9946874976158142,0.5,6.767717361450195,0.9949609637260437,1.0,32.0,3.0,same,relu,glorot_normal,False,3.0,2.0,2,32,zeros,0.30000000000000004,0.01,2.0,0.9,False,True,,,,,,,,
sell_signal,,Conv1D,071,1.137309181690216,0.9946874976158142,0.5001963376998901,3.575746536254883,0.9947656393051147,3.0,32.0,3.0,same,gelu,glorot_normal,True,3.0,2.0,1,32,he_normal,0.5,0.01,3.0,0.4,False,True,,,,,,,,
sell_signal,,Conv1D,072,1.0857734560966492,0.9946874976158142,0.5,4.08914041519165,0.9951562285423279,1.0,32.0,7.0,same,relu,glorot_normal,False,3.0,1.0,1,32,zeros,0.1,0.01,3.0,0.1,False,True,,,,,,,,
sell_signal,,Conv1D,073,1.1008330702781677,0.9946874976158142,0.5,3.938544273376465,0.9951562285423279,3.0,128.0,3.0,valid,relu,he_normal,True,2.0,2.0,1,32,he_normal,0.5,0.01,1.0,0.1,True,True,,,,,,,,
sell_signal,,Conv1D,074,1.1017808794975281,0.9946874976158142,0.5,3.9290661811828613,0.9949609637260437,3.0,64.0,7.0,valid,relu,glorot_normal,True,2.0,1.0,1,32,he_normal,0.30000000000000004,0.01,3.0,0.8,False,False,,,,,,,,
sell_signal,,Conv1D,075,0.6438248038291932,0.9946874976158142,0.5,8.508626937866211,0.9949609637260437,3.0,128.0,3.0,same,relu,he_normal,False,2.0,1.0,1,32,zeros,0.5,0.01,1.0,0.9,True,True,,,,,,,,
sell_signal,,Conv1D,076,0.8149629950523376,0.9717968702316284,0.5095832943916321,6.6641716957092285,0.9608593583106995,3.0,32.0,7.0,valid,relu,he_normal,True,2.0,2.0,1,32,he_normal,0.1,0.00014870344611825036,1.0,0.1,True,False,,,,,,,,
sell_signal,,Conv1D,077,1.1824128389358521,0.9946874976158142,0.5053709149360657,3.1764557361602783,0.9951171875,3.0,32.0,7.0,valid,gelu,glorot_normal,False,2.0,2.0,1,32,he_normal,0.1,0.01,1.0,0.1,False,False,,,,,,,,
sell_signal,,Conv1D,078,1.0910844206809998,0.9946874976158142,0.5,4.0360307693481445,0.9951562285423279,3.0,32.0,7.0,valid,relu,he_normal,True,2.0,2.0,2,32,he_normal,0.5,0.01,2.5,0.1,False,True,,,,,,,,
sell_signal,,Conv1D,079,1.0081735014915467,0.9946874976158142,0.5,4.865139961242676,0.9950390458106995,1.0,32.0,7.0,same,relu,he_normal,False,2.0,2.0,1,32,zeros,0.1,0.01,1.0,0.1,True,False,,,,,,,,
sell_signal,,Conv1D,080,0.972667109966278,0.9946874976158142,0.5,5.220203876495361,0.9953906536102295,3.0,128.0,3.0,same,relu,he_normal,False,3.0,2.0,1,32,he_normal,0.1,0.01,1.0,0.1,True,True,,,,,,,,
sell_signal,,Conv1D,081,1.0753765940666198,0.9946874976158142,0.5,4.193109035491943,0.9948828220367432,1.0,32.0,7.0,same,relu,glorot_normal,False,3.0,2.0,1,32,zeros,0.1,0.01,3.0,0.9,True,False,,,,,,,,
sell_signal,,Conv1D,082,0.46885238289833064,0.990234375,0.4967404901981354,10.181224822998047,0.9898437261581421,3.0,32.0,7.0,same,relu,glorot_normal,True,2.0,2.0,1,32,zeros,0.1,0.00022642522580726686,2.5,0.9,False,False,,,,,,,,
sell_signal,,Conv1D,083,1.2549760222434998,0.9946874976158142,0.5051306486129761,2.4484212398529053,0.9952734112739563,1.0,32.0,7.0,same,gelu,glorot_normal,False,3.0,2.0,1,32,zeros,0.5,0.01,2.0,0.2,False,True,,,,,,,,
sell_signal,,Conv1D,084,0.9161527037620545,0.9942968487739563,0.5000392198562622,5.781833648681641,0.9938281178474426,3.0,32.0,3.0,same,relu,he_normal,True,2.0,2.0,1,32,zeros,0.5,0.000547938216801923,1.0,0.1,True,True,,,,,,,,
sell_signal,,Conv1D,085,0.9891458988189697,0.9946093559265137,0.5002748966217041,5.0573835372924805,0.9944531321525574,3.0,32.0,7.0,valid,relu,he_normal,True,2.0,2.0,1,32,zeros,0.5,0.001093413000769255,3.0,0.4,True,False,,,,,,,,
sell_signal,,Conv1D,086,0.9142595827579498,0.9878125190734863,0.49368539452552795,5.6723833084106445,0.9897656440734863,3.0,32.0,7.0,same,relu,he_normal,True,3.0,2.0,1,32,zeros,0.5,0.00016899076911194928,1.0,0.9,True,True,,,,,,,,
sell_signal,,Conv1D,087,0.9514988541603089,0.9947656393051147,0.5077785849571228,5.510453701019287,0.995312511920929,3.0,32.0,7.0,same,relu,he_normal,True,3.0,2.0,1,32,he_normal,0.5,0.0005574915756834628,2.0,0.1,True,True,,,,,,,,
sell_signal,,Conv1D,088,0.7391482472419739,0.9896093606948853,0.5196806788444519,7.701417922973633,0.9919140338897705,3.0,32.0,3.0,same,relu,glorot_normal,True,3.0,2.0,1,32,zeros,0.5,0.000210914566035642,1.0,0.9,False,True,,,,,,,,
sell_signal,,Conv1D,089,1.2667946696281434,0.9946874976158142,0.5,2.278928279876709,0.9953515529632568,3.0,32.0,7.0,valid,relu,he_normal,True,3.0,2.0,1,32,zeros,0.5,0.01,1.0,0.1,True,True,,,,,,,,
sell_signal,,Conv1D,090,0.9671421349048615,0.9912499785423279,0.4999607503414154,5.240685939788818,0.9889453053474426,3.0,32.0,3.0,valid,relu,he_normal,True,3.0,2.0,1,32,zeros,0.1,0.00033225081385799296,1.0,0.1,True,True,,,,,,,,
sell_signal,,Conv1D,091,1.0935767054557801,0.9946874976158142,0.5,4.011107921600342,0.9950000047683716,3.0,128.0,3.0,valid,relu,glorot_normal,True,2.0,2.0,1,32,zeros,0.1,0.01,1.0,0.1,False,True,,,,,,,,
sell_signal,,Conv1D,092,1.1447028279304505,0.9946874976158142,0.5,3.4998466968536377,0.9950000047683716,3.0,128.0,7.0,valid,relu,glorot_normal,True,2.0,2.0,1,32,zeros,0.5,0.01,1.0,0.9,False,True,,,,,,,,
sell_signal,,Conv1D,093,1.038753592967987,0.9946874976158142,0.5,4.5593390464782715,0.9950781464576721,3.0,32.0,7.0,same,relu,he_normal,True,2.0,2.0,2,32,zeros,0.5,0.01,1.0,0.9,False,True,,,,,,,,
sell_signal,,Conv1D,094,1.0555819392204284,0.9946874976158142,0.5,4.391055583953857,0.9951953291893005,1.0,32.0,3.0,same,relu,he_normal,False,3.0,2.0,1,32,zeros,0.5,0.01,3.0,0.1,True,False,,,,,,,,
sell_signal,,Conv1D,095,1.2253390669822692,0.9946874976158142,0.5,2.693484306335449,0.9954296946525574,3.0,128.0,7.0,valid,relu,glorot_normal,True,2.0,2.0,1,32,zeros,0.5,0.01,3.0,0.1,True,True,,,,,,,,
sell_signal,,Conv1D,096,1.0554624438285827,0.9946874976158142,0.5,4.3922505378723145,0.9951562285423279,1.0,32.0,7.0,valid,relu,glorot_normal,True,3.0,2.0,1,32,zeros,0.5,0.01,3.0,0.5,True,True,,,,,,,,
sell_signal,,Conv1D,097,1.1260923504829408,0.9946874976158142,0.5433992147445679,4.119943618774414,0.9950390458106995,3.0,32.0,7.0,valid,gelu,he_normal,True,3.0,2.0,1,32,he_normal,0.1,0.01,1.0,0.1,False,True,,,,,,,,
sell_signal,,Conv1D,098,1.199403417110443,0.9946874976158142,0.5,2.952840805053711,0.9950390458106995,3.0,32.0,3.0,valid,relu,glorot_normal,False,3.0,1.0,1,32,he_normal,0.1,0.01,1.5,0.1,False,False,,,,,,,,
sell_signal,,Conv1D,099,0.8484208822250366,0.9944531321525574,0.500039279460907,6.460715293884277,0.9949609637260437,3.0,32.0,3.0,same,relu,glorot_normal,True,2.0,2.0,1,32,he_normal,0.1,0.0006733910621767706,3.0,0.1,True,False,,,,,,,,
sell_signal,,Conv1D,100,1.2108880758285523,0.9946874976158142,0.5031896233558655,2.8698904514312744,0.9950781464576721,1.0,32.0,3.0,same,gelu,he_normal,False,3.0,2.0,1,32,zeros,0.1,0.01,1.0,0.1,False,True,,,,,,,,
sell_signal,,Conv1D,101,0.7931305646896363,0.9646875262260437,0.5133625864982605,6.84919548034668,0.9632421731948853,3.0,32.0,7.0,valid,relu,he_normal,True,3.0,2.0,1,32,zeros,0.1,0.0001,1.0,0.9,False,True,,,,,,,,
sell_signal,,Conv1D,102,1.0812840342521668,0.9946874976158142,0.5,4.134034633636475,0.9948828220367432,3.0,32.0,3.0,same,relu,he_normal,True,3.0,2.0,2,32,zeros,0.1,0.01,1.0,0.1,True,True,,,,,,,,
sell_signal,,Conv1D,103,1.0226913213729858,0.993359386920929,0.5012174248695374,4.718854904174805,0.9942187666893005,3.0,32.0,3.0,valid,relu,he_normal,True,3.0,2.0,1,32,zeros,0.5,0.000515247025277841,1.0,0.9,True,True,,,,,,,,
sell_signal,,Conv1D,104,1.0059799432754517,0.9647656083106995,0.5084288716316223,4.672145366668701,0.9686718583106995,3.0,32.0,7.0,valid,relu,he_normal,True,2.0,2.0,1,32,he_normal,0.5,0.00018873550653026794,1.0,0.6,True,True,,,,,,,,
sell_signal,,Conv1D,105,0.6328812360763549,0.96875,0.5028165578842163,8.386853218078613,0.9653906226158142,3.0,32.0,3.0,same,relu,he_normal,True,3.0,2.0,1,32,he_normal,0.1,0.0001,1.0,0.1,False,True,,,,,,,,
sell_signal,,Conv1D,106,1.0080900073051453,0.9946874976158142,0.5,4.8659749031066895,0.9949609637260437,3.0,128.0,7.0,valid,gelu,glorot_normal,True,2.0,2.0,1,32,he_normal,0.5,0.01,3.0,0.1,False,True,,,,,,,,
sell_signal,,Conv1D,107,0.6600801229476929,0.9467187523841858,0.5257318615913391,8.12370491027832,0.9560156464576721,3.0,32.0,3.0,same,relu,he_normal,True,2.0,2.0,1,32,he_normal,0.5,0.0001,2.0,0.7000000000000001,True,False,,,,,,,,
sell_signal,,Conv1D,108,1.038352620601654,0.9946874976158142,0.5,4.563348770141602,0.9948828220367432,3.0,128.0,3.0,same,relu,he_normal,True,2.0,2.0,1,32,he_normal,0.5,0.01,3.0,0.1,True,False,,,,,,,,
sell_signal,,Conv1D,109,0.8958128809928894,0.9946874976158142,0.5,5.988746166229248,0.9950781464576721,3.0,128.0,3.0,valid,relu,glorot_normal,False,3.0,1.0,1,32,zeros,0.1,0.01,1.0,0.9,True,True,,,,,,,,
sell_signal,,Conv1D,110,0.8671559512615203,0.9658593535423279,0.49291566014289856,5.9161906242370605,0.970898449420929,3.0,32.0,3.0,same,relu,he_normal,True,3.0,2.0,1,32,he_normal,0.5,0.0001,1.0,0.6,True,True,,,,,,,,
sell_signal,,Conv1D,111,0.8503173589706421,0.994140625,0.5071572065353394,6.509804725646973,0.9945312738418579,3.0,32.0,7.0,valid,relu,he_normal,True,3.0,2.0,1,32,he_normal,0.5,0.00039046734129486073,1.0,0.9,False,True,,,,,,,,
sell_signal,,Conv1D,112,0.8189250349998474,0.9946874976158142,0.5,6.757624626159668,0.9951171875,3.0,128.0,3.0,valid,relu,glorot_normal,True,2.0,1.0,1,32,zeros,0.1,0.01,3.0,0.4,True,False,,,,,,,,
sell_signal,,Conv1D,113,0.50810706615448,0.9942968487739563,0.5072622895240784,9.934520721435547,0.9942187666893005,3.0,32.0,3.0,valid,relu,glorot_normal,True,3.0,2.0,1,32,he_normal,0.1,0.0003020314397730238,1.0,0.9,False,False,,,,,,,,
sell_signal,,Conv1D,114,0.8825823664665222,0.9190624952316284,0.49370914697647095,5.3018927574157715,0.9461328387260437,3.0,32.0,3.0,valid,relu,he_normal,True,3.0,2.0,1,32,he_normal,0.5,0.00015984204978650247,3.0,0.1,True,True,,,,,,,,
sell_signal,,Conv1D,115,0.8428340911865234,0.9239062666893005,0.5244629979133606,6.055351734161377,0.9321093559265137,3.0,32.0,3.0,same,relu,he_normal,True,3.0,2.0,1,32,zeros,0.5,0.0001,3.0,0.5,True,True,,,,,,,,
sell_signal,,Conv1D,116,0.7188545227050781,0.96875,0.4927983283996582,7.426938056945801,0.9658203125,3.0,32.0,3.0,valid,relu,he_normal,True,3.0,2.0,1,32,he_normal,0.1,0.0001,3.0,0.1,True,False,,,,,,,,
sell_signal,,Conv1D,117,0.8393265128135681,0.9946874976158142,0.5,6.553609848022461,0.9948437213897705,3.0,128.0,3.0,same,relu,glorot_normal,False,2.0,2.0,2,32,zeros,0.5,0.01,1.0,0.1,False,True,,,,,,,,
sell_signal,,Conv1D,118,0.8795226037502288,0.9946093559265137,0.4992538392543793,6.143405914306641,0.9949609637260437,3.0,32.0,7.0,valid,relu,glorot_normal,True,3.0,2.0,1,32,he_normal,0.2,0.0005074647917036925,2.5,0.1,False,True,,,,,,,,
sell_signal,,Conv1D,119,0.7502417087554931,0.8935156464576721,0.50228351354599,6.4555745124816895,0.9118750095367432,3.0,32.0,7.0,valid,relu,he_normal,True,3.0,2.0,1,32,he_normal,0.5,0.0001,3.0,0.9,True,False,,,,,,,,
sell_signal,,Conv1D,120,0.8430112600326538,0.916015625,0.5034033060073853,5.7640767097473145,0.9307031035423279,3.0,32.0,3.0,same,relu,glorot_normal,True,3.0,2.0,1,32,he_normal,0.5,0.00011568435830650415,3.0,0.9,True,True,,,,,,,,
sell_signal,,Conv1D,121,0.7115223705768585,0.885937511920929,0.4943091571331024,6.6872429847717285,0.8922265768051147,3.0,32.0,3.0,valid,relu,he_normal,True,3.0,2.0,1,32,he_normal,0.5,0.0001,3.0,0.9,True,True,,,,,,,,
sell_signal,,Conv1D,122,0.7989905893802642,0.9200000166893005,0.46619102358818054,5.872004508972168,0.9168359637260437,3.0,32.0,7.0,same,relu,he_normal,True,3.0,2.0,1,32,he_normal,0.5,0.0001,3.0,0.9,True,True,,,,,,,,
sell_signal,,Conv1D,123,0.5072225332260132,0.6253125071525574,0.48564523458480835,6.037352085113525,0.6268749833106995,3.0,32.0,7.0,valid,relu,he_normal,True,3.0,2.0,1,32,he_normal,0.5,0.0001,2.5,0.5,True,True,,,,,,,,
sell_signal,,Conv1D,124,0.786472749710083,0.8973437547683716,0.48814356327056885,5.990145683288574,0.8797656297683716,3.0,32.0,3.0,same,relu,he_normal,True,3.0,2.0,1,32,he_normal,0.30000000000000004,0.0001,3.0,0.30000000000000004,True,True,,,,,,,,
sell_signal,,Conv1D,125,0.9982537388801574,0.9842968583106995,0.5213634967803955,5.074066162109375,0.9843359589576721,3.0,32.0,3.0,valid,relu,glorot_normal,True,3.0,2.0,1,32,zeros,0.5,0.00012632933070670874,3.0,0.9,True,True,,,,,,,,
sell_signal,,Conv1D,126,0.648812222480774,0.9628124833106995,0.4957471489906311,8.097474098205566,0.9706249833106995,3.0,32.0,3.0,same,relu,he_normal,True,3.0,2.0,1,32,he_normal,0.5,0.00012531478552034816,3.0,0.30000000000000004,True,False,,,,,,,,
sell_signal,,Conv1D,127,1.0016496777534485,0.9946093559265137,0.4996858239173889,4.926455020904541,0.9951562285423279,3.0,32.0,7.0,same,relu,glorot_normal,True,3.0,2.0,1,32,zeros,0.5,0.0007151258741771528,3.0,0.9,True,True,,,,,,,,
sell_signal,,Conv1D,128,0.6962098360061646,0.8873437643051147,0.47595739364624023,6.670913219451904,0.8643749952316284,3.0,32.0,7.0,valid,relu,he_normal,True,2.0,2.0,1,32,he_normal,0.1,0.0001,3.0,0.9,True,False,,,,,,,,
sell_signal,,Conv1D,129,1.2014992237091064,0.9946874976158142,0.5002356171607971,2.934238910675049,0.9951562285423279,3.0,32.0,3.0,valid,relu,he_normal,True,3.0,2.0,1,32,zeros,0.5,0.005952992260563743,3.0,0.1,True,True,,,,,,,,
sell_signal,,Conv1D,130,0.46765733957290645,0.9515625238418579,0.5050463080406189,9.889514923095703,0.9621484279632568,3.0,32.0,7.0,valid,relu,he_normal,True,2.0,2.0,1,32,he_normal,0.5,0.0001,3.0,0.6,False,False,,,,,,,,
sell_signal,,Conv1D,131,1.1166622042655945,0.9946874976158142,0.5,3.7802529335021973,0.9951953291893005,3.0,128.0,7.0,valid,relu,glorot_normal,True,2.0,2.0,1,32,he_normal,0.5,0.005391404904245029,3.0,0.9,True,True,,,,,,,,
sell_signal,,Conv1D,132,0.9049590468406677,0.9940624833106995,0.49964654445648193,5.887499809265137,0.9944140911102295,3.0,32.0,7.0,valid,relu,he_normal,True,2.0,2.0,1,32,he_normal,0.5,0.0005944360988393559,3.0,0.9,True,False,,,,,,,,
sell_signal,,Conv1D,133,0.7702893197536469,0.8866406083106995,0.4771020710468292,5.934533596038818,0.9098047018051147,3.0,32.0,3.0,valid,relu,he_normal,True,2.0,2.0,1,32,he_normal,0.5,0.0001,1.0,0.1,True,True,,,,,,,,
sell_signal,,Conv1D,134,1.1457088589668274,0.9946874976158142,0.500432014465332,3.4941065311431885,0.9953515529632568,1.0,32.0,7.0,same,gelu,glorot_normal,True,3.0,2.0,1,32,he_normal,0.1,0.01,3.0,0.1,False,True,,,,,,,,
sell_signal,,Conv1D,135,0.834665834903717,0.9076562523841858,0.5053350925445557,5.783255100250244,0.8876953125,3.0,32.0,3.0,valid,relu,he_normal,True,3.0,2.0,1,32,he_normal,0.5,0.0001,1.0,0.1,True,True,,,,,,,,
sell_signal,,Conv1D,136,0.8481285989284515,0.9533593654632568,0.47842225432395935,5.8365302085876465,0.9447265863418579,3.0,32.0,7.0,same,relu,he_normal,True,3.0,2.0,1,32,he_normal,0.1,0.0001,1.0,0.9,True,True,,,,,,,,
sell_signal,,Conv1D,137,0.910514485836029,0.9946874976158142,0.5,5.841730117797852,0.9946874976158142,3.0,128.0,7.0,same,relu,glorot_normal,False,2.0,2.0,2,32,zeros,0.1,0.01,1.0,0.9,False,True,,,,,,,,
sell_signal,,Conv1D,138,0.916935384273529,0.9946874976158142,0.5,5.777521133422852,0.9951562285423279,3.0,32.0,7.0,same,relu,he_normal,False,3.0,1.0,2,32,zeros,0.1,0.01,1.0,0.9,True,False,,,,,,,,
sell_signal,,Conv1D,139,0.623496663570404,0.9452343583106995,0.5167416334152222,8.384793281555176,0.9564062356948853,3.0,32.0,3.0,same,relu,he_normal,False,3.0,2.0,1,32,he_normal,0.5,0.0001,1.0,0.1,True,True,,,,,,,,
sell_signal,,Conv1D,140,0.35196313858032235,0.9914844036102295,0.5020420551300049,11.415633201599121,0.9925000071525574,3.0,128.0,3.0,same,relu,he_normal,True,2.0,2.0,1,32,he_normal,0.5,0.0001,1.0,0.1,True,True,,,,,,,,
sell_signal,,Conv1D,141,0.35796221494674674,0.9943749904632568,0.4997643828392029,11.361771583557129,0.9950781464576721,3.0,128.0,7.0,valid,relu,he_normal,True,2.0,2.0,1,32,he_normal,0.4,0.0002879055702158269,2.5,0.30000000000000004,True,False,,,,,,,,
sell_signal,,Conv1D,142,0.6901467800140381,0.745312511920929,0.4715353846549988,5.2670111656188965,0.7644922137260437,3.0,32.0,7.0,valid,relu,he_normal,True,2.0,2.0,1,32,zeros,0.5,0.0001,1.0,0.1,True,True,,,,,,,,
sell_signal,,Conv1D,143,0.8137882113456726,0.9946093559265137,0.5011388659477234,6.8196001052856445,0.9941015839576721,3.0,32.0,7.0,valid,relu,he_normal,True,2.0,2.0,1,32,zeros,0.5,0.0005225940168815867,1.0,0.1,False,True,,,,,,,,
sell_signal,,Conv1D,144,0.8432114124298096,0.8507031202316284,0.5016707181930542,5.0916242599487305,0.871289074420929,3.0,32.0,7.0,valid,relu,he_normal,True,2.0,2.0,1,32,zeros,0.5,0.0001,1.0,0.9,True,True,,,,,,,,
sell_signal,,Conv1D,145,0.881542193889618,0.880859375,0.5057780146598816,5.050951957702637,0.8935156464576721,3.0,32.0,7.0,valid,relu,he_normal,True,2.0,2.0,1,32,zeros,0.5,0.0001,2.5,0.1,True,True,,,,,,,,
sell_signal,,Conv1D,146,0.5725565910339355,0.667187511920929,0.4929305911064148,5.875615119934082,0.6755077838897705,3.0,32.0,7.0,valid,relu,he_normal,True,2.0,2.0,1,32,zeros,0.5,0.0001,2.0,0.2,True,True,,,,,,,,
sell_signal,,Conv1D,147,0.9229709565639496,0.9182031154632568,0.4460934102535248,4.41325569152832,0.9298046827316284,3.0,32.0,7.0,valid,relu,he_normal,True,3.0,2.0,1,32,zeros,0.5,0.0001,3.0,0.1,True,True,,,,,,,,
sell_signal,,Conv1D,148,0.9731022000312806,0.9369531273841858,0.4771251678466797,4.40976095199585,0.9233202934265137,3.0,32.0,7.0,valid,relu,he_normal,True,3.0,2.0,1,32,zeros,0.1,0.0001,3.0,0.1,True,True,,,,,,,,
sell_signal,,Conv1D,149,0.8795354008674622,0.8353124856948853,0.548238217830658,5.0401530265808105,0.8442578315734863,3.0,32.0,7.0,valid,relu,he_normal,True,2.0,2.0,1,32,zeros,0.5,0.0001,3.0,0.1,True,True,,,,,,,,
sell_signal,,Conv1D_LSTM,000,-98.05863602161408,0.9861719012260437,0.5094401240348816,995.54248046875,0.5676953196525574,,32.0,5.0,same,gelu,glorot_normal,,3.0,1.0,1,128,zeros,0.30000000000000004,0.00028078309037793175,1.5,0.5,,,2.0,2.0,32.0,True,0.35000000000000003,0.45,,
sell_signal,,Conv1D_LSTM,001,-10.455996096134186,0.9946874976158142,0.5,119.5068359375,0.5251171588897705,,64.0,5.0,same,relu,glorot_normal,,3.0,2.0,1,64,he_normal,0.5,0.00019528654576328537,1.5,0.5,,,3.0,3.0,64.0,False,0.25,0.45,,
sell_signal,,Conv1D_LSTM,002,-3.5646326661109926,0.9946874976158142,0.5720705986022949,51.313907623291016,0.9926562309265137,,64.0,7.0,same,gelu,glorot_normal,,2.0,1.0,2,64,zeros,0.2,0.0006426228293037218,1.0,0.6,,,1.0,1.0,32.0,False,0.45,0.35000000000000003,,
sell_signal,,Conv1D_LSTM,003,-13.798061525821685,0.9946874976158142,0.5,152.927490234375,0.9951953291893005,,128.0,7.0,valid,gelu,glorot_normal,,2.0,1.0,2,128,zeros,0.4,0.0071223894490449685,2.0,0.1,,,1.0,3.0,128.0,False,0.2,0.25,,
sell_signal,,Conv1D_LSTM,004,-18.35748245716095,0.9946874976158142,0.5003141760826111,198.52484130859375,0.5717187523841858,,32.0,7.0,valid,gelu,glorot_normal,,3.0,2.0,2,96,zeros,0.1,0.000100697884207127,2.5,0.5,,,2.0,2.0,64.0,False,0.30000000000000004,0.30000000000000004,,
sell_signal,,Conv1D_LSTM,005,-1252151.2217131078,0.9883593916893005,0.4899275004863739,12521527.0,0.9316796660423279,,128.0,5.0,valid,relu,he_normal,,2.0,1.0,2,64,glorot_normal,0.4,0.000615233199987207,1.0,0.5,,,2.0,3.0,96.0,True,0.45,0.25,,
sell_signal,,Conv1D_LSTM,006,-14.812343752384187,0.9946874976158142,0.5,163.0703125,0.9950390458106995,,96.0,3.0,same,relu,glorot_normal,,3.0,1.0,1,32,he_normal,0.5,0.006353350532750873,1.0,0.6,,,1.0,3.0,128.0,False,0.25,0.4,,
sell_signal,,Conv1D_LSTM,008,-8.244403994083404,0.9946874976158142,0.5,97.39091491699219,0.9951953291893005,,32.0,5.0,same,relu,he_normal,,2.0,2.0,1,128,he_normal,0.2,0.002491419010534623,2.5,0.30000000000000004,,,3.0,2.0,96.0,False,0.2,0.35000000000000003,,
sell_signal,,Conv1D_LSTM,009,-28.162384643498807,0.0053125000558793545,0.5,286.6769714355469,0.17347656190395355,,64.0,3.0,valid,relu,glorot_normal,,3.0,2.0,1,96,glorot_normal,0.4,0.00017275684705076117,3.0,0.7000000000000001,,,3.0,3.0,128.0,False,0.4,0.30000000000000004,,
sell_signal,,Conv1D_LSTM,010,-28.30354353785515,0.9946874976158142,0.4998036324977875,297.9803466796875,0.5462109446525574,,128.0,7.0,same,gelu,glorot_normal,,3.0,1.0,1,64,zeros,0.4,0.00011998472287810798,1.5,0.4,,,2.0,2.0,64.0,True,0.35000000000000003,0.30000000000000004,,
sell_signal,,Conv1D_LSTM,011,-29.32068725824356,0.9946874976158142,0.5,308.15374755859375,0.9069140553474426,,96.0,5.0,valid,gelu,glorot_normal,,3.0,1.0,2,64,he_normal,0.5,0.0006620419808746878,1.5,0.1,,,1.0,3.0,64.0,True,0.25,0.2,,
sell_signal,,Conv1D_LSTM,012,-12.489389955997467,0.9946874976158142,0.5,139.8407745361328,0.9515625238418579,,96.0,3.0,valid,relu,he_normal,,3.0,2.0,2,32,glorot_normal,0.2,0.0005347601471523541,2.0,0.4,,,3.0,2.0,96.0,True,0.30000000000000004,0.25,,
sell_signal,,Conv1D_LSTM,014,-28.204274904727935,0.9946874976158142,0.5,296.9896240234375,0.9954296946525574,,96.0,5.0,valid,relu,he_normal,,3.0,2.0,1,32,zeros,0.1,0.0001916346897390569,1.5,0.6,,,3.0,3.0,128.0,False,0.35000000000000003,0.45,,
sell_signal,,Conv1D_LSTM,015,-741.3462991058826,0.9946874976158142,0.49626925587654114,7428.37255859375,0.9280468821525574,,32.0,5.0,valid,gelu,glorot_normal,,3.0,1.0,1,96,zeros,0.4,0.00015349183148720766,3.0,0.9,,,1.0,3.0,128.0,True,0.2,0.25,,
sell_signal,,Conv1D_LSTM,016,-3.1017911553382875,0.9946874976158142,0.5,45.964786529541016,0.9950781464576721,,128.0,7.0,valid,relu,glorot_normal,,3.0,2.0,1,96,zeros,0.1,0.0001154562309653233,3.0,0.5,,,3.0,1.0,64.0,False,0.2,0.25,,
sell_signal,,Conv1D_LSTM,017,-36.429423397779466,0.9946874976158142,0.49870404601097107,379.2281494140625,0.5348437428474426,,96.0,5.0,valid,gelu,glorot_normal,,3.0,2.0,1,32,zeros,0.5,0.00011761309742767026,1.5,0.5,,,1.0,2.0,64.0,True,0.30000000000000004,0.45,,
sell_signal,,Conv1D_LSTM,018,-1.1879735112190248,0.9946874976158142,0.4945719242095947,26.772329330444336,0.9948437213897705,,32.0,3.0,same,relu,he_normal,,3.0,2.0,2,64,he_normal,0.2,0.001772507252479043,1.0,0.6,,,3.0,1.0,32.0,False,0.4,0.30000000000000004,,
sell_signal,,Conv1D_LSTM,019,-8.792121958732604,0.9946874976158142,0.5049874186515808,102.91796875,0.8940234184265137,,64.0,5.0,same,relu,glorot_normal,,2.0,2.0,2,64,glorot_normal,0.2,0.000642144054857491,1.0,0.2,,,2.0,1.0,128.0,True,0.25,0.30000000000000004,,
sell_signal,,Conv1D_LSTM,020,-0.6119805216789245,0.9946874976158142,0.49327075481414795,20.999387741088867,0.9950390458106995,,128.0,3.0,valid,gelu,glorot_normal,,2.0,1.0,2,96,he_normal,0.1,0.00829014608439077,1.5,0.7000000000000001,,,2.0,1.0,32.0,False,0.25,0.25,,
sell_signal,,Conv1D_LSTM,022,-179.9458398461342,0.9946874976158142,0.5,1814.4052734375,0.5481640696525574,,96.0,5.0,same,relu,he_normal,,2.0,2.0,2,96,zeros,0.30000000000000004,0.0001688225189917974,2.5,0.6,,,2.0,3.0,64.0,True,0.45,0.35000000000000003,,
sell_signal,,Conv1D_LSTM,023,-4.417267000675201,0.9946874976158142,0.5,59.119544982910156,0.9950390458106995,,32.0,5.0,same,gelu,glorot_normal,,3.0,2.0,1,128,he_normal,0.5,0.0016102851161552349,3.0,0.1,,,2.0,3.0,32.0,False,0.2,0.30000000000000004,,
sell_signal,,Conv1D_LSTM,024,-632.0807952702046,0.9939844012260437,0.49973204731941223,6335.7451171875,0.7678515911102295,,128.0,3.0,valid,gelu,he_normal,,3.0,2.0,1,96,he_normal,0.2,0.0003918641276645972,2.5,0.4,,,1.0,3.0,128.0,False,0.30000000000000004,0.30000000000000004,,
sell_signal,,Conv1D_LSTM,025,-18.063045656681062,0.9946874976158142,0.5,195.57733154296875,0.9951171875,,128.0,5.0,same,relu,glorot_normal,,3.0,2.0,1,96,zeros,0.5,0.0001074112012223909,2.5,0.6,,,2.0,3.0,96.0,False,0.30000000000000004,0.35000000000000003,,
sell_signal,,Conv1D_LSTM,026,-2.3303148627281187,0.9946874976158142,0.5049296617507935,38.299320220947266,0.9950000047683716,,96.0,7.0,valid,gelu,glorot_normal,,2.0,2.0,1,128,glorot_normal,0.4,0.00042865485672462857,2.0,0.7000000000000001,,,3.0,1.0,32.0,True,0.4,0.25,,
sell_signal,,Conv1D_LSTM,027,-1198302.068288052,0.805859386920929,0.5258525609970093,11983034.0,0.6499609351158142,,96.0,5.0,same,gelu,he_normal,,3.0,1.0,2,64,zeros,0.5,0.002596905757124934,3.0,0.2,,,1.0,1.0,96.0,False,0.45,0.2,,
sell_signal,,Conv1D_LSTM,028,-12.45062347650528,0.9946874976158142,0.5,139.45310974121094,0.9201562404632568,,32.0,3.0,same,gelu,he_normal,,2.0,2.0,1,32,he_normal,0.30000000000000004,0.0010413788678113095,1.5,0.30000000000000004,,,2.0,2.0,96.0,True,0.25,0.25,,
sell_signal,,Conv1D_LSTM,030,-6.5127768337726595,0.9946874976158142,0.4006388485431671,79.0810317993164,0.8126562237739563,,96.0,5.0,same,gelu,he_normal,,3.0,1.0,2,96,glorot_normal,0.1,0.0028168240891253142,1.0,0.9,,,2.0,1.0,32.0,False,0.4,0.35000000000000003,,
sell_signal,,Conv1D_LSTM,031,-9.090351259708404,0.9946874976158142,0.5,105.85038757324219,0.9947656393051147,,128.0,7.0,valid,relu,glorot_normal,,2.0,1.0,1,32,glorot_normal,0.1,0.006756163745376442,2.5,0.4,,,2.0,2.0,128.0,False,0.35000000000000003,0.30000000000000004,,
sell_signal,,Conv1D_LSTM,032,-6.030106365680695,0.9946874976158142,0.4796922206878662,75.04486083984375,0.8179296851158142,,64.0,5.0,same,gelu,glorot_normal,,3.0,2.0,1,32,zeros,0.5,0.0005420766784463195,1.0,0.7000000000000001,,,2.0,1.0,96.0,True,0.30000000000000004,0.4,,
sell_signal,,Conv1D_LSTM,033,-13.16197601556778,0.9946874976158142,0.5,146.56663513183594,0.9287499785423279,,32.0,7.0,valid,gelu,glorot_normal,,2.0,2.0,2,32,zeros,0.2,0.0003570998050601327,2.5,0.2,,,3.0,2.0,96.0,False,0.30000000000000004,0.4,,
sell_signal,,Conv1D_LSTM,034,-24.61887880116701,0.017890624701976776,0.5769863724708557,252.13755798339844,0.32710936665534973,,96.0,7.0,same,relu,he_normal,,3.0,2.0,1,64,zeros,0.5,0.0002452623218992339,2.0,0.2,,,2.0,1.0,96.0,True,0.30000000000000004,0.4,,
sell_signal,,Conv1D_LSTM,035,-11.65491350889206,0.9946874976158142,0.5031532049179077,131.5275421142578,0.9544140696525574,,96.0,3.0,same,relu,glorot_normal,,2.0,2.0,2,64,glorot_normal,0.2,0.00013125030310243128,1.0,0.30000000000000004,,,2.0,1.0,128.0,True,0.4,0.25,,
sell_signal,,Conv1D_LSTM,037,-6.78108764886856,0.9946874976158142,0.5,82.75775146484375,0.9947265386581421,,96.0,5.0,valid,gelu,glorot_normal,,3.0,1.0,1,96,he_normal,0.30000000000000004,0.005594661103196281,2.5,0.1,,,3.0,2.0,96.0,True,0.4,0.25,,
sell_signal,,Conv1D_LSTM,038,-26.36775451898575,0.9946874976158142,0.5,278.6244201660156,0.5164843797683716,,32.0,5.0,same,gelu,glorot_normal,,2.0,1.0,2,32,zeros,0.30000000000000004,0.0005342767472521939,1.5,0.6,,,2.0,3.0,32.0,False,0.45,0.35000000000000003,,
sell_signal,,Conv1D_LSTM,039,-1.7438006520271303,0.9946874976158142,0.49532151222229004,32.338096618652344,0.994921863079071,,64.0,5.0,same,gelu,glorot_normal,,2.0,1.0,2,64,glorot_normal,0.30000000000000004,0.0017259745092203106,1.5,0.6,,,3.0,1.0,32.0,True,0.35000000000000003,0.25,,
sell_signal,,Conv1D_LSTM,040,-15.903861391544343,0.9946874976158142,0.5,173.98548889160156,0.9949609637260437,,96.0,5.0,same,relu,glorot_normal,,3.0,1.0,1,32,he_normal,0.30000000000000004,0.0013960944101282333,1.0,0.8,,,3.0,3.0,96.0,True,0.30000000000000004,0.45,,
sell_signal,,Conv1D_LSTM,041,-9.951243960857392,0.9925000071525574,0.39744865894317627,113.41192626953125,0.6460546851158142,,96.0,3.0,same,gelu,he_normal,,2.0,1.0,2,96,zeros,0.5,0.00014304873855982043,3.0,0.7000000000000001,,,2.0,1.0,64.0,True,0.2,0.35000000000000003,,
sell_signal,,Conv1D_LSTM,042,-2.9636777520179747,0.9946874976158142,0.5,44.58365249633789,0.9949609637260437,,96.0,7.0,same,relu,glorot_normal,,2.0,2.0,2,32,zeros,0.30000000000000004,0.004179706358511756,3.0,0.4,,,3.0,1.0,128.0,False,0.35000000000000003,0.30000000000000004,,
sell_signal,,Conv1D_LSTM,043,-27077717.014013313,0.904296875,0.48168981075286865,270777184.0,0.6788281202316284,,32.0,7.0,valid,relu,he_normal,,3.0,1.0,1,96,he_normal,0.5,0.002262219170980031,2.5,0.9,,,3.0,2.0,64.0,True,0.2,0.2,,
sell_signal,,Conv1D_LSTM,045,-8.597222685813904,0.9946874976158142,0.5323039889335632,101.24214172363281,0.9914844036102295,,96.0,3.0,same,relu,glorot_normal,,3.0,1.0,2,96,glorot_normal,0.2,0.0008905259819768822,1.5,0.6,,,3.0,1.0,128.0,False,0.2,0.25,,
sell_signal,,Conv1D_LSTM,047,-3632.6058470606804,0.9946874976158142,0.5010279417037964,36341.015625,0.9639843702316284,,96.0,7.0,same,relu,he_normal,,3.0,2.0,1,128,glorot_normal,0.1,0.0036533709397454893,2.5,0.8,,,2.0,3.0,32.0,True,0.2,0.45,,
sell_signal,,Conv1D_LSTM,048,-3899314.3974655927,0.7389843463897705,0.46355006098747253,38993156.0,0.6891015768051147,,64.0,5.0,same,relu,he_normal,,3.0,1.0,1,64,glorot_normal,0.2,0.00011709124137255059,1.0,0.5,,,2.0,3.0,64.0,False,0.45,0.35000000000000003,,
sell_signal,,Conv1D_LSTM,049,-16.257482302188873,0.9946874976158142,0.5,177.52169799804688,0.9947656393051147,,64.0,7.0,same,relu,glorot_normal,,2.0,2.0,2,64,zeros,0.1,0.002248334710665683,1.5,0.4,,,1.0,3.0,96.0,False,0.45,0.4,,
sell_signal,,Conv1D_LSTM,050,-2.082791638374329,0.9946874976158142,0.5233120322227478,36.007911682128906,0.9722656011581421,,128.0,7.0,valid,relu,glorot_normal,,2.0,2.0,1,32,he_normal,0.2,0.00012112172105485867,1.5,0.5,,,1.0,1.0,32.0,True,0.4,0.2,,
sell_signal,,Conv1D_LSTM,051,-8.979979860782624,0.9946874976158142,0.5,104.74667358398438,0.9869140386581421,,32.0,3.0,valid,gelu,glorot_normal,,2.0,2.0,1,64,he_normal,0.1,0.0011851307653475837,2.5,0.5,,,1.0,2.0,32.0,True,0.25,0.4,,
sell_signal,,Conv1D_LSTM,052,-205.06781861782073,0.9920312762260437,0.5345348715782166,2065.94384765625,0.868359386920929,,32.0,5.0,valid,gelu,glorot_normal,,3.0,1.0,1,96,glorot_normal,0.1,0.0006438017060958744,3.0,0.4,,,1.0,2.0,64.0,True,0.30000000000000004,0.35000000000000003,,
sell_signal,,Conv1D_LSTM,053,-86.1796932220459,0.742968738079071,0.4852970242500305,874.07958984375,0.680859386920929,,64.0,3.0,valid,relu,he_normal,,2.0,1.0,1,128,glorot_normal,0.2,0.00012982342634960264,2.0,0.6,,,3.0,2.0,32.0,False,0.2,0.35000000000000003,,
sell_signal,,Conv1D_LSTM,054,-8.401461946964265,0.9946874976158142,0.5,98.96149444580078,0.9947656393051147,,64.0,7.0,same,relu,glorot_normal,,2.0,2.0,2,32,glorot_normal,0.2,0.006172427728586157,3.0,0.4,,,2.0,2.0,128.0,True,0.30000000000000004,0.45,,
sell_signal,,Conv1D_LSTM,055,-2.8450182676315308,0.9942968487739563,0.5624411702156067,44.01756286621094,0.9599609375,,96.0,5.0,same,gelu,he_normal,,2.0,2.0,1,96,glorot_normal,0.4,0.00023815976224610507,2.0,0.9,,,1.0,1.0,32.0,True,0.2,0.45,,
sell_signal,,Conv1D_LSTM,056,-6.323880386352539,0.9946874976158142,0.543060839176178,78.61628723144531,0.925000011920929,,32.0,3.0,valid,gelu,he_normal,,3.0,2.0,1,128,glorot_normal,0.30000000000000004,0.001378263248778274,1.5,0.4,,,2.0,1.0,96.0,True,0.30000000000000004,0.25,,
sell_signal,,Conv1D_LSTM,057,-4.213107454776764,0.9946874976158142,0.5,57.07794952392578,0.9949609637260437,,64.0,5.0,same,relu,he_normal,,3.0,2.0,1,32,he_normal,0.2,0.007083352517783958,3.0,0.2,,,3.0,2.0,64.0,True,0.25,0.35000000000000003,,
sell_signal,,Conv1D_LSTM,058,-2114.1081588387487,0.9932031035423279,0.5009818077087402,21156.0234375,0.9923046827316284,,128.0,5.0,valid,relu,he_normal,,2.0,2.0,1,96,he_normal,0.30000000000000004,0.005227316838512897,1.5,0.1,,,1.0,1.0,64.0,True,0.35000000000000003,0.45,,
sell_signal,,Conv1D_LSTM,060,-20.08977780267596,0.02656250074505806,0.5164783000946045,206.32818603515625,0.3033203184604645,,96.0,3.0,valid,relu,he_normal,,3.0,2.0,1,96,glorot_normal,0.1,0.0005908066495367975,1.0,0.1,,,1.0,1.0,96.0,True,0.4,0.30000000000000004,,
sell_signal,,Conv1D_LSTM,061,-5.967363893985748,0.9946874976158142,0.5,74.62051391601562,0.9948828220367432,,128.0,3.0,same,gelu,glorot_normal,,2.0,2.0,2,32,zeros,0.1,0.0029262274467137263,3.0,0.2,,,1.0,2.0,64.0,False,0.45,0.2,,
sell_signal,,Conv1D_LSTM,062,-374.91000588769094,0.0053125000558793545,0.4615859091281891,3753.76904296875,0.2473437488079071,,64.0,5.0,same,relu,glorot_normal,,3.0,2.0,1,64,glorot_normal,0.5,0.00044010071253490897,1.5,0.8,,,1.0,3.0,96.0,False,0.25,0.45,,
sell_signal,,Conv1D_LSTM,064,-11.64462524652481,0.9946874976158142,0.5,131.39312744140625,0.9950000047683716,,128.0,5.0,valid,relu,glorot_normal,,2.0,1.0,2,96,glorot_normal,0.5,0.001800627430497124,1.5,0.5,,,2.0,2.0,96.0,False,0.30000000000000004,0.35000000000000003,,
sell_signal,,Conv1D_LSTM,065,-64824.59523656964,0.9921093583106995,0.4751540720462799,648260.625,0.9111328125,,64.0,5.0,same,relu,he_normal,,3.0,1.0,2,32,he_normal,0.1,0.007821401515700141,3.0,0.2,,,3.0,2.0,32.0,False,0.25,0.35000000000000003,,
sell_signal,,Conv1D_LSTM,066,-6.978972017765045,0.9946874976158142,0.5,84.7365951538086,0.9948046803474426,,32.0,7.0,valid,gelu,glorot_normal,,2.0,2.0,1,64,zeros,0.1,0.0027125012322079677,2.5,0.9,,,3.0,2.0,96.0,True,0.2,0.2,,
sell_signal,,Conv1D_LSTM,067,-2.4028032183647157,0.9945312738418579,0.4781877398490906,38.75522232055664,0.9337499737739563,,32.0,7.0,same,gelu,he_normal,,3.0,1.0,2,32,zeros,0.2,0.0011035755716780396,1.0,0.7000000000000001,,,3.0,1.0,32.0,False,0.30000000000000004,0.30000000000000004,,
sell_signal,,Conv1D_LSTM,068,-6.6596861481666565,0.9946874976158142,0.5001177787780762,81.54491424560547,0.9061718583106995,,64.0,7.0,same,gelu,glorot_normal,,2.0,1.0,2,32,zeros,0.4,0.0013908860156872532,3.0,0.1,,,2.0,1.0,128.0,True,0.30000000000000004,0.45,,
sell_signal,,Conv1D_LSTM,069,-5.645060122013092,0.9946874976158142,0.5,71.39747619628906,0.9955078363418579,,128.0,3.0,same,gelu,glorot_normal,,2.0,2.0,1,96,glorot_normal,0.1,0.001956762121160006,2.0,0.30000000000000004,,,3.0,2.0,64.0,True,0.25,0.4,,
sell_signal,,Conv1D_LSTM,070,-28.27401022911072,0.9946874976158142,0.499960720539093,297.68658447265625,0.9947656393051147,,64.0,3.0,valid,gelu,glorot_normal,,2.0,2.0,1,128,zeros,0.2,0.0002747260640015175,2.5,0.5,,,2.0,2.0,128.0,True,0.30000000000000004,0.2,,
sell_signal,,Conv1D_LSTM,071,-6.469885408878326,0.9946874976158142,0.5,79.6457290649414,0.9952343702316284,,64.0,3.0,same,gelu,glorot_normal,,3.0,2.0,2,64,he_normal,0.2,0.003827419112302104,2.0,0.1,,,3.0,2.0,96.0,False,0.30000000000000004,0.35000000000000003,,
sell_signal,,Conv1D_LSTM,072,-0.42291656732559213,0.9946874976158142,0.5,19.176040649414062,0.9953906536102295,,64.0,3.0,same,relu,he_normal,,3.0,2.0,1,96,zeros,0.1,0.001295758537401435,3.0,0.2,,,2.0,1.0,32.0,False,0.2,0.45,,
sell_signal,,Conv1D_LSTM,073,-1.7622005462646486,0.9946874976158142,0.4254489541053772,31.8233699798584,0.9951562285423279,,96.0,5.0,valid,gelu,glorot_normal,,3.0,2.0,1,64,zeros,0.1,0.003009543316227471,1.0,0.4,,,3.0,1.0,64.0,True,0.4,0.2,,
sell_signal,,Conv1D_LSTM,074,-5.894336229562759,0.9946874976158142,0.498821884393692,73.87845611572266,0.8238281011581421,,96.0,3.0,valid,gelu,glorot_normal,,2.0,2.0,2,128,glorot_normal,0.4,0.00013509564982272783,1.5,0.1,,,2.0,1.0,32.0,False,0.30000000000000004,0.30000000000000004,,
sell_signal,,Conv1D_LSTM,075,-55.905294191837314,0.9946874976158142,0.5,573.9998168945312,0.9205077886581421,,96.0,5.0,same,gelu,glorot_normal,,3.0,2.0,1,32,zeros,0.1,0.00048676079674438253,2.5,0.9,,,1.0,3.0,128.0,True,0.2,0.35000000000000003,,
sell_signal,,Conv1D_LSTM,076,-2.4521154046058653,0.9946874976158142,0.5,39.4680290222168,0.9950390458106995,,128.0,5.0,same,relu,glorot_normal,,3.0,2.0,1,32,he_normal,0.2,0.0026472835351361644,2.0,0.2,,,2.0,3.0,32.0,False,0.2,0.45,,
sell_signal,,Conv1D_LSTM,077,-1.4661524116992952,0.9946093559265137,0.49175307154655457,29.525148391723633,0.8146874904632568,,96.0,7.0,same,gelu,glorot_normal,,2.0,2.0,1,96,zeros,0.1,0.0006035365857060101,2.5,0.9,,,3.0,1.0,32.0,True,0.35000000000000003,0.35000000000000003,,
sell_signal,,Conv1D_LSTM,078,-910.0265831589699,0.9943749904632568,0.492323100566864,9115.1328125,0.9060156345367432,,32.0,3.0,same,gelu,glorot_normal,,3.0,1.0,1,128,zeros,0.4,0.00011581225034054408,2.5,0.2,,,1.0,3.0,128.0,True,0.2,0.4,,
sell_signal,,Conv1D_LSTM,079,-4.427995836734771,0.9946874976158142,0.5342369079589844,59.5692024230957,0.9952734112739563,,32.0,3.0,same,gelu,he_normal,,2.0,2.0,2,96,zeros,0.1,0.0016054098826187482,1.0,0.6,,,3.0,1.0,64.0,False,0.25,0.30000000000000004,,
sell_signal,,Conv1D_LSTM,080,-10.758220064640046,0.9946874976158142,0.5,122.5290756225586,0.9951953291893005,,96.0,5.0,same,gelu,glorot_normal,,3.0,2.0,1,128,he_normal,0.30000000000000004,0.0012523475595748173,2.5,0.1,,,1.0,2.0,64.0,True,0.45,0.30000000000000004,,
sell_signal,,Conv1D_LSTM,081,-27.57151733636856,0.9946874976158142,0.5,290.66204833984375,0.7737500071525574,,128.0,3.0,same,relu,glorot_normal,,2.0,2.0,2,32,he_normal,0.4,0.00038086977413635456,1.0,0.7000000000000001,,,3.0,3.0,128.0,False,0.25,0.45,,
sell_signal,,Conv1D_LSTM,082,-11.534162294864654,0.9946874976158142,0.5,130.2884979248047,0.8100390434265137,,64.0,3.0,same,relu,glorot_normal,,2.0,2.0,1,128,glorot_normal,0.2,0.00015506495091903772,3.0,0.30000000000000004,,,3.0,3.0,64.0,False,0.2,0.45,,
sell_signal,,Conv1D_LSTM,083,-24.420223391056062,0.9946874976158142,0.5,259.14910888671875,0.9353906512260437,,128.0,3.0,valid,gelu,glorot_normal,,3.0,1.0,2,32,glorot_normal,0.2,0.0009218188824269163,2.0,0.1,,,2.0,2.0,128.0,True,0.30000000000000004,0.30000000000000004,,
sell_signal,,Conv1D_LSTM,084,-38447.8010915637,0.9876562356948853,0.5206272006034851,384493.09375,0.7532421946525574,,64.0,7.0,same,gelu,he_normal,,2.0,2.0,1,96,glorot_normal,0.1,0.01,3.0,0.1,,,2.0,3.0,64.0,True,0.2,0.45,,
sell_signal,,Conv1D_LSTM,085,-5.2129464745521545,0.9946874976158142,0.5,67.07633972167969,0.9951953291893005,,96.0,3.0,same,relu,he_normal,,2.0,2.0,1,32,he_normal,0.1,0.004899781939758687,2.5,0.1,,,3.0,1.0,128.0,False,0.30000000000000004,0.45,,
sell_signal,,Conv1D_LSTM,086,-130.48805908197536,0.0053125000558793545,0.5,1309.9337158203125,0.3799999952316284,,96.0,3.0,valid,gelu,glorot_normal,,2.0,1.0,2,96,zeros,0.30000000000000004,0.0001,2.5,0.9,,,1.0,3.0,96.0,False,0.2,0.35000000000000003,,
sell_signal,,Conv1D_LSTM,087,-1.5003175377845763,0.9946874976158142,0.5,29.950050354003906,0.9953906536102295,,128.0,5.0,same,relu,he_normal,,3.0,2.0,2,32,zeros,0.1,0.004374823372742415,1.5,0.4,,,3.0,2.0,32.0,True,0.25,0.45,,
sell_signal,,Conv1D_LSTM,088,-3.6348586559295653,0.9946874976158142,0.4988611340522766,51.28407287597656,0.994921863079071,,128.0,7.0,valid,gelu,glorot_normal,,2.0,2.0,1,128,he_normal,0.1,0.0009045694083698481,2.5,0.1,,,3.0,1.0,64.0,False,0.45,0.2,,
sell_signal,,Conv1D_LSTM,089,-39.815093386173245,0.9946874976158142,0.5,413.0978088378906,0.6516015529632568,,32.0,3.0,valid,gelu,glorot_normal,,3.0,2.0,1,64,zeros,0.30000000000000004,0.001444343950627475,1.5,0.1,,,1.0,3.0,96.0,False,0.2,0.2,,
sell_signal,,Conv1D_LSTM,090,-22.740494384709745,0.0053125000558793545,0.5,232.45806884765625,0.298828125,,96.0,3.0,same,relu,glorot_normal,,3.0,2.0,1,32,he_normal,0.4,0.0013313675357517958,1.5,0.2,,,3.0,3.0,128.0,True,0.35000000000000003,0.45,,
sell_signal,,Conv1D_LSTM,091,-7.982838594913483,0.9946874976158142,0.5,94.77526092529297,0.9756640791893005,,128.0,7.0,same,gelu,glorot_normal,,3.0,2.0,2,128,zeros,0.4,0.0012875307114814474,1.0,0.6,,,1.0,3.0,32.0,True,0.2,0.45,,
sell_signal,,Conv1D_LSTM,092,-14.470371401309967,0.9946874976158142,0.5,159.6505889892578,0.9932422041893005,,128.0,7.0,valid,gelu,glorot_normal,,2.0,2.0,2,32,zeros,0.1,0.0002783022706443725,1.5,0.9,,,3.0,2.0,96.0,False,0.25,0.2,,
sell_signal,,Conv1D_LSTM,093,-1.9231921553611757,0.9946874976158142,0.45239126682281494,33.70270919799805,0.9949609637260437,,32.0,3.0,valid,gelu,he_normal,,2.0,2.0,1,96,glorot_normal,0.1,0.0008213327624806651,2.0,0.1,,,3.0,1.0,32.0,True,0.45,0.25,,
sell_signal,,Conv1D_LSTM,094,-5.077868163585663,0.9946874976158142,0.5050734281539917,65.77629089355469,0.7995703220367432,,128.0,7.0,valid,gelu,glorot_normal,,2.0,2.0,1,128,zeros,0.5,0.00021585044962630495,1.0,0.30000000000000004,,,3.0,1.0,64.0,True,0.45,0.35000000000000003,,
sell_signal,,Conv1D_LSTM,095,-5.308253192901612,0.9943749904632568,0.4030892848968506,67.05717468261719,0.9300390481948853,,32.0,7.0,same,gelu,glorot_normal,,2.0,2.0,1,32,zeros,0.1,0.0003684163873048741,2.5,0.4,,,1.0,1.0,96.0,True,0.2,0.2,,
sell_signal,,Conv1D_LSTM,096,-1126.8615710377694,0.977343738079071,0.5073742866516113,11283.462890625,0.6933203339576721,,32.0,3.0,valid,gelu,glorot_normal,,3.0,2.0,1,96,zeros,0.30000000000000004,0.0001,3.0,0.9,,,1.0,3.0,128.0,True,0.35000000000000003,0.30000000000000004,,
sell_signal,,Conv1D_LSTM,097,-28.94231081008911,0.9946874976158142,0.48859983682632446,304.2559814453125,0.8254687786102295,,64.0,5.0,same,gelu,glorot_normal,,2.0,2.0,1,96,he_normal,0.5,0.0005161774153918076,1.0,0.2,,,1.0,2.0,96.0,False,0.2,0.45,,
sell_signal,,Conv1D_LSTM,098,-9.095190584659576,0.9946874976158142,0.5,105.8987808227539,0.9951953291893005,,128.0,3.0,valid,relu,glorot_normal,,3.0,2.0,2,128,zeros,0.1,0.0021893815618441947,2.0,0.9,,,3.0,2.0,96.0,False,0.35000000000000003,0.45,,
sell_signal,,Conv1D_LSTM,099,-7.162529146671295,0.9946874976158142,0.5,86.5721664428711,0.9955468773841858,,32.0,5.0,same,gelu,glorot_normal,,2.0,2.0,1,32,zeros,0.1,0.01,2.0,0.8,,,3.0,3.0,128.0,True,0.35000000000000003,0.25,,
sell_signal,,Conv1D_LSTM,100,-4.847794139385224,0.9946874976158142,0.5109866857528687,63.53468322753906,0.9102343916893005,,128.0,3.0,valid,gelu,glorot_normal,,2.0,2.0,2,128,glorot_normal,0.30000000000000004,0.0005247871769484407,1.0,0.9,,,1.0,1.0,32.0,True,0.45,0.2,,
sell_signal,,Conv1D_LSTM,101,-31270.670701885225,0.9946874976158142,0.5002356171607971,312721.65625,0.9948046803474426,,96.0,3.0,same,relu,he_normal,,3.0,2.0,2,128,he_normal,0.1,0.01,2.5,0.1,,,2.0,3.0,64.0,True,0.2,0.45,,
sell_signal,,Conv1D_LSTM,102,-2.236993616819382,0.9946874976158142,0.4427207410335541,36.7440185546875,0.9374609589576721,,96.0,3.0,same,gelu,glorot_normal,,3.0,1.0,2,32,glorot_normal,0.2,0.0004727385311278564,1.0,0.8,,,3.0,1.0,32.0,False,0.25,0.45,,
sell_signal,,Conv1D_LSTM,103,-3.226411211490631,0.9946874976158142,0.5,47.21098709106445,0.9950781464576721,,128.0,5.0,same,relu,he_normal,,2.0,2.0,1,128,zeros,0.1,0.005553604299636485,2.5,0.9,,,1.0,3.0,32.0,False,0.2,0.45,,
sell_signal,,Conv1D_LSTM,104,-1500335.5053125024,0.9946874976158142,0.5,15003370.0,0.9927343726158142,,32.0,3.0,same,gelu,he_normal,,3.0,2.0,1,128,glorot_normal,0.1,0.01,1.0,0.1,,,1.0,1.0,128.0,True,0.25,0.25,,
sell_signal,,Conv1D_LSTM,105,-11.276450502872468,0.9946874976158142,0.5,127.71138000488281,0.9948437213897705,,128.0,7.0,valid,gelu,glorot_normal,,2.0,2.0,1,64,zeros,0.1,0.0008822879277474242,3.0,0.4,,,2.0,3.0,64.0,True,0.35000000000000003,0.2,,
sell_signal,,Conv1D_LSTM,106,-11.747764434758574,0.0053125000558793545,0.5,122.53076934814453,0.2504296898841858,,64.0,3.0,same,gelu,glorot_normal,,3.0,2.0,2,32,glorot_normal,0.5,0.0001,2.5,0.1,,,2.0,3.0,32.0,True,0.2,0.30000000000000004,,
sell_signal,,Conv1D_LSTM,108,-3.443025362491608,0.9946874976158142,0.5,49.37712860107422,0.9952734112739563,,128.0,5.0,same,gelu,glorot_normal,,2.0,1.0,2,32,he_normal,0.1,0.01,1.0,0.7000000000000001,,,3.0,2.0,64.0,True,0.45,0.45,,
sell_signal,,Conv1D_LSTM,109,-9.140571296215057,0.9946874976158142,0.5034512281417847,106.38710021972656,0.9635546803474426,,64.0,3.0,valid,gelu,glorot_normal,,3.0,2.0,1,128,glorot_normal,0.30000000000000004,0.00039364296688079617,2.0,0.1,,,3.0,1.0,128.0,False,0.45,0.30000000000000004,,
sell_signal,,Conv1D_LSTM,110,-2.270610582828522,0.9946874976158142,0.5,37.65298080444336,0.9950781464576721,,32.0,3.0,same,relu,he_normal,,2.0,2.0,2,32,he_normal,0.1,0.0011468817268977783,3.0,0.1,,,3.0,2.0,32.0,True,0.2,0.45,,
sell_signal,,Conv1D_LSTM,111,-13.973391115665436,0.9946874976158142,0.5,154.6807861328125,0.816601574420929,,32.0,3.0,valid,gelu,glorot_normal,,2.0,2.0,1,32,zeros,0.1,0.000911096578493419,3.0,0.9,,,3.0,2.0,128.0,False,0.2,0.25,,
sell_signal,,Conv1D_LSTM,112,-36520.71336966753,0.9888281226158142,0.485302209854126,365221.875,0.9041796922683716,,32.0,3.0,valid,gelu,glorot_normal,,3.0,1.0,2,32,zeros,0.1,0.0001,3.0,0.5,,,1.0,3.0,128.0,True,0.2,0.2,,
sell_signal,,Conv1D_LSTM,113,-17.6403009057045,0.9946874976158142,0.5,191.34988403320312,0.9952343702316284,,128.0,7.0,same,relu,glorot_normal,,3.0,2.0,1,32,glorot_normal,0.1,0.003227423652506485,1.0,0.9,,,3.0,3.0,128.0,True,0.2,0.45,,
sell_signal,,Conv1D_LSTM,114,-6.102546417713166,0.6279687285423279,0.512460470199585,72.42975616455078,0.5231640338897705,,128.0,3.0,valid,relu,he_normal,,2.0,2.0,1,128,glorot_normal,0.1,0.0001,2.0,0.4,,,3.0,1.0,64.0,False,0.2,0.45,,
sell_signal,,Conv1D_LSTM,115,-3.7555398583412174,0.9946874976158142,0.5,52.50227355957031,0.9947265386581421,,64.0,7.0,same,gelu,glorot_normal,,3.0,2.0,1,128,zeros,0.1,0.0019082782561175965,3.0,0.6,,,1.0,3.0,32.0,False,0.2,0.45,,
sell_signal,,Conv1D_LSTM,116,-3.3212346636690198,0.0053125000558793545,0.453267365694046,37.79814529418945,0.27734375,,128.0,5.0,same,gelu,glorot_normal,,2.0,2.0,1,64,glorot_normal,0.5,0.0001,2.5,0.4,,,3.0,1.0,32.0,True,0.45,0.2,,
sell_signal,,Conv1D_LSTM,118,-2.101200258731842,0.9946874976158142,0.5,35.95887756347656,0.995312511920929,,128.0,3.0,valid,gelu,glorot_normal,,2.0,1.0,1,128,glorot_normal,0.30000000000000004,0.01,2.0,0.1,,,2.0,3.0,32.0,True,0.45,0.35000000000000003,,
sell_signal,,Conv1D_LSTM,119,-7.74345014328137,0.0053125000558793545,0.48356157541275024,82.3232421875,0.05878906324505806,,64.0,7.0,valid,gelu,glorot_normal,,2.0,2.0,2,128,zeros,0.1,0.0001,1.5,0.6,,,3.0,1.0,32.0,True,0.45,0.2,,
sell_signal,,Conv1D_LSTM,120,-4.827253878116608,0.9946874976158142,0.5,63.21941375732422,0.9951953291893005,,32.0,5.0,same,relu,glorot_normal,,3.0,2.0,1,32,glorot_normal,0.1,0.01,3.0,0.1,,,3.0,3.0,96.0,False,0.2,0.45,,
sell_signal,,Conv1D_LSTM,121,0.052833592891693204,0.9946874976158142,0.5,14.418539047241211,0.9950000047683716,,32.0,5.0,same,gelu,glorot_normal,,3.0,2.0,2,32,zeros,0.1,0.007044325181206327,1.0,0.9,,,3.0,1.0,32.0,False,0.45,0.25,,
sell_signal,,Conv1D_LSTM,122,-160.06310791010037,0.0053125000558793545,0.5,1605.6842041015625,0.17316406965255737,,128.0,3.0,valid,gelu,glorot_normal,,3.0,1.0,1,128,zeros,0.2,0.0001,3.0,0.5,,,1.0,3.0,128.0,True,0.2,0.2,,
sell_signal,,Conv1D_LSTM,123,-28.521071779727937,0.9946874976158142,0.5,300.1575927734375,0.9952734112739563,,32.0,7.0,valid,gelu,glorot_normal,,2.0,2.0,1,64,zeros,0.1,0.0006099919187982079,1.5,0.9,,,2.0,3.0,128.0,True,0.2,0.4,,
sell_signal,,Conv1D_LSTM,124,-0.15248275995254512,0.9946874976158142,0.5,16.471702575683594,0.9951562285423279,,128.0,7.0,same,relu,he_normal,,3.0,2.0,1,32,he_normal,0.1,0.01,3.0,0.1,,,3.0,1.0,32.0,True,0.45,0.45,,
sell_signal,,Conv1D_LSTM,125,-12.680126345157623,0.9946874976158142,0.5,141.74813842773438,0.7959374785423279,,96.0,3.0,same,gelu,glorot_normal,,3.0,2.0,1,128,he_normal,0.5,0.0001,1.5,0.5,,,2.0,3.0,32.0,False,0.2,0.45,,
sell_signal,,Conv1D_LSTM,126,-2.9436935663223265,0.9663281440734863,0.5192774534225464,44.292991638183594,0.9132031202316284,,32.0,3.0,valid,gelu,glorot_normal,,2.0,1.0,1,128,zeros,0.1,0.0001,2.0,0.5,,,2.0,1.0,32.0,False,0.2,0.4,,
sell_signal,,Conv1D_LSTM,127,-84.23808916807175,0.8828125,0.4808195233345032,856.0172119140625,0.6019921898841858,,128.0,7.0,same,relu,he_normal,,3.0,2.0,1,128,zeros,0.1,0.00014487840647376367,3.0,0.4,,,1.0,2.0,32.0,True,0.2,0.45,,
sell_signal,,Conv1D_LSTM,128,-26.782497560977937,0.9946874976158142,0.5,282.7718505859375,0.9952343702316284,,128.0,3.0,valid,relu,glorot_normal,,3.0,2.0,2,32,zeros,0.1,0.0001,3.0,0.30000000000000004,,,3.0,3.0,128.0,False,0.4,0.2,,
sell_signal,,Conv1D_LSTM,129,-4.951596987247467,0.9946874976158142,0.5,64.46284484863281,0.8772265911102295,,128.0,3.0,same,gelu,glorot_normal,,2.0,1.0,2,32,glorot_normal,0.5,0.0011617469123556096,1.0,0.1,,,1.0,2.0,32.0,True,0.2,0.2,,
sell_signal,,Conv1D_LSTM,130,-7.149840569496154,0.876953125,0.5072120428085327,85.34005737304688,0.5356249809265137,,32.0,3.0,same,gelu,he_normal,,2.0,2.0,2,128,zeros,0.5,0.0005009199719266219,2.0,0.5,,,1.0,1.0,32.0,True,0.45,0.45,,
sell_signal,,Conv1D_LSTM,131,-4.97088485956192,0.9946874976158142,0.5,64.65572357177734,0.9951953291893005,,128.0,3.0,valid,gelu,glorot_normal,,3.0,2.0,1,32,he_normal,0.1,0.01,3.0,0.1,,,3.0,2.0,128.0,True,0.45,0.2,,
sell_signal,,Conv1D_LSTM,132,-34.87502380609512,0.9946874976158142,0.5,363.6971130371094,0.6060546636581421,,64.0,3.0,same,gelu,glorot_normal,,3.0,2.0,1,32,zeros,0.5,0.0001,1.5,0.7000000000000001,,,3.0,3.0,128.0,False,0.2,0.45,,
sell_signal,,Conv1D_LSTM,133,-1.7686238884925842,0.9946874976158142,0.5,32.633113861083984,0.9953515529632568,,32.0,3.0,same,relu,he_normal,,2.0,2.0,1,128,he_normal,0.1,0.01,2.0,0.1,,,3.0,3.0,32.0,False,0.2,0.45,,
sell_signal,,Conv1D_LSTM,134,-3.2747984766960148,0.8029687404632568,0.5276122689247131,46.053794860839844,0.609375,,128.0,7.0,valid,gelu,glorot_normal,,2.0,2.0,1,128,zeros,0.4,0.0001,3.0,0.9,,,1.0,1.0,32.0,False,0.45,0.2,,
sell_signal,,Conv1D_LSTM,135,-7.254585415124893,0.9946874976158142,0.4938644468784332,87.4313735961914,0.7893750071525574,,64.0,7.0,valid,gelu,glorot_normal,,2.0,2.0,1,32,zeros,0.1,0.0005911338920268431,2.5,0.9,,,3.0,1.0,128.0,True,0.45,0.2,,
sell_signal,,Conv1D_LSTM,136,-0.7882185578346252,0.9946874976158142,0.5185446739196777,23.014507293701172,0.9951171875,,32.0,7.0,same,gelu,glorot_normal,,3.0,1.0,2,32,zeros,0.1,0.002788484667791733,1.0,0.1,,,3.0,1.0,32.0,True,0.4,0.45,,
sell_signal,,Conv1D_LSTM,137,-1678.6914137721062,0.9945312738418579,0.44569557905197144,16801.31640625,0.9608593583106995,,128.0,5.0,same,relu,glorot_normal,,3.0,2.0,1,128,zeros,0.1,0.01,2.0,0.9,,,1.0,3.0,32.0,True,0.35000000000000003,0.45,,
sell_signal,,Conv1D_LSTM,138,-123.03231445550918,0.9946874976158142,0.5,1245.27001953125,0.9223828315734863,,32.0,7.0,valid,gelu,glorot_normal,,2.0,2.0,1,96,zeros,0.1,0.0001,3.0,0.9,,,1.0,3.0,128.0,False,0.2,0.2,,
sell_signal,,Conv1D_LSTM,139,-4.5260980248451235,0.9946874976158142,0.5,60.207855224609375,0.9939844012260437,,128.0,5.0,same,relu,glorot_normal,,2.0,2.0,2,32,zeros,0.5,0.0001,2.5,0.7000000000000001,,,1.0,1.0,64.0,True,0.2,0.45,,
sell_signal,,Conv1D_LSTM,140,-8.307221126556396,0.517578125,0.5045075416564941,93.2930679321289,0.6362500190734863,,32.0,3.0,valid,gelu,glorot_normal,,3.0,2.0,1,128,zeros,0.4,0.00019622777969841257,1.5,0.1,,,1.0,1.0,32.0,True,0.45,0.2,,
sell_signal,,Conv1D_LSTM,141,-628.7000274062157,0.8283593654632568,0.5075019001960754,6300.35888671875,0.5075390338897705,,32.0,3.0,same,relu,glorot_normal,,3.0,2.0,1,32,he_normal,0.5,0.00010670600525279353,3.0,0.1,,,1.0,3.0,128.0,False,0.2,0.45,,
sell_signal,,Conv1D_LSTM,142,-2.4307912826538085,0.9946874976158142,0.5107741951942444,39.36252975463867,0.9950390458106995,,128.0,3.0,same,gelu,glorot_normal,,2.0,1.0,2,128,zeros,0.4,0.0023803606207434764,1.5,0.7000000000000001,,,3.0,1.0,32.0,False,0.45,0.25,,
sell_signal,,Conv1D_LSTM,143,-23.22243286371231,0.9946874976158142,0.5,247.17120361328125,0.9950390458106995,,128.0,3.0,same,gelu,glorot_normal,,3.0,1.0,1,32,he_normal,0.1,0.0016004553050338489,1.0,0.9,,,3.0,3.0,128.0,True,0.30000000000000004,0.45,,
sell_signal,,Conv1D_LSTM,144,-26.189891970157625,0.9946874976158142,0.5,276.8457946777344,0.9955078363418579,,128.0,3.0,valid,relu,glorot_normal,,2.0,2.0,1,96,glorot_normal,0.5,0.00133702632953993,3.0,0.5,,,1.0,3.0,128.0,False,0.45,0.45,,
sell_signal,,Conv1D_LSTM,145,-7.73256562948227,0.9946874976158142,0.49882185459136963,92.26074981689453,0.6358593702316284,,128.0,7.0,same,relu,glorot_normal,,3.0,2.0,2,32,glorot_normal,0.5,0.00010304062537127732,1.0,0.1,,,3.0,1.0,96.0,False,0.2,0.45,,
sell_signal,,Conv1D_LSTM,146,-25.936205446720123,0.9946874976158142,0.5,274.3089294433594,0.9950390458106995,,128.0,7.0,same,relu,he_normal,,2.0,2.0,2,128,glorot_normal,0.1,0.0029875863823732693,3.0,0.1,,,3.0,3.0,128.0,False,0.2,0.45,,
sell_signal,,Conv1D_LSTM,147,-10.781868898868561,0.9946874976158142,0.5,122.76556396484375,0.8341015577316284,,128.0,3.0,same,relu,glorot_normal,,3.0,2.0,1,32,he_normal,0.4,0.00010085097162925108,1.0,0.9,,,2.0,3.0,64.0,True,0.2,0.45,,
sell_signal,,Conv1D_LSTM,148,-0.9227511644363404,0.9946874976158142,0.5073627829551697,24.248014450073242,0.9950781464576721,,96.0,7.0,same,gelu,glorot_normal,,2.0,1.0,2,32,zeros,0.1,0.004597067963584693,1.5,0.2,,,3.0,1.0,32.0,False,0.2,0.2,,
sell_signal,,Conv1D_LSTM,149,-4.119741261005402,0.9946874976158142,0.5001571178436279,56.14585876464844,0.9950390458106995,,128.0,3.0,valid,gelu,glorot_normal,,3.0,1.0,2,128,he_normal,0.1,0.001990579570146214,1.5,0.1,,,3.0,1.0,64.0,True,0.45,0.2,,
sell_signal,,GRU,000,-354.7683984398842,0.9946874976158142,0.5,3562.630859375,0.9951953291893005,,,,,gelu,glorot_normal,,,,2,32,glorot_normal,0.2,0.00905127409782462,2.5,0.9,,,,,32.0,,0.4,0.2,2.0,
sell_signal,,GRU,001,-41.451744365692136,0.9946874976158142,0.5002356171607971,429.4666748046875,0.8710156083106995,,,,,relu,he_normal,,,,1,128,glorot_normal,0.30000000000000004,0.0006752863927347823,1.0,0.1,,,,,128.0,,0.15000000000000002,0.2,1.0,
sell_signal,,GRU,002,-1353.0041396021843,0.9946874976158142,0.5001963376998901,13544.990234375,0.9952734112739563,,,,,tanh,glorot_normal,,,,2,64,glorot_normal,0.4,0.004255555813913329,1.0,0.30000000000000004,,,,,96.0,,0.1,0.15000000000000002,3.0,
sell_signal,,GRU,003,-813.645346236229,0.9946874976158142,0.5018607974052429,8151.4189453125,0.7489062547683716,,,,,gelu,he_normal,,,,1,64,zeros,0.2,0.00014690651027379393,2.0,0.9,,,,,32.0,,0.15000000000000002,0.35,2.0,
sell_signal,,GRU,004,-801.6040104925632,0.9946874976158142,0.4659992754459381,8030.64697265625,0.9952734112739563,,,,,gelu,glorot_normal,,,,1,96,zeros,0.5,0.008316141310476274,3.0,0.7000000000000001,,,,,128.0,,0.2,0.2,2.0,
sell_signal,,GRU,005,-22.25731015438214,0.0053125000558793545,0.48378390073776245,227.4640655517578,0.03121093660593033,,,,,relu,he_normal,,,,1,32,he_normal,0.5,0.0003021384939866327,2.5,0.9,,,,,32.0,,0.35,0.25,1.0,
sell_signal,,GRU,006,-641.7176151394845,0.9946874976158142,0.5003926753997803,6432.126953125,0.9461718797683716,,,,,gelu,glorot_normal,,,,2,32,he_normal,0.30000000000000004,0.0010953574938066576,1.5,0.4,,,,,32.0,,0.4,0.4,2.0,
sell_signal,,GRU,007,-570.6833728253841,0.9946874976158142,0.4860021770000458,5721.640625,0.9951953291893005,,,,,tanh,he_normal,,,,1,128,glorot_normal,0.30000000000000004,0.0064974404904634625,2.0,0.8,,,,,64.0,,0.1,0.15000000000000002,2.0,
sell_signal,,GRU,008,-525.7500238656997,0.9946874976158142,0.4851226210594177,5272.29833984375,0.9586328268051147,,,,,gelu,glorot_normal,,,,2,128,zeros,0.30000000000000004,0.0009452767099282696,2.5,0.7000000000000001,,,,,96.0,,0.35,0.30000000000000004,1.0,
sell_signal,,GRU,009,-850.9975564026274,0.0053125000558793545,0.48277562856674194,8514.8564453125,0.17804688215255737,,,,,gelu,glorot_normal,,,,1,32,zeros,0.4,0.0003243806953412315,2.5,0.8,,,,,32.0,,0.25,0.1,2.0,
sell_signal,,GRU,010,-1802.0021291732787,0.9922656416893005,0.47669893503189087,18034.7109375,0.7882421612739563,,,,,tanh,glorot_normal,,,,2,128,zeros,0.30000000000000004,0.0008019212661756024,1.0,0.30000000000000004,,,,,64.0,,0.1,0.4,2.0,
sell_signal,,GRU,011,-1018.8213281273842,0.9946874976158142,0.5,10203.16015625,0.9936718940734863,,,,,gelu,he_normal,,,,2,64,glorot_normal,0.5,0.0015525209418522444,2.5,0.5,,,,,64.0,,0.25,0.1,3.0,
sell_signal,,GRU,012,-32.273936862964185,0.0053906249813735485,0.5087828636169434,327.881103515625,0.3084765672683716,,,,,relu,glorot_normal,,,,1,64,zeros,0.30000000000000004,0.00036151371126048177,2.0,0.4,,,,,64.0,,0.35,0.1,1.0,
sell_signal,,GRU,013,-245.0917382836342,0.9946874976158142,0.5,2465.8642578125,0.7277734279632568,,,,,relu,he_normal,,,,2,64,he_normal,0.4,0.00030969640670569564,2.5,0.30000000000000004,,,,,64.0,,0.1,0.4,2.0,
sell_signal,,GRU,014,-629.87017557621,0.9936718940734863,0.4912794828414917,6313.55126953125,0.6085546612739563,,,,,gelu,glorot_normal,,,,2,128,zeros,0.4,0.0004827322539144281,1.5,0.7000000000000001,,,,,96.0,,0.4,0.25,1.0,
sell_signal,,GRU,015,-200.83934570550917,0.9946874976158142,0.5,2023.34033203125,0.9949609637260437,,,,,relu,he_normal,,,,2,128,zeros,0.5,0.0008251039755551379,3.0,0.30000000000000004,,,,,128.0,,0.30000000000000004,0.2,2.0,
sell_signal,,GRU,016,-3665.867524790764,0.9946874976158142,0.5081002116203308,36673.703125,0.9821093678474426,,,,,tanh,he_normal,,,,1,64,glorot_normal,0.1,0.00026384087338560336,2.0,0.30000000000000004,,,,,64.0,,0.2,0.1,2.0,
sell_signal,,GRU,017,-7545.061622931901,0.0053125000558793545,0.5158770680427551,75455.828125,0.32847654819488525,,,,,tanh,he_normal,,,,1,128,glorot_normal,0.5,0.0002421696251742364,1.0,0.7000000000000001,,,,,96.0,,0.15000000000000002,0.35,3.0,
sell_signal,,GRU,018,-2003.4041672348976,0.5692968964576721,0.5050514936447144,20044.78515625,0.5209765434265137,,,,,tanh,glorot_normal,,,,2,96,zeros,0.30000000000000004,0.0009629861008872285,2.0,0.9,,,,,128.0,,0.2,0.1,2.0,
sell_signal,,GRU,019,-1955.8243749999442,0.0053125000558793545,0.5,19563.296875,0.056328125298023224,,,,,gelu,he_normal,,,,2,32,glorot_normal,0.2,0.0005347601471523541,2.0,0.4,,,,,96.0,,0.25,0.15000000000000002,3.0,
sell_signal,,GRU,020,-50.06462036371231,0.9946874976158142,0.5,515.5930786132812,0.9794140458106995,,,,,relu,glorot_normal,,,,1,32,glorot_normal,0.5,0.001998823411028348,2.0,0.2,,,,,32.0,,0.25,0.30000000000000004,3.0,
sell_signal,,GRU,021,-533.4617950260639,0.9946874976158142,0.4772088825702667,5349.3369140625,0.9897265434265137,,,,,gelu,he_normal,,,,1,128,he_normal,0.30000000000000004,0.0012633033032926032,1.0,0.8,,,,,32.0,,0.15000000000000002,0.25,2.0,
sell_signal,,GRU,022,-6544.482271558047,0.9946874976158142,0.49218156933784485,65459.69140625,0.7301952838897705,,,,,tanh,he_normal,,,,2,32,zeros,0.2,0.00016560330324823594,1.0,0.4,,,,,128.0,,0.15000000000000002,0.25,2.0,
sell_signal,,GRU,023,-2.288545000553131,0.9946874976158142,0.5,37.83232498168945,0.9954296946525574,,,,,relu,glorot_normal,,,,1,128,glorot_normal,0.5,0.005198673201549641,3.0,0.1,,,,,32.0,,0.35,0.25,2.0,
sell_signal,,GRU,024,-107.65761024355888,0.9946874976158142,0.4775484502315521,1091.2984619140625,0.9948437213897705,,,,,gelu,glorot_normal,,,,2,128,he_normal,0.4,0.0036990629351355588,2.5,0.1,,,,,32.0,,0.35,0.1,1.0,
sell_signal,,GRU,025,-2949.179418182373,0.905468761920929,0.48483961820602417,29505.697265625,0.6807031035423279,,,,,tanh,glorot_normal,,,,1,64,zeros,0.4,0.00030290765989813667,1.0,0.1,,,,,128.0,,0.2,0.1,1.0,
sell_signal,,GRU,026,-275.44962402582166,0.9946874976158142,0.5,2769.443115234375,0.8115624785423279,,,,,relu,he_normal,,,,2,64,he_normal,0.4,0.0013638404825740366,2.0,0.6,,,,,64.0,,0.30000000000000004,0.4,3.0,
sell_signal,,GRU,027,-2629.0615963697433,0.13249999284744263,0.5406692624092102,26297.34765625,0.369140625,,,,,gelu,glorot_normal,,,,1,64,glorot_normal,0.5,0.00031570701500918154,1.0,0.1,,,,,128.0,,0.1,0.4,2.0,
sell_signal,,GRU,028,-3909.462094962597,0.6839062571525574,0.5200144052505493,39106.66015625,0.5714452862739563,,,,,tanh,he_normal,,,,1,128,glorot_normal,0.4,0.00032149734827404113,3.0,0.30000000000000004,,,,,96.0,,0.15000000000000002,0.15000000000000002,2.0,
sell_signal,,GRU,029,-539.3389972209931,0.9946874976158142,0.4962957501411438,5408.2998046875,0.9397265911102295,,,,,gelu,glorot_normal,,,,1,32,zeros,0.2,0.0015453316687064683,1.5,0.9,,,,,32.0,,0.2,0.25,2.0,
sell_signal,,GRU,030,-650.1727216959,0.9946874976158142,0.4613017439842224,6516.287109375,0.9925781488418579,,,,,gelu,he_normal,,,,1,64,zeros,0.1,0.0005405245899425882,2.5,0.30000000000000004,,,,,32.0,,0.2,0.25,2.0,
sell_signal,,GRU,031,-795.9067913353443,0.9946874976158142,0.4700055420398712,7973.71484375,0.9951171875,,,,,gelu,glorot_normal,,,,1,64,zeros,0.2,0.006492690297457527,2.5,0.7000000000000001,,,,,128.0,,0.15000000000000002,0.1,2.0,
sell_signal,,GRU,032,-7.345221865177155,0.9946874976158142,0.5,88.39909362792969,0.9946093559265137,,,,,relu,he_normal,,,,1,32,he_normal,0.2,0.009803686089744015,1.5,0.1,,,,,128.0,,0.30000000000000004,0.15000000000000002,1.0,
sell_signal,,GRU,033,-1381.3300195336342,0.9946874976158142,0.5,13828.2470703125,0.9950000047683716,,,,,gelu,glorot_normal,,,,2,128,he_normal,0.2,0.002269730362400285,2.0,0.5,,,,,128.0,,0.4,0.25,3.0,
sell_signal,,GRU,034,-52.04981933832168,0.9946874976158142,0.5,535.445068359375,0.9951953291893005,,,,,relu,he_normal,,,,2,64,he_normal,0.5,0.0017940757181116695,2.5,0.7000000000000001,,,,,32.0,,0.1,0.4,2.0,
sell_signal,,GRU,035,-12.214580690860748,0.9946874976158142,0.5,137.09268188476562,0.4751562476158142,,,,,relu,he_normal,,,,1,64,zeros,0.4,0.0009211376149271358,2.0,0.7000000000000001,,,,,64.0,,0.30000000000000004,0.25,1.0,
sell_signal,,GRU,036,-37.43075805902481,0.9946874976158142,0.5,389.25445556640625,0.9952734112739563,,,,,relu,glorot_normal,,,,2,128,he_normal,0.4,0.00922049314969164,1.0,0.1,,,,,32.0,,0.2,0.15000000000000002,3.0,
sell_signal,,GRU,037,-2684.252604550123,0.5885937213897705,0.49708297848701477,26853.3828125,0.5980468988418579,,,,,tanh,he_normal,,,,2,128,he_normal,0.2,0.0005691214031067918,2.0,0.2,,,,,32.0,,0.4,0.35,3.0,
sell_signal,,GRU,038,-141.7141748070717,0.9946874976158142,0.5,1432.088623046875,0.986523449420929,,,,,relu,glorot_normal,,,,1,128,glorot_normal,0.2,0.00010674541740374034,1.0,0.9,,,,,96.0,,0.30000000000000004,0.2,3.0,
sell_signal,,GRU,039,-1.8477315545082091,0.9946874976158142,0.5,33.424190521240234,0.9947656393051147,,,,,relu,he_normal,,,,1,128,glorot_normal,0.1,0.00858174562522498,2.0,0.7000000000000001,,,,,32.0,,0.1,0.2,1.0,
sell_signal,,GRU,040,-4.283567202091217,0.9946874976158142,0.5,57.78254699707031,0.9951953291893005,,,,,relu,glorot_normal,,,,1,128,he_normal,0.30000000000000004,0.004310782219149909,1.0,0.8,,,,,64.0,,0.2,0.1,1.0,
sell_signal,,GRU,041,-3.6697064995765682,0.9946874976158142,0.5,51.64393997192383,0.9952734112739563,,,,,relu,glorot_normal,,,,2,96,zeros,0.4,0.01,2.0,0.1,,,,,64.0,,0.15000000000000002,0.25,1.0,
sell_signal,,GRU,042,-24.382343139592557,0.0053125000558793545,0.5,248.87655639648438,0.005625000223517418,,,,,relu,glorot_normal,,,,1,96,glorot_normal,0.1,0.0002643928820072721,3.0,0.9,,,,,32.0,,0.25,0.30000000000000004,3.0,
sell_signal,,GRU,043,-21.44638192653656,0.9946874976158142,0.500039279460907,229.4110870361328,0.9928515553474426,,,,,relu,glorot_normal,,,,1,128,zeros,0.1,0.00014035526911769747,1.0,0.9,,,,,32.0,,0.4,0.25,1.0,
sell_signal,,GRU,044,-124.68651367425919,0.9946874976158142,0.5,1261.81201171875,0.9948828220367432,,,,,relu,he_normal,,,,2,32,he_normal,0.2,0.01,3.0,0.2,,,,,32.0,,0.1,0.2,3.0,
sell_signal,,GRU,045,-3.215303575992584,0.9946874976158142,0.5,47.099910736083984,0.9948437213897705,,,,,relu,he_normal,,,,1,32,zeros,0.2,0.0013899387604023798,3.0,0.2,,,,,32.0,,0.30000000000000004,0.4,1.0,
sell_signal,,GRU,046,-102.87989746332168,0.9946874976158142,0.5,1043.745849609375,0.9948437213897705,,,,,relu,he_normal,,,,2,128,zeros,0.2,0.002746740434472299,2.0,0.9,,,,,32.0,,0.25,0.1,3.0,
sell_signal,,GRU,047,-7.219211733341217,0.9946874976158142,0.5,87.13899230957031,0.9956250190734863,,,,,relu,glorot_normal,,,,1,128,zeros,0.30000000000000004,0.01,1.0,0.1,,,,,128.0,,0.4,0.15000000000000002,1.0,
sell_signal,,GRU,048,-1.1650912880897524,0.9946874976158142,0.5,26.597787857055664,0.9946874976158142,,,,,relu,he_normal,,,,1,96,he_normal,0.5,0.01,1.0,0.1,,,,,32.0,,0.2,0.25,1.0,
sell_signal,,GRU,049,-12.616061425209045,0.9946874976158142,0.4997643828392029,141.10513305664062,0.9949609637260437,,,,,relu,glorot_normal,,,,1,128,he_normal,0.1,0.0004924390785329064,1.0,0.1,,,,,32.0,,0.15000000000000002,0.4,1.0,
sell_signal,,GRU,050,-10.048955690860748,0.9946874976158142,0.5,115.43643188476562,0.9950000047683716,,,,,relu,glorot_normal,,,,2,32,he_normal,0.5,0.00529305299279138,3.0,0.1,,,,,128.0,,0.4,0.25,1.0,
sell_signal,,GRU,051,-26.036458441615103,0.18031249940395355,0.4992538392543793,267.1602478027344,0.4005078077316284,,,,,relu,glorot_normal,,,,2,96,zeros,0.5,0.00010496186717096706,3.0,0.4,,,,,32.0,,0.4,0.30000000000000004,1.0,
sell_signal,,GRU,052,-4.337602388858795,0.9946874976158142,0.5,58.322898864746094,0.9953906536102295,,,,,relu,he_normal,,,,2,128,glorot_normal,0.5,0.01,3.0,0.9,,,,,64.0,,0.4,0.1,1.0,
sell_signal,,GRU,053,-10.886251986026764,0.9946874976158142,0.5,123.80939483642578,0.9951562285423279,,,,,relu,he_normal,,,,2,128,he_normal,0.4,0.01,1.5,0.1,,,,,128.0,,0.1,0.1,1.0,
sell_signal,,GRU,054,-82.55400024652481,0.9946874976158142,0.5,840.4868774414062,0.9951171875,,,,,relu,he_normal,,,,1,32,he_normal,0.1,0.01,1.5,0.9,,,,,32.0,,0.25,0.1,3.0,
sell_signal,,GRU,055,-39.47908830279484,0.0053125000558793545,0.49016889929771423,399.7456970214844,0.2150000035762787,,,,,relu,glorot_normal,,,,2,128,he_normal,0.2,0.0001,2.0,0.9,,,,,32.0,,0.15000000000000002,0.25,1.0,
sell_signal,,GRU,056,-125.09972168207169,0.9946874976158142,0.5,1265.944091796875,0.9952343702316284,,,,,relu,glorot_normal,,,,2,32,zeros,0.5,0.00470725764791288,3.0,0.1,,,,,32.0,,0.4,0.1,3.0,
sell_signal,,GRU,057,-284.0945947289467,0.9946874976158142,0.5,2855.892822265625,0.9833984375,,,,,relu,he_normal,,,,1,32,zeros,0.1,0.0003173123972570982,3.0,0.9,,,,,32.0,,0.4,0.25,3.0,
sell_signal,,GRU,058,-12.381849062442779,0.9946874976158142,0.5,138.76536560058594,0.9953906536102295,,,,,relu,glorot_normal,,,,2,96,zeros,0.1,0.0006839206222051798,3.0,0.1,,,,,32.0,,0.1,0.4,3.0,
sell_signal,,GRU,059,-64.45919433832168,0.9946874976158142,0.5,659.538818359375,0.9950781464576721,,,,,relu,glorot_normal,,,,2,96,he_normal,0.1,0.0094268509597577,1.0,0.9,,,,,32.0,,0.1,0.4,3.0,
sell_signal,,GRU,060,-2.6150487542152403,0.9946874976158142,0.5,41.09736251831055,0.9950390458106995,,,,,relu,glorot_normal,,,,1,128,zeros,0.1,0.00604621430709393,1.0,0.1,,,,,32.0,,0.1,0.1,3.0,
sell_signal,,GRU,061,-17.36734136343002,0.9946874976158142,0.5069042444229126,188.6893310546875,0.9878515601158142,,,,,relu,he_normal,,,,1,32,he_normal,0.1,0.00023346973595235625,3.0,0.9,,,,,32.0,,0.1,0.4,1.0,
sell_signal,,GRU,062,-91.84441162347794,0.9946874976158142,0.5,933.3909912109375,0.828125,,,,,relu,glorot_normal,,,,1,128,he_normal,0.1,0.0001,1.0,0.9,,,,,32.0,,0.4,0.1,3.0,
sell_signal,,GRU,063,-42.70373169183731,0.9946874976158142,0.5,441.98419189453125,0.9950781464576721,,,,,relu,glorot_normal,,,,2,128,zeros,0.5,0.0007115102366682777,3.0,0.1,,,,,128.0,,0.4,0.1,1.0,
sell_signal,,GRU,064,-9.347916021291166,0.0053125000558793545,0.5097277164459229,98.62956237792969,0.2957812547683716,,,,,relu,glorot_normal,,,,2,32,he_normal,0.5,0.0008824746216451319,3.0,0.1,,,,,32.0,,0.1,0.4,1.0,
sell_signal,,GRU,065,-8.633477175235749,0.9946874976158142,0.5,101.28164672851562,0.9948828220367432,,,,,relu,he_normal,,,,1,128,he_normal,0.1,0.01,1.0,0.1,,,,,128.0,,0.15000000000000002,0.4,1.0,
sell_signal,,GRU,066,-48.35488220453262,0.9946874976158142,0.5,498.4956970214844,0.9949609637260437,,,,,relu,glorot_normal,,,,2,32,he_normal,0.5,0.01,1.5,0.9,,,,,32.0,,0.1,0.1,3.0,
sell_signal,,GRU,067,-1.3210483193397522,0.9946874976158142,0.5,28.157358169555664,0.9949609637260437,,,,,relu,glorot_normal,,,,2,128,zeros,0.5,0.01,1.0,0.9,,,,,32.0,,0.4,0.4,1.0,
sell_signal,,GRU,068,-1.9593839287757873,0.9946874976158142,0.5,34.540714263916016,0.9951171875,,,,,relu,he_normal,,,,2,128,zeros,0.5,0.01,3.0,0.1,,,,,32.0,,0.4,0.4,1.0,
sell_signal,,GRU,069,-28.320027816295624,0.9946874976158142,0.507165789604187,298.21881103515625,0.9843359589576721,,,,,relu,glorot_normal,,,,1,128,zeros,0.1,0.0001,2.5,0.9,,,,,32.0,,0.1,0.4,1.0,
sell_signal,,GRU,070,-1.0514489769935609,0.9946874976158142,0.5,25.46136474609375,0.9953515529632568,,,,,relu,glorot_normal,,,,1,32,he_normal,0.5,0.01,3.0,0.9,,,,,32.0,,0.4,0.4,1.0,
sell_signal,,GRU,071,-104.49026243686676,0.9944531321525574,0.4983898997306824,1059.8310546875,0.5867968797683716,,,,,relu,glorot_normal,,,,1,128,he_normal,0.1,0.00011941298999315852,1.0,0.1,,,,,128.0,,0.4,0.1,1.0,
sell_signal,,GRU,072,-1.728455889225006,0.9946874976158142,0.5,32.2314338684082,0.994921863079071,,,,,relu,he_normal,,,,1,128,he_normal,0.1,0.002670274333211895,1.0,0.9,,,,,32.0,,0.4,0.4,1.0,
sell_signal,,GRU,073,-27.90133793950081,0.9946874976158142,0.4946117699146271,293.9063720703125,0.8466796875,,,,,relu,glorot_normal,,,,2,128,he_normal,0.5,0.00011368319756463494,1.0,0.1,,,,,32.0,,0.4,0.1,1.0,
sell_signal,,GRU,074,-144.8491845726967,0.9946874976158142,0.5,1463.438720703125,0.995312511920929,,,,,relu,he_normal,,,,1,32,zeros,0.1,0.01,3.0,0.9,,,,,32.0,,0.1,0.4,3.0,
sell_signal,,GRU,075,-75.48369364142418,0.992968738079071,0.4876503646373749,769.6431274414062,0.4906249940395355,,,,,relu,glorot_normal,,,,1,128,zeros,0.1,0.00029704123553243536,2.5,0.1,,,,,128.0,,0.4,0.4,1.0,
sell_signal,,GRU,076,-9.110226595401764,0.9946874976158142,0.5,106.04914093017578,0.9953906536102295,,,,,relu,glorot_normal,,,,2,128,zeros,0.1,0.0006775434333160217,1.0,0.1,,,,,32.0,,0.4,0.4,1.0,
sell_signal,,GRU,077,-10.776189577579498,0.9946874976158142,0.5,122.70877075195312,0.995312511920929,,,,,relu,glorot_normal,,,,1,128,he_normal,0.1,0.0031166461197865455,1.0,0.1,,,,,128.0,,0.1,0.1,1.0,
sell_signal,,GRU,078,-109.3251070022583,0.9946874976158142,0.512456476688385,1108.322509765625,0.9891015887260437,,,,,relu,glorot_normal,,,,1,128,he_normal,0.1,0.0001,1.0,0.9,,,,,128.0,,0.4,0.4,1.0,
sell_signal,,GRU,079,-10.204174196720123,0.9946874976158142,0.5,116.98861694335938,0.9953906536102295,,,,,relu,glorot_normal,,,,2,128,he_normal,0.5,0.01,3.0,0.1,,,,,128.0,,0.15000000000000002,0.4,1.0,
sell_signal,,GRU,080,-1.2743310570716857,0.9946874976158142,0.5,27.690185546875,0.9953515529632568,,,,,relu,glorot_normal,,,,2,32,he_normal,0.5,0.01,1.0,0.1,,,,,32.0,,0.4,0.1,1.0,
sell_signal,,GRU,081,-31.762175953388216,0.9946874976158142,0.5014922618865967,332.58355712890625,0.6988672018051147,,,,,relu,he_normal,,,,2,128,zeros,0.1,0.00010000000000000005,3.0,0.9,,,,,32.0,,0.4,0.4,1.0,
sell_signal,,GRU,082,-99.38493599295616,0.9946874976158142,0.4964263141155243,1008.760498046875,0.8809375166893005,,,,,relu,glorot_normal,,,,1,128,zeros,0.1,0.0001,3.0,0.9,,,,,128.0,,0.4,0.1,1.0,
sell_signal,,GRU,083,-8.697702181339263,0.9946874976158142,0.5,101.92389678955078,0.9950000047683716,,,,,relu,he_normal,,,,1,128,zeros,0.1,0.01,3.0,0.1,,,,,128.0,,0.4,0.1,1.0,
sell_signal,,GRU,084,-26.83540940284729,0.9946874976158142,0.5009425282478333,283.3103942871094,0.5774999856948853,,,,,relu,glorot_normal,,,,2,32,he_normal,0.5,0.0001,3.0,0.9,,,,,32.0,,0.4,0.1,1.0,
sell_signal,,GRU,085,-22.3940494322218,0.0053125000558793545,0.5142946839332581,229.13656616210938,0.527539074420929,,,,,relu,glorot_normal,,,,2,128,he_normal,0.5,0.0004413658351326752,3.0,0.9,,,,,32.0,,0.4,0.4,1.0,
sell_signal,,GRU,086,-25.611308920383454,0.9944531321525574,0.5159695148468018,271.2173156738281,0.384765625,,,,,relu,he_normal,,,,2,32,he_normal,0.5,0.00020573438758714674,3.0,0.1,,,,,32.0,,0.4,0.4,1.0,
sell_signal,,GRU,087,-72.25028930902481,0.9946874976158142,0.5,737.4497680664062,0.9948828220367432,,,,,relu,glorot_normal,,,,2,32,he_normal,0.5,0.01,3.0,0.1,,,,,128.0,,0.1,0.1,3.0,
sell_signal,,GRU,088,-7.276192629337311,0.9946874976158142,0.5,87.70880126953125,0.9951562285423279,,,,,relu,glorot_normal,,,,2,32,zeros,0.5,0.01,3.0,0.9,,,,,128.0,,0.4,0.4,1.0,
sell_signal,,GRU,089,-17.839849245548248,0.9946874976158142,0.5,193.34536743164062,0.9954296946525574,,,,,relu,glorot_normal,,,,2,128,he_normal,0.5,0.0019060557319601162,1.0,0.1,,,,,128.0,,0.4,0.4,1.0,
sell_signal,,GRU,090,-86.39786010980606,0.9946874976158142,0.5,878.9254760742188,0.9952343702316284,,,,,relu,glorot_normal,,,,1,128,zeros,0.1,0.01,1.0,0.9,,,,,32.0,,0.4,0.4,3.0,
sell_signal,,GRU,091,-10.992170107364654,0.9946874976158142,0.5,124.86857604980469,0.9950390458106995,,,,,relu,he_normal,,,,2,128,he_normal,0.1,0.01,3.0,0.1,,,,,128.0,,0.4,0.4,1.0,
sell_signal,,GRU,092,-7.2524278283119195,0.9946874976158142,0.5,87.47115325927734,0.994921863079071,,,,,relu,glorot_normal,,,,1,128,zeros,0.1,0.01,3.0,0.9,,,,,128.0,,0.4,0.4,1.0,
sell_signal,,GRU,093,-45.43056885004044,0.9946874976158142,0.5,469.2525634765625,0.9955859184265137,,,,,relu,glorot_normal,,,,1,128,zeros,0.1,0.0008884993777743012,1.0,0.9,,,,,128.0,,0.4,0.1,3.0,
sell_signal,,GRU,094,-114.50826214784756,0.0053125000558793545,0.5298945903778076,1150.4346923828125,0.25214844942092896,,,,,relu,glorot_normal,,,,2,32,he_normal,0.1,0.0001,3.0,0.9,,,,,128.0,,0.4,0.4,1.0,
sell_signal,,GRU,095,-2.7768985748291017,0.9946874976158142,0.4996858239173889,42.71271896362305,0.9951171875,,,,,relu,he_normal,,,,1,128,zeros,0.2,0.0015687392193854636,1.0,0.1,,,,,32.0,,0.4,0.1,1.0,
sell_signal,,GRU,096,-1.2327775597572326,0.9946874976158142,0.5,27.27465057373047,0.9951562285423279,,,,,relu,he_normal,,,,2,32,he_normal,0.30000000000000004,0.004327642731351945,3.0,0.9,,,,,32.0,,0.4,0.4,1.0,
sell_signal,,GRU,097,-22.255206274986268,0.9946874976158142,0.5288659930229187,237.78759765625,0.9951562285423279,,,,,relu,he_normal,,,,1,128,zeros,0.1,0.00026266431539540794,3.0,0.1,,,,,32.0,,0.1,0.4,1.0,
sell_signal,,GRU,098,-144.1255517601967,0.9946874976158142,0.5,1456.202392578125,0.9242187738418579,,,,,relu,glorot_normal,,,,2,32,zeros,0.5,0.0001,3.0,0.9,,,,,32.0,,0.4,0.4,3.0,
sell_signal,,GRU,099,-27.384470826387407,0.9946874976158142,0.4999249279499054,288.79083251953125,0.8308984637260437,,,,,relu,glorot_normal,,,,2,32,he_normal,0.5,0.0001,1.0,0.9,,,,,32.0,,0.4,0.4,1.0,
sell_signal,,GRU,100,-107.6834918141365,0.9946874976158142,0.5035955905914307,1091.8177490234375,0.6434375047683716,,,,,relu,glorot_normal,,,,2,128,he_normal,0.4,0.0001,1.0,0.9,,,,,128.0,,0.4,0.1,1.0,
sell_signal,,GRU,101,-9.402577364444733,0.9946874976158142,0.5,108.97264862060547,0.9950390458106995,,,,,relu,he_normal,,,,1,128,he_normal,0.5,0.01,2.0,0.1,,,,,128.0,,0.4,0.1,1.0,
sell_signal,,GRU,102,-111.57266704440117,0.9946874976158142,0.49842914938926697,1130.6578369140625,0.9937499761581421,,,,,relu,glorot_normal,,,,2,128,he_normal,0.1,0.0001,3.0,0.1,,,,,128.0,,0.15000000000000002,0.4,1.0,
sell_signal,,GRU,103,-6.671151125431061,0.9946874976158142,0.5,81.65838623046875,0.9926562309265137,,,,,relu,glorot_normal,,,,2,128,he_normal,0.5,0.0012421440048537343,1.0,0.1,,,,,32.0,,0.1,0.4,1.0,
sell_signal,,GRU,104,-6.583017885684967,0.9946874976158142,0.5,80.77705383300781,0.9951562285423279,,,,,relu,glorot_normal,,,,1,32,he_normal,0.1,0.01,3.0,0.1,,,,,128.0,,0.4,0.4,1.0,
sell_signal,,GRU,105,-8.541942751407623,0.9946874976158142,0.5,100.36630249023438,0.994921863079071,,,,,relu,glorot_normal,,,,2,128,zeros,0.1,0.01,3.0,0.1,,,,,128.0,,0.1,0.4,1.0,
sell_signal,,GRU,106,-2.425444948673248,0.9946874976158142,0.5,39.201324462890625,0.9949609637260437,,,,,relu,he_normal,,,,2,128,he_normal,0.5,0.01,1.0,0.9,,,,,32.0,,0.1,0.1,1.0,
sell_signal,,GRU,107,-6.59155136346817,0.9946874976158142,0.5,80.86238861083984,0.9951953291893005,,,,,relu,glorot_normal,,,,1,32,he_normal,0.5,0.01,1.0,0.1,,,,,128.0,,0.4,0.4,1.0,
sell_signal,,GRU,108,-106.50484372377396,0.9900781512260437,0.5,1079.94921875,0.6333203315734863,,,,,relu,glorot_normal,,,,2,128,zeros,0.5,0.0001,3.0,0.9,,,,,128.0,,0.4,0.4,1.0,
sell_signal,,GRU,109,-26.383441853523255,0.9946874976158142,0.5025133490562439,278.8064270019531,0.8596875071525574,,,,,relu,glorot_normal,,,,2,32,zeros,0.4,0.0001,3.0,0.9,,,,,32.0,,0.1,0.4,1.0,
sell_signal,,GRU,110,-31.83007392883301,0.9946874976158142,0.507355272769928,333.3211669921875,0.7662890553474426,,,,,relu,glorot_normal,,,,2,128,zeros,0.5,0.0001,1.0,0.9,,,,,32.0,,0.4,0.1,1.0,
sell_signal,,GRU,111,-9.054726564884186,0.9946874976158142,0.5,105.494140625,0.9951562285423279,,,,,relu,he_normal,,,,1,128,he_normal,0.1,0.01,1.0,0.9,,,,,128.0,,0.4,0.1,1.0,
sell_signal,,GRU,112,-6.534127199649811,0.9946874976158142,0.5,80.28814697265625,0.9955078363418579,,,,,relu,glorot_normal,,,,1,32,he_normal,0.5,0.01,1.0,0.9,,,,,128.0,,0.4,0.1,1.0,
sell_signal,,GRU,113,-23.633910524845124,0.9946874976158142,0.5,251.28598022460938,0.9952343702316284,,,,,relu,glorot_normal,,,,2,128,zeros,0.1,0.001346708375531733,1.0,0.9,,,,,128.0,,0.4,0.4,1.0,
sell_signal,,GRU,114,-110.9652340435423,0.0053125000558793545,0.49319857358932495,1114.637451171875,0.3092968761920929,,,,,relu,glorot_normal,,,,1,32,he_normal,0.5,0.0001,3.0,0.9,,,,,128.0,,0.4,0.4,1.0,
sell_signal,,GRU,115,-28.417439058236777,0.009218749590218067,0.5234032273292542,289.5006103515625,0.2523437440395355,,,,,relu,glorot_normal,,,,1,32,zeros,0.30000000000000004,0.0001,3.0,0.9,,,,,32.0,,0.4,0.4,1.0,
sell_signal,,GRU,116,-68.3436242699623,0.9946874976158142,0.5,698.3831176757812,0.9954296946525574,,,,,relu,glorot_normal,,,,2,32,he_normal,0.1,0.01,3.0,0.9,,,,,128.0,,0.1,0.4,3.0,
sell_signal,,GRU,117,-32.23636876577511,0.0053125000558793545,0.5109554529190063,327.5263671875,0.07207031548023224,,,,,relu,glorot_normal,,,,2,128,zeros,0.1,0.0001,3.0,0.1,,,,,32.0,,0.1,0.1,1.0,
sell_signal,,GRU,118,-32.73347228998318,0.0053125000558793545,0.5,332.3878479003906,0.0073046875186264515,,,,,relu,glorot_normal,,,,2,32,he_normal,0.1,0.0001,3.0,0.9,,,,,32.0,,0.1,0.4,3.0,
sell_signal,,GRU,119,-7.067406618595124,0.9946874976158142,0.5,85.62094116210938,0.9951562285423279,,,,,relu,he_normal,,,,1,32,he_normal,0.5,0.01,3.0,0.9,,,,,128.0,,0.4,0.4,1.0,
sell_signal,,GRU,120,-33.7932305932045,0.9946874976158142,0.5,352.8791809082031,0.9952343702316284,,,,,relu,glorot_normal,,,,2,32,he_normal,0.5,0.01,3.0,0.9,,,,,128.0,,0.4,0.4,3.0,
sell_signal,,GRU,121,-33.989125835895535,0.9946874976158142,0.502755880355835,354.8656921386719,0.9851171970367432,,,,,relu,he_normal,,,,1,128,he_normal,0.1,0.0001642446818003926,1.0,0.9,,,,,32.0,,0.1,0.1,1.0,
sell_signal,,GRU,122,-1.2479289650917051,0.9946874976158142,0.5,27.426164627075195,0.9951171875,,,,,relu,he_normal,,,,1,128,zeros,0.5,0.01,3.0,0.1,,,,,32.0,,0.1,0.1,1.0,
sell_signal,,GRU,123,-129.76338867181911,0.0053125000558793545,0.5,1302.68701171875,0.14511719346046448,,,,,relu,glorot_normal,,,,1,32,he_normal,0.1,0.0001,1.0,0.9,,,,,32.0,,0.4,0.4,3.0,
sell_signal,,GRU,124,-278.21769043207166,0.9946874976158142,0.5,2797.123779296875,0.4800781309604645,,,,,relu,glorot_normal,,,,2,128,zeros,0.1,0.0001,3.0,0.9,,,,,128.0,,0.4,0.1,3.0,
sell_signal,,GRU,125,-95.20143066644668,0.9946874976158142,0.5,966.961181640625,0.5123437643051147,,,,,relu,glorot_normal,,,,2,32,he_normal,0.5,0.0001,3.0,0.1,,,,,32.0,,0.1,0.1,3.0,
sell_signal,,GRU,126,-287.19338697195053,0.9946874976158142,0.5181022882461548,2887.061767578125,0.9949609637260437,,,,,tanh,glorot_normal,,,,2,128,he_normal,0.5,0.01,3.0,0.9,,,,,32.0,,0.1,0.1,1.0,
sell_signal,,GRU,127,-9.019841158390046,0.9946874976158142,0.5,105.1452865600586,0.9950390458106995,,,,,relu,he_normal,,,,2,32,he_normal,0.5,0.01,3.0,0.1,,,,,128.0,,0.25,0.4,1.0,
sell_signal,,GRU,128,-20.138815307617186,0.9946874976158142,0.5207086205482483,216.5421142578125,0.9746484160423279,,,,,relu,glorot_normal,,,,1,128,zeros,0.4,0.00017729045998767914,1.0,0.1,,,,,32.0,,0.1,0.1,1.0,
sell_signal,,GRU,129,-26.16821331018582,0.0053125000558793545,0.5069856643676758,266.80511474609375,0.23761719465255737,,,,,relu,glorot_normal,,,,1,32,he_normal,0.5,0.0001,3.0,0.1,,,,,32.0,,0.4,0.1,1.0,
sell_signal,,GRU,130,-31.160824275016786,0.9946874976158142,0.4915463328361511,326.4705810546875,0.6010546684265137,,,,,relu,glorot_normal,,,,2,128,he_normal,0.5,0.0001,3.0,0.1,,,,,32.0,,0.1,0.1,1.0,
sell_signal,,GRU,131,-9.282598268985748,0.9946874976158142,0.5,107.77285766601562,0.9950000047683716,,,,,relu,he_normal,,,,1,128,zeros,0.1,0.01,1.0,0.1,,,,,128.0,,0.4,0.4,1.0,
sell_signal,,GRU,132,-6.193530428409576,0.9946874976158142,0.5,76.8821792602539,0.9949609637260437,,,,,relu,glorot_normal,,,,1,32,he_normal,0.1,0.01,1.0,0.9,,,,,128.0,,0.4,0.4,1.0,
sell_signal,,GRU,133,-10.935168612003327,0.9946874976158142,0.5,124.2985610961914,0.9955078363418579,,,,,relu,he_normal,,,,2,128,he_normal,0.1,0.01,3.0,0.9,,,,,128.0,,0.1,0.4,1.0,
sell_signal,,GRU,134,-18.81542440652847,0.9943749904632568,0.5457670092582703,203.5556640625,0.7109375,,,,,relu,glorot_normal,,,,1,32,he_normal,0.5,0.0001,1.0,0.9,,,,,32.0,,0.4,0.1,1.0,
sell_signal,,GRU,135,-19.124025285243988,0.005859375,0.4787502884864807,196.0863494873047,0.11949218809604645,,,,,relu,he_normal,,,,1,64,zeros,0.1,0.0001208867208769422,3.0,0.9,,,,,32.0,,0.1,0.15000000000000002,1.0,
sell_signal,,GRU,136,-9.267752230167389,0.9946874976158142,0.5,107.62439727783203,0.9951171875,,,,,relu,he_normal,,,,1,128,zeros,0.5,0.01,3.0,0.9,,,,,128.0,,0.4,0.1,1.0,
sell_signal,,GRU,137,-28.943850100040436,0.9946874976158142,0.5,304.3853759765625,0.9951171875,,,,,relu,glorot_normal,,,,1,32,zeros,0.1,0.0001,3.0,0.1,,,,,32.0,,0.1,0.2,3.0,
sell_signal,,GRU,138,-64.07324463129044,0.9946874976158142,0.5,655.6793212890625,0.9951953291893005,,,,,relu,glorot_normal,,,,1,128,zeros,0.1,0.0001,1.0,0.9,,,,,32.0,,0.1,0.1,3.0,
sell_signal,,GRU,139,-27.81159269446507,0.0053125000558793545,0.4884750545024872,283.0538024902344,0.2423437535762787,,,,,relu,glorot_normal,,,,1,32,he_normal,0.5,0.0001,1.0,0.1,,,,,32.0,,0.4,0.4,1.0,
sell_signal,,GRU,140,-108.4936459183693,0.9946874976158142,0.4961514472961426,1099.8448486328125,0.8158593773841858,,,,,relu,glorot_normal,,,,2,128,he_normal,0.5,0.0001,3.0,0.1,,,,,128.0,,0.4,0.4,1.0,
sell_signal,,GRU,141,-7.495855104923248,0.9946874976158142,0.5,89.90542602539062,0.9946484565734863,,,,,relu,glorot_normal,,,,1,128,zeros,0.5,0.0006470516282279928,1.0,0.1,,,,,32.0,,0.4,0.4,1.0,
sell_signal,,GRU,142,-31.936973297595976,0.33867186307907104,0.5001177787780762,327.75762939453125,0.36613282561302185,,,,,relu,glorot_normal,,,,2,128,zeros,0.5,0.0001,3.0,0.1,,,,,32.0,,0.1,0.4,1.0,
sell_signal,,GRU,143,-10.376213228702545,0.9946874976158142,0.5,118.7090072631836,0.7497265338897705,,,,,relu,glorot_normal,,,,2,32,he_normal,0.2,0.0007532932456915502,1.0,0.1,,,,,32.0,,0.1,0.1,3.0,
sell_signal,,GRU,144,-27.241088213864714,0.0053125000558793545,0.5004712343215942,277.4687194824219,0.025312500074505806,,,,,relu,glorot_normal,,,,1,32,he_normal,0.1,0.0001,3.0,0.1,,,,,32.0,,0.4,0.4,1.0,
sell_signal,,GRU,145,-2.056928026676178,0.9946874976158142,0.5,35.51615524291992,0.9951562285423279,,,,,relu,glorot_normal,,,,1,32,he_normal,0.30000000000000004,0.01,1.0,0.1,,,,,32.0,,0.4,0.1,3.0,
sell_signal,,GRU,146,-14.715954262018204,0.9946874976158142,0.43435946106910706,161.45001220703125,0.8010937571525574,,,,,relu,he_normal,,,,2,128,he_normal,0.5,0.0005509382176207378,3.0,0.1,,,,,32.0,,0.4,0.1,1.0,
sell_signal,,GRU,147,-34.2619177245535,0.0053125000558793545,0.5,347.67230224609375,0.4495312571525574,,,,,relu,glorot_normal,,,,2,32,he_normal,0.5,0.0001,1.0,0.1,,,,,32.0,,0.4,0.1,3.0,
sell_signal,,GRU,148,-29.246329345647247,0.0053125000558793545,0.5,297.51641845703125,0.004804687574505806,,,,,relu,glorot_normal,,,,2,32,he_normal,0.1,0.0001,3.0,0.1,,,,,32.0,,0.4,0.1,3.0,
sell_signal,,GRU,149,-68.09289795160294,0.9946874976158142,0.5,695.8758544921875,0.841601550579071,,,,,relu,glorot_normal,,,,2,32,he_normal,0.30000000000000004,0.0002532310184768208,1.0,0.9,,,,,32.0,,0.4,0.1,3.0,
sell_signal,,LSTM,000,-105.58378387689591,0.9946874976158142,0.5330276489257812,1071.114990234375,0.9877734184265137,,,,,tanh,glorot_normal,,,,1,64,zeros,0.5,0.001715074355925934,3.0,0.1,,,,,32.0,True,0.30000000000000004,0.35000000000000003,,2.0
sell_signal,,LSTM,001,-299.210838966351,0.0063281250186264515,0.5209188461303711,2997.380859375,0.3419531285762787,,,,,tanh,glorot_normal,,,,1,64,glorot_normal,0.1,0.00014111965749931114,2.5,0.7000000000000001,,,,,32.0,False,0.30000000000000004,0.45,,3.0
sell_signal,,LSTM,002,-99.58059326410293,0.9946874976158142,0.5,1010.7528076171875,0.9951562285423279,,,,,relu,glorot_normal,,,,2,128,zeros,0.2,0.0010277342442932575,1.0,0.5,,,,,64.0,True,0.30000000000000004,0.30000000000000004,,3.0
sell_signal,,LSTM,003,-16.88357940912247,0.9946874976158142,0.5,183.7826690673828,0.9952343702316284,,,,,gelu,glorot_normal,,,,1,64,he_normal,0.30000000000000004,0.0033137745378583987,1.5,0.2,,,,,32.0,False,0.2,0.25,,3.0
sell_signal,,LSTM,004,-564.0761132836342,0.9946874976158142,0.5,5655.7080078125,0.9883593916893005,,,,,relu,he_normal,,,,2,96,zeros,0.1,0.0003623815491328145,3.0,0.8,,,,,64.0,False,0.45,0.45,,2.0
sell_signal,,LSTM,005,-270.4243798851967,0.9946874976158142,0.5,2719.190673828125,0.9775390625,,,,,relu,he_normal,,,,2,96,zeros,0.30000000000000004,0.0001272703380605649,3.0,0.9,,,,,32.0,True,0.25,0.4,,2.0
sell_signal,,LSTM,006,-82.87470458978787,0.0053125000558793545,0.5,833.8001708984375,0.06265625357627869,,,,,gelu,he_normal,,,,1,64,he_normal,0.30000000000000004,0.0001395510628578222,1.0,0.1,,,,,32.0,True,0.25,0.30000000000000004,,2.0
sell_signal,,LSTM,007,-275.4393058717251,0.9946874976158142,0.4972810447216034,2769.312744140625,0.9587500095367432,,,,,tanh,he_normal,,,,2,64,zeros,0.5,0.0025890919266874407,3.0,0.9,,,,,96.0,False,0.45,0.2,,3.0
sell_signal,,LSTM,008,-543.5504033274949,0.040546875447034836,0.46647167205810547,5440.57421875,0.24921874701976776,,,,,tanh,he_normal,,,,2,32,glorot_normal,0.1,0.00010805627988186071,1.0,0.30000000000000004,,,,,96.0,True,0.30000000000000004,0.2,,1.0
sell_signal,,LSTM,009,-20.500490725040436,0.9946874976158142,0.5,219.9517822265625,0.9950390458106995,,,,,gelu,he_normal,,,,1,32,he_normal,0.5,0.006353350532750873,1.0,0.6,,,,,64.0,False,0.25,0.4,,3.0
sell_signal,,LSTM,010,-29.56218017572537,0.0053125000558793545,0.5,300.6749267578125,0.037812501192092896,,,,,relu,he_normal,,,,1,32,he_normal,0.2,0.0013291852527485804,3.0,0.6,,,,,32.0,False,0.30000000000000004,0.4,,2.0
sell_signal,,LSTM,011,-106.86781982416286,0.0053125000558793545,0.5,1073.7313232421875,0.2060546875,,,,,relu,glorot_normal,,,,1,64,glorot_normal,0.1,0.001027905840968144,1.5,0.6,,,,,96.0,False,0.2,0.4,,2.0
sell_signal,,LSTM,012,-604.0930497646332,0.9946874976158142,0.4532783627510071,6055.41015625,0.9064062237739563,,,,,tanh,glorot_normal,,,,2,64,he_normal,0.4,0.00030969640670569564,2.5,0.30000000000000004,,,,,96.0,True,0.2,0.45,,2.0
sell_signal,,LSTM,013,-409.03430503606796,0.994140625,0.49694496393203735,4105.25390625,0.8265625238418579,,,,,tanh,glorot_normal,,,,2,64,he_normal,0.2,0.0004938970115853091,2.5,0.6,,,,,96.0,True,0.35000000000000003,0.4,,1.0
sell_signal,,LSTM,014,-120.99690185785293,0.9946874976158142,0.5,1224.9158935546875,0.9888281226158142,,,,,gelu,he_normal,,,,1,128,glorot_normal,0.5,0.0003484786063390684,1.5,0.5,,,,,32.0,False,0.45,0.45,,3.0
sell_signal,,LSTM,015,-218.09011529684068,0.9946874976158142,0.5003534555435181,2195.8515625,0.9946484565734863,,,,,tanh,glorot_normal,,,,1,32,glorot_normal,0.2,0.003049541549141375,2.5,0.8,,,,,96.0,False,0.25,0.35000000000000003,,3.0
sell_signal,,LSTM,016,-10.561696016788483,0.9946874976158142,0.5,120.56383514404297,0.9948828220367432,,,,,gelu,glorot_normal,,,,1,32,he_normal,0.2,0.006351062743654629,3.0,0.4,,,,,32.0,True,0.30000000000000004,0.45,,3.0
sell_signal,,LSTM,017,-24.77715008854866,0.9946874976158142,0.497013121843338,262.6885070800781,0.9951171875,,,,,gelu,he_normal,,,,2,128,he_normal,0.30000000000000004,0.00207431648016279,2.5,0.5,,,,,32.0,False,0.35000000000000003,0.30000000000000004,,1.0
sell_signal,,LSTM,018,-369.7612599849701,0.9946874976158142,0.499960720539093,3712.55908203125,0.9944531321525574,,,,,relu,he_normal,,,,1,128,zeros,0.1,0.00023183657189474222,2.0,0.6,,,,,128.0,False,0.30000000000000004,0.35000000000000003,,1.0
sell_signal,,LSTM,019,-179.8822366118431,0.9946874976158142,0.5285812616348267,1814.0550537109375,0.8312890529632568,,,,,tanh,he_normal,,,,1,32,glorot_normal,0.4,0.00022692088176343598,2.0,0.30000000000000004,,,,,32.0,True,0.35000000000000003,0.25,,1.0
sell_signal,,LSTM,020,-377.6531213402748,0.9946874976158142,0.541717529296875,3791.895263671875,0.9941015839576721,,,,,tanh,he_normal,,,,2,128,he_normal,0.2,0.0012872737477703168,3.0,0.2,,,,,96.0,False,0.45,0.35000000000000003,,3.0
sell_signal,,LSTM,021,-65.94148547658696,0.0054687499068677425,0.5101319551467896,664.5708618164062,0.05335937440395355,,,,,relu,glorot_normal,,,,1,64,he_normal,0.30000000000000004,0.0005017603502099382,3.0,0.4,,,,,32.0,False,0.35000000000000003,0.2,,1.0
sell_signal,,LSTM,022,-45.12033325433731,0.9946874976158142,0.5,466.15020751953125,0.9950000047683716,,,,,gelu,glorot_normal,,,,1,128,zeros,0.5,0.006695608114388132,2.5,0.8,,,,,128.0,False,0.2,0.35000000000000003,,3.0
sell_signal,,LSTM,023,-330.07047363519666,0.9946874976158142,0.5,3315.651611328125,0.9951562285423279,,,,,relu,glorot_normal,,,,1,32,zeros,0.2,0.0002933768012428558,2.5,0.30000000000000004,,,,,96.0,True,0.4,0.2,,3.0
sell_signal,,LSTM,024,-23.20392917394638,0.9946874976158142,0.5225335359573364,247.2115020751953,0.994921863079071,,,,,gelu,glorot_normal,,,,2,96,glorot_normal,0.5,0.0021765065892749877,2.0,0.5,,,,,32.0,False,0.35000000000000003,0.35000000000000003,,1.0
sell_signal,,LSTM,025,-110.19330078363419,0.9946874976158142,0.5,1116.8798828125,0.9780859351158142,,,,,gelu,glorot_normal,,,,1,64,glorot_normal,0.5,0.00031570701500918154,1.0,0.1,,,,,64.0,False,0.2,0.45,,2.0
sell_signal,,LSTM,026,-26.026659548282623,0.9946874976158142,0.5,275.2134704589844,0.9948828220367432,,,,,gelu,he_normal,,,,2,64,he_normal,0.2,0.00727915929887585,1.5,0.6,,,,,96.0,False,0.25,0.25,,2.0
sell_signal,,LSTM,027,-112.96013370156288,0.9946874976158142,0.4996465742588043,1144.544677734375,0.9950390458106995,,,,,tanh,glorot_normal,,,,1,64,glorot_normal,0.2,0.008616178537110575,2.0,0.2,,,,,96.0,True,0.30000000000000004,0.2,,1.0
sell_signal,,LSTM,028,-425.8221093773842,0.9946874976158142,0.5,4273.16796875,0.9950390458106995,,,,,tanh,he_normal,,,,1,64,he_normal,0.2,0.001263698656945194,2.5,0.4,,,,,128.0,False,0.30000000000000004,0.2,,2.0
sell_signal,,LSTM,029,-0.9231809258460997,0.9946874976158142,0.5,24.17868423461914,0.9948828220367432,,,,,relu,glorot_normal,,,,2,96,he_normal,0.1,0.00829014608439077,1.5,0.7000000000000001,,,,,32.0,False,0.25,0.25,,1.0
sell_signal,,LSTM,030,-237.33222565054893,0.9946874976158142,0.48070403933525085,2388.076171875,0.9794531464576721,,,,,relu,glorot_normal,,,,1,32,he_normal,0.5,0.0004706052466815514,1.0,0.9,,,,,32.0,True,0.25,0.45,,2.0
sell_signal,,LSTM,031,-48.86735473871231,0.9946874976158142,0.5,503.62042236328125,0.9948828220367432,,,,,gelu,he_normal,,,,2,96,zeros,0.1,0.0043367212336025045,1.0,0.9,,,,,96.0,False,0.4,0.35000000000000003,,2.0
sell_signal,,LSTM,032,-63.96959472894669,0.9946874976158142,0.5,654.642822265625,0.9940234422683716,,,,,gelu,he_normal,,,,1,64,zeros,0.4,0.0019003838058425906,2.0,0.2,,,,,64.0,True,0.4,0.4,,3.0
sell_signal,,LSTM,034,-91.45517212152481,0.9946874976158142,0.5,929.4985961914062,0.9952343702316284,,,,,gelu,glorot_normal,,,,2,128,he_normal,0.4,0.001996334459987542,3.0,0.9,,,,,96.0,False,0.45,0.25,,3.0
sell_signal,,LSTM,035,-121.11804413199425,0.9946874976158142,0.40762969851493835,1225.20361328125,0.995312511920929,,,,,tanh,glorot_normal,,,,1,96,glorot_normal,0.30000000000000004,0.0048640356869126,2.5,0.2,,,,,64.0,True,0.4,0.25,,1.0
sell_signal,,LSTM,036,-77.77002729773521,0.9946874976158142,0.49921342730522156,792.6392822265625,0.7708984613418579,,,,,gelu,he_normal,,,,1,96,zeros,0.4,0.00011202631862509904,3.0,0.1,,,,,32.0,True,0.35000000000000003,0.2,,1.0
sell_signal,,LSTM,037,-243.1517480492592,0.9946874976158142,0.5,2446.46435546875,0.9256250262260437,,,,,gelu,he_normal,,,,1,32,glorot_normal,0.1,0.00020193356985061988,3.0,0.7000000000000001,,,,,96.0,True,0.45,0.4,,3.0
sell_signal,,LSTM,038,-147.07795171970503,0.0053125000558793545,0.5228881239891052,1476.0615234375,0.08003906160593033,,,,,gelu,glorot_normal,,,,2,32,glorot_normal,0.30000000000000004,0.0001333046266612092,2.5,0.9,,,,,64.0,True,0.25,0.35000000000000003,,1.0
sell_signal,,LSTM,039,-12.105690920352936,0.9946874976158142,0.5,136.0037841796875,0.9948437213897705,,,,,relu,he_normal,,,,2,64,zeros,0.5,0.002596905757124934,3.0,0.2,,,,,32.0,False,0.45,0.2,,3.0
sell_signal,,LSTM,040,-207.97794578671454,0.9946874976158142,0.49897316098213196,2094.716064453125,0.8935937285423279,,,,,relu,glorot_normal,,,,2,64,glorot_normal,0.5,0.0003584911744295724,1.5,0.30000000000000004,,,,,32.0,True,0.4,0.2,,2.0
sell_signal,,LSTM,041,-134.55173346996307,0.9946874976158142,0.40624016523361206,1359.526611328125,0.9954687356948853,,,,,tanh,he_normal,,,,1,32,he_normal,0.2,0.0072136325692250145,3.0,0.1,,,,,96.0,False,0.25,0.25,,1.0
sell_signal,,LSTM,042,-627.7662988305092,0.9946874976158142,0.5,6292.60986328125,0.8767969012260437,,,,,tanh,glorot_normal,,,,1,96,he_normal,0.1,0.000581434737371341,2.5,0.5,,,,,128.0,False,0.30000000000000004,0.25,,3.0
sell_signal,,LSTM,043,-3.2396390557289125,0.9946874976158142,0.5,47.343265533447266,0.9949609637260437,,,,,gelu,he_normal,,,,1,96,glorot_normal,0.2,0.01,1.0,0.5,,,,,32.0,False,0.2,0.35000000000000003,,1.0
sell_signal,,LSTM,044,-6.055713045597076,0.9946874976158142,0.5,75.5040054321289,0.9948437213897705,,,,,gelu,glorot_normal,,,,2,128,glorot_normal,0.4,0.01,1.5,0.7000000000000001,,,,,32.0,False,0.25,0.2,,3.0
sell_signal,,LSTM,045,-2.6276303887367245,0.9946874976158142,0.5,41.22317886352539,0.9951953291893005,,,,,gelu,he_normal,,,,1,32,he_normal,0.4,0.01,2.5,0.6,,,,,32.0,False,0.30000000000000004,0.25,,1.0
sell_signal,,LSTM,046,-1.38941513299942,0.9946874976158142,0.5,28.841026306152344,0.9950390458106995,,,,,relu,glorot_normal,,,,1,32,glorot_normal,0.30000000000000004,0.01,1.5,0.1,,,,,32.0,False,0.30000000000000004,0.35000000000000003,,2.0
sell_signal,,LSTM,047,-5.748546755313873,0.9946874976158142,0.5,72.43234252929688,0.995312511920929,,,,,gelu,he_normal,,,,2,64,zeros,0.5,0.01,1.5,0.1,,,,,32.0,False,0.25,0.25,,3.0
sell_signal,,LSTM,048,-4.214978563785553,0.9946874976158142,0.5,57.09666061401367,0.9952343702316284,,,,,gelu,glorot_normal,,,,2,64,he_normal,0.2,0.01,1.0,0.7000000000000001,,,,,32.0,False,0.35000000000000003,0.30000000000000004,,2.0
sell_signal,,LSTM,049,-4.584797823429108,0.9946874976158142,0.5,60.79485321044922,0.9952734112739563,,,,,gelu,he_normal,,,,1,32,he_normal,0.2,0.01,2.0,0.1,,,,,32.0,False,0.25,0.4,,3.0
sell_signal,,LSTM,050,-0.7754802346229552,0.9946874976158142,0.5,22.701677322387695,0.9950781464576721,,,,,relu,glorot_normal,,,,1,32,he_normal,0.1,0.01,2.5,0.5,,,,,32.0,False,0.2,0.4,,1.0
sell_signal,,LSTM,051,-3.943208169937134,0.9946874976158142,0.4994109272956848,54.37306594848633,0.9950390458106995,,,,,gelu,glorot_normal,,,,2,128,he_normal,0.5,0.01,3.0,0.9,,,,,32.0,False,0.30000000000000004,0.2,,1.0
sell_signal,,LSTM,052,-3.714673388004303,0.9946874976158142,0.5,52.09360885620117,0.9953906536102295,,,,,gelu,glorot_normal,,,,1,96,zeros,0.2,0.01,1.0,0.5,,,,,32.0,True,0.2,0.35000000000000003,,3.0
sell_signal,,LSTM,053,-0.7389501214027403,0.9946874976158142,0.5,22.336376190185547,0.9952343702316284,,,,,relu,he_normal,,,,1,128,glorot_normal,0.5,0.01,2.5,0.1,,,,,32.0,False,0.25,0.2,,1.0
sell_signal,,LSTM,054,-2.0602594017982483,0.9946874976158142,0.5,35.549468994140625,0.9950390458106995,,,,,relu,he_normal,,,,1,32,he_normal,0.5,0.01,3.0,0.1,,,,,32.0,False,0.4,0.30000000000000004,,2.0
sell_signal,,LSTM,055,-3.7198842644691466,0.9946874976158142,0.5,52.14571762084961,0.9951171875,,,,,gelu,he_normal,,,,2,128,he_normal,0.5,0.01,1.0,0.2,,,,,32.0,False,0.35000000000000003,0.2,,1.0
sell_signal,,LSTM,056,-15.20181839466095,0.9946874976158142,0.4860472083091736,166.82553100585938,0.9949609637260437,,,,,gelu,glorot_normal,,,,2,128,zeros,0.30000000000000004,0.01,1.0,0.9,,,,,96.0,False,0.2,0.30000000000000004,,1.0
sell_signal,,LSTM,057,-2.7055656790733336,0.9946874976158142,0.4982720613479614,41.985252380371094,0.9947656393051147,,,,,gelu,he_normal,,,,1,32,he_normal,0.2,0.01,3.0,0.8,,,,,32.0,True,0.35000000000000003,0.45,,1.0
sell_signal,,LSTM,058,-3.670469057559967,0.9946874976158142,0.5,51.65156555175781,0.9946874976158142,,,,,gelu,glorot_normal,,,,1,128,zeros,0.5,0.01,3.0,0.1,,,,,32.0,False,0.45,0.2,,2.0
sell_signal,,LSTM,059,-1.2769609093666077,0.9946874976158142,0.5,27.71648406982422,0.9953906536102295,,,,,relu,glorot_normal,,,,1,128,zeros,0.2,0.01,1.0,0.2,,,,,32.0,False,0.2,0.25,,2.0
sell_signal,,LSTM,060,-5.525168764591217,0.9946874976158142,0.5,70.19856262207031,0.9947656393051147,,,,,gelu,he_normal,,,,1,128,glorot_normal,0.5,0.01,2.0,0.1,,,,,32.0,True,0.25,0.2,,3.0
sell_signal,,LSTM,061,-4.900655901432037,0.9946874976158142,0.5,63.953433990478516,0.9950000047683716,,,,,gelu,he_normal,,,,2,96,he_normal,0.2,0.01,1.0,0.9,,,,,32.0,False,0.2,0.2,,2.0
sell_signal,,LSTM,062,-2.93120721578598,0.9946874976158142,0.5057035684585571,44.315982818603516,0.9951953291893005,,,,,gelu,glorot_normal,,,,1,32,he_normal,0.30000000000000004,0.01,3.0,0.30000000000000004,,,,,32.0,False,0.45,0.45,,1.0
sell_signal,,LSTM,063,-6.059813845157623,0.9946874976158142,0.5,75.54501342773438,0.9951171875,,,,,gelu,glorot_normal,,,,2,128,zeros,0.4,0.01,1.0,0.8,,,,,32.0,True,0.45,0.25,,3.0
sell_signal,,LSTM,064,-5.769901430606842,0.9946874976158142,0.5,72.64588928222656,0.9952734112739563,,,,,gelu,glorot_normal,,,,2,96,he_normal,0.5,0.01,3.0,0.30000000000000004,,,,,32.0,False,0.45,0.2,,3.0
sell_signal,,LSTM,065,-7.95355087518692,0.9946874976158142,0.5,94.48238372802734,0.9957031011581421,,,,,gelu,he_normal,,,,1,32,he_normal,0.1,0.01,1.0,0.4,,,,,32.0,True,0.45,0.45,,3.0
sell_signal,,LSTM,066,-2.538178789615631,0.9946874976158142,0.5,40.32866287231445,0.9951953291893005,,,,,relu,glorot_normal,,,,1,32,zeros,0.1,0.01,1.0,0.5,,,,,64.0,False,0.2,0.45,,1.0
sell_signal,,LSTM,067,-2.435832369327545,0.9946874976158142,0.5,39.305198669433594,0.9951953291893005,,,,,relu,glorot_normal,,,,2,128,zeros,0.5,0.01,1.0,0.1,,,,,32.0,False,0.45,0.2,,3.0
sell_signal,,LSTM,068,-2.1913167595863343,0.9946874976158142,0.5,36.860042572021484,0.9954296946525574,,,,,relu,he_normal,,,,1,32,zeros,0.5,0.01,3.0,0.1,,,,,32.0,False,0.2,0.2,,3.0
sell_signal,,LSTM,069,-1.551813471317291,0.9946874976158142,0.5,30.465009689331055,0.9953515529632568,,,,,relu,he_normal,,,,1,32,he_normal,0.1,0.01,1.0,0.30000000000000004,,,,,32.0,False,0.2,0.45,,2.0
sell_signal,,LSTM,070,-7.079313814640045,0.9946874976158142,0.5,85.7400131225586,0.9950781464576721,,,,,gelu,he_normal,,,,1,32,he_normal,0.5,0.01,3.0,0.4,,,,,32.0,True,0.45,0.45,,3.0
sell_signal,,LSTM,071,-3.4384324908256527,0.9946874976158142,0.5016101598739624,49.3473014831543,0.9948046803474426,,,,,gelu,glorot_normal,,,,1,32,zeros,0.2,0.01,3.0,0.9,,,,,32.0,True,0.2,0.25,,1.0
sell_signal,,LSTM,072,-3.386923754215241,0.9946874976158142,0.5,48.81611251831055,0.9951953291893005,,,,,gelu,he_normal,,,,1,32,zeros,0.5,0.01,3.0,0.2,,,,,32.0,False,0.2,0.45,,1.0
sell_signal,,LSTM,073,-7.941163790225982,0.9946874976158142,0.5,94.35851287841797,0.9951171875,,,,,gelu,he_normal,,,,1,32,zeros,0.1,0.01,3.0,0.1,,,,,32.0,True,0.30000000000000004,0.45,,3.0
sell_signal,,LSTM,074,-4.612203752994537,0.9946874976158142,0.5,61.068912506103516,0.9950390458106995,,,,,gelu,glorot_normal,,,,1,32,zeros,0.5,0.01,1.0,0.1,,,,,32.0,False,0.45,0.45,,3.0
sell_signal,,LSTM,075,-0.3253619790077209,0.9946874976158142,0.5,18.20049476623535,0.9952734112739563,,,,,relu,glorot_normal,,,,1,32,zeros,0.5,0.01,3.0,0.1,,,,,32.0,False,0.4,0.2,,1.0
sell_signal,,LSTM,076,-7.699456179141999,0.9946874976158142,0.5,91.94143676757812,0.9948046803474426,,,,,gelu,he_normal,,,,1,32,zeros,0.5,0.01,3.0,0.1,,,,,32.0,True,0.45,0.2,,3.0
sell_signal,,LSTM,077,-15.277183341979981,0.9946874976158142,0.5007854104042053,167.7265625,0.9951953291893005,,,,,gelu,glorot_normal,,,,1,128,zeros,0.5,0.01,1.0,0.9,,,,,128.0,False,0.45,0.45,,1.0
sell_signal,,LSTM,078,-33.12643450498581,0.9946874976158142,0.500078558921814,346.2120056152344,0.9829687476158142,,,,,gelu,he_normal,,,,1,32,he_normal,0.4,0.0006706074245719999,3.0,0.9,,,,,32.0,False,0.2,0.45,,1.0
sell_signal,,LSTM,079,-3.182110369205475,0.9946874976158142,0.5,46.76797866821289,0.9951171875,,,,,gelu,glorot_normal,,,,1,128,zeros,0.5,0.01,3.0,0.9,,,,,32.0,False,0.2,0.45,,1.0
sell_signal,,LSTM,080,-3.6716346621513365,0.9946874976158142,0.5011781454086304,51.67500305175781,0.9951562285423279,,,,,gelu,glorot_normal,,,,1,32,zeros,0.1,0.01,1.0,0.9,,,,,32.0,True,0.45,0.45,,1.0
sell_signal,,LSTM,081,-0.6961034417152403,0.9946874976158142,0.5,21.907909393310547,0.9952343702316284,,,,,relu,glorot_normal,,,,1,128,he_normal,0.1,0.01,1.0,0.1,,,,,32.0,False,0.2,0.45,,1.0
sell_signal,,LSTM,082,-32.33896820545196,0.9946874976158142,0.508443295955658,338.4209899902344,0.9951171875,,,,,gelu,glorot_normal,,,,1,128,zeros,0.5,0.0009560669436626471,1.0,0.1,,,,,32.0,False,0.2,0.2,,1.0
sell_signal,,LSTM,083,-2.374373400211334,0.9946874976158142,0.5,38.690608978271484,0.9952343702316284,,,,,relu,he_normal,,,,1,128,zeros,0.5,0.01,1.0,0.1,,,,,32.0,False,0.2,0.45,,3.0
sell_signal,,LSTM,084,-36.971080935001375,0.9946874976158142,0.5,384.6576843261719,0.9950781464576721,,,,,gelu,he_normal,,,,1,128,zeros,0.5,0.01,1.0,0.9,,,,,128.0,True,0.2,0.45,,3.0
sell_signal,,LSTM,085,-5.7614099979400635,0.9946874976158142,0.4994109272956848,72.55508422851562,0.9950781464576721,,,,,gelu,he_normal,,,,1,128,zeros,0.5,0.01,1.0,0.1,,,,,32.0,True,0.45,0.45,,1.0
sell_signal,,LSTM,086,-4.71742149591446,0.9946874976158142,0.5,62.121089935302734,0.9950390458106995,,,,,gelu,glorot_normal,,,,1,128,he_normal,0.5,0.01,3.0,0.9,,,,,32.0,True,0.45,0.2,,3.0
sell_signal,,LSTM,087,-7.299817049503327,0.9946874976158142,0.5,87.9450454711914,0.9952343702316284,,,,,gelu,glorot_normal,,,,2,128,zeros,0.1,0.01,1.0,0.1,,,,,32.0,True,0.45,0.45,,3.0
sell_signal,,LSTM,088,-4.005641341209412,0.9946874976158142,0.500039279460907,55.00368118286133,0.995312511920929,,,,,gelu,he_normal,,,,2,128,zeros,0.5,0.01,3.0,0.1,,,,,32.0,False,0.2,0.2,,1.0
sell_signal,,LSTM,090,-12.502190554141999,0.9946874976158142,0.5,139.96878051757812,0.9951171875,,,,,gelu,glorot_normal,,,,2,128,zeros,0.5,0.01,1.0,0.9,,,,,64.0,False,0.45,0.45,,3.0
sell_signal,,LSTM,091,-6.054503786563873,0.9946874976158142,0.5,75.49191284179688,0.9950000047683716,,,,,gelu,glorot_normal,,,,1,32,zeros,0.4,0.01,3.0,0.9,,,,,32.0,True,0.45,0.45,,3.0
sell_signal,,LSTM,092,-5.382423555850982,0.9946874976158142,0.5,68.77111053466797,0.9954687356948853,,,,,gelu,he_normal,,,,1,32,zeros,0.4,0.01,3.0,0.9,,,,,32.0,True,0.2,0.45,,3.0
sell_signal,,LSTM,093,-3.592966616153717,0.9946874976158142,0.5,50.87654113769531,0.9951171875,,,,,gelu,glorot_normal,,,,2,32,he_normal,0.1,0.01,3.0,0.9,,,,,32.0,False,0.2,0.2,,1.0
sell_signal,,LSTM,094,-4.076780843734741,0.9946874976158142,0.499960720539093,55.714290618896484,0.9950000047683716,,,,,gelu,glorot_normal,,,,2,96,he_normal,0.1,0.01,1.0,0.1,,,,,32.0,False,0.2,0.2,,1.0
sell_signal,,LSTM,095,-3.0678948283195497,0.9946874976158142,0.5011318922042847,45.637142181396484,0.9949609637260437,,,,,gelu,glorot_normal,,,,1,32,zeros,0.1,0.01,3.0,0.9,,,,,32.0,True,0.2,0.45,,1.0
sell_signal,,LSTM,096,-5.604927986860275,0.9946874976158142,0.4562011659145355,70.55816650390625,0.9950390458106995,,,,,relu,he_normal,,,,1,32,he_normal,0.30000000000000004,0.002979327081091199,3.0,0.1,,,,,32.0,False,0.2,0.45,,1.0
sell_signal,,LSTM,097,-9.057119905948639,0.9946874976158142,0.5,105.51807403564453,0.9951171875,,,,,gelu,he_normal,,,,1,128,zeros,0.1,0.01,1.0,0.9,,,,,32.0,True,0.45,0.45,,3.0
sell_signal,,LSTM,098,-3.810894083976746,0.9946874976158142,0.4946591258049011,53.00240707397461,0.9948828220367432,,,,,gelu,he_normal,,,,1,128,he_normal,0.5,0.01,3.0,0.1,,,,,32.0,False,0.45,0.45,,1.0
sell_signal,,LSTM,099,-6.819972383975983,0.9946874976158142,0.5,83.14659881591797,0.9946093559265137,,,,,gelu,glorot_normal,,,,2,128,zeros,0.1,0.01,1.0,0.9,,,,,32.0,True,0.45,0.45,,1.0
sell_signal,,LSTM,100,-5.407289278507233,0.9946874976158142,0.5,69.01976776123047,0.9953906536102295,,,,,gelu,he_normal,,,,2,128,he_normal,0.5,0.01,3.0,0.9,,,,,32.0,False,0.45,0.2,,3.0
sell_signal,,LSTM,101,-49.868629002571105,0.9946874976158142,0.5942091345787048,514.5752563476562,0.9807422161102295,,,,,gelu,he_normal,,,,1,128,he_normal,0.5,0.00030638428175525307,3.0,0.1,,,,,32.0,False,0.2,0.2,,1.0
sell_signal,,LSTM,102,-2.4335202813148498,0.9946874976158142,0.5,39.28207778930664,0.9952343702316284,,,,,relu,glorot_normal,,,,1,128,zeros,0.1,0.01,1.0,0.1,,,,,32.0,True,0.2,0.45,,3.0
sell_signal,,LSTM,103,-0.3992580056190491,0.9946874976158142,0.5,18.939455032348633,0.9951562285423279,,,,,relu,glorot_normal,,,,1,32,he_normal,0.5,0.01,3.0,0.9,,,,,32.0,False,0.45,0.2,,1.0
sell_signal,,LSTM,104,-52.91179816126824,0.9944531321525574,0.4995287358760834,544.0578002929688,0.6069921851158142,,,,,gelu,glorot_normal,,,,1,32,zeros,0.5,0.00017073749177651384,3.0,0.9,,,,,32.0,False,0.2,0.2,,1.0
sell_signal,,LSTM,105,-0.5921620965003966,0.9946874976158142,0.5,20.86849594116211,0.9949609637260437,,,,,relu,glorot_normal,,,,1,128,he_normal,0.5,0.01,1.0,0.7000000000000001,,,,,32.0,False,0.45,0.2,,1.0
sell_signal,,LSTM,106,-1.0327777504920959,0.9946874976158142,0.5,25.2746524810791,0.995312511920929,,,,,relu,he_normal,,,,1,32,he_normal,0.4,0.01,3.0,0.7000000000000001,,,,,32.0,False,0.35000000000000003,0.45,,1.0
sell_signal,,LSTM,107,-2.376027452945709,0.9946874976158142,0.5,38.707149505615234,0.9951953291893005,,,,,relu,he_normal,,,,1,32,zeros,0.5,0.01,1.0,0.1,,,,,32.0,False,0.45,0.2,,3.0
sell_signal,,LSTM,108,-3.352589190006256,0.9946874976158142,0.5,48.4727668762207,0.9950000047683716,,,,,gelu,glorot_normal,,,,1,128,he_normal,0.5,0.01,1.0,0.9,,,,,32.0,False,0.45,0.45,,1.0
sell_signal,,LSTM,109,-0.8934489846229554,0.9946874976158142,0.5,23.881364822387695,0.9949609637260437,,,,,relu,glorot_normal,,,,1,128,zeros,0.5,0.01,1.0,0.1,,,,,32.0,False,0.45,0.45,,1.0
sell_signal,,LSTM,110,-3.178569328784943,0.9946874976158142,0.5099356174468994,46.83192443847656,0.9951562285423279,,,,,gelu,he_normal,,,,1,128,zeros,0.5,0.01,3.0,0.9,,,,,32.0,True,0.2,0.2,,1.0
sell_signal,,LSTM,111,-3.89254013299942,0.9946874976158142,0.5,53.872276306152344,0.9950390458106995,,,,,relu,he_normal,,,,1,128,zeros,0.5,0.01,3.0,0.1,,,,,32.0,True,0.45,0.2,,3.0
sell_signal,,LSTM,112,-5.229389345645904,0.9946874976158142,0.5,67.24076843261719,0.9955078363418579,,,,,gelu,he_normal,,,,1,32,he_normal,0.1,0.01,3.0,0.9,,,,,32.0,True,0.2,0.45,,3.0
sell_signal,,LSTM,113,-6.723607790470123,0.9946874976158142,0.5,82.18295288085938,0.9950000047683716,,,,,gelu,glorot_normal,,,,1,32,zeros,0.1,0.01,1.0,0.1,,,,,32.0,True,0.45,0.45,,3.0
sell_signal,,LSTM,114,-0.3586701989173888,0.9946874976158142,0.5,18.53357696533203,0.9950000047683716,,,,,relu,glorot_normal,,,,1,32,he_normal,0.5,0.01,3.0,0.2,,,,,32.0,False,0.2,0.2,,1.0
sell_signal,,LSTM,115,-4.997769320011139,0.9946874976158142,0.5,64.92456817626953,0.9951953291893005,,,,,gelu,he_normal,,,,1,32,he_normal,0.5,0.01,1.0,0.1,,,,,32.0,False,0.2,0.2,,3.0
sell_signal,,LSTM,116,-36.34290647506714,0.9946874976158142,0.5002356171607971,378.3782958984375,0.8994531035423279,,,,,gelu,glorot_normal,,,,1,128,he_normal,0.5,0.0006941183712046007,3.0,0.9,,,,,32.0,False,0.45,0.2,,1.0
sell_signal,,LSTM,117,-10.089470827579499,0.9946874976158142,0.5,115.84158325195312,0.9949609637260437,,,,,gelu,he_normal,,,,2,32,zeros,0.1,0.01,1.0,0.9,,,,,32.0,True,0.2,0.45,,3.0
sell_signal,,LSTM,119,-0.7391811013221741,0.9946874976158142,0.5,22.338685989379883,0.9950781464576721,,,,,relu,glorot_normal,,,,1,32,he_normal,0.1,0.01,1.0,0.1,,,,,32.0,False,0.2,0.2,,1.0
sell_signal,,LSTM,120,-0.4987296700477599,0.9946874976158142,0.5,19.934171676635742,0.9951171875,,,,,relu,glorot_normal,,,,1,32,he_normal,0.2,0.01,3.0,0.1,,,,,32.0,False,0.45,0.2,,1.0
sell_signal,,LSTM,122,-0.5887446999549866,0.9946874976158142,0.5,20.834321975708008,0.9948828220367432,,,,,relu,glorot_normal,,,,1,128,he_normal,0.5,0.01,3.0,0.1,,,,,32.0,False,0.45,0.2,,1.0
sell_signal,,LSTM,123,-3.4315526604652407,0.9946874976158142,0.5,49.26240158081055,0.9948828220367432,,,,,relu,he_normal,,,,1,32,he_normal,0.1,0.01,3.0,0.1,,,,,32.0,True,0.45,0.45,,3.0
sell_signal,,LSTM,124,-23.94232573509216,0.9946874976158142,0.47520142793655396,254.1221466064453,0.9951171875,,,,,gelu,glorot_normal,,,,1,32,zeros,0.1,0.01,1.0,0.9,,,,,128.0,False,0.2,0.45,,1.0
sell_signal,,LSTM,125,-90.38804160850123,0.005546874832361937,0.5017972588539124,908.953857421875,0.3494921922683716,,,,,gelu,he_normal,,,,1,32,zeros,0.5,0.0001,3.0,0.9,,,,,32.0,True,0.2,0.45,,1.0
sell_signal,,LSTM,127,-7.085808718204499,0.9946874976158142,0.5,85.80496215820312,0.9951171875,,,,,gelu,he_normal,,,,1,32,zeros,0.5,0.01,1.0,0.9,,,,,32.0,True,0.45,0.45,,3.0
sell_signal,,LSTM,129,-6.722828066349029,0.9946874976158142,0.5,82.17515563964844,0.9949609637260437,,,,,gelu,glorot_normal,,,,1,32,he_normal,0.1,0.01,3.0,0.9,,,,,32.0,True,0.45,0.45,,3.0
sell_signal,,LSTM,130,-3.565563356876373,0.9946874976158142,0.5,50.602508544921875,0.994921863079071,,,,,gelu,he_normal,,,,2,32,he_normal,0.1,0.01,1.0,0.9,,,,,32.0,False,0.2,0.45,,1.0
sell_signal,,LSTM,131,-7.777607119083404,0.9946874976158142,0.5,92.72294616699219,0.9953515529632568,,,,,gelu,he_normal,,,,1,32,he_normal,0.1,0.01,3.0,0.1,,,,,32.0,True,0.45,0.45,,3.0
sell_signal,,LSTM,134,-44.61067447662354,0.9946874976158142,0.5025878548622131,461.0794982910156,0.8903906345367432,,,,,gelu,he_normal,,,,1,32,he_normal,0.30000000000000004,0.0002881209825052969,1.0,0.1,,,,,32.0,False,0.2,0.45,,1.0
sell_signal,,LSTM,135,-0.6955785393714904,0.9946874976158142,0.5,21.902660369873047,0.9951562285423279,,,,,relu,glorot_normal,,,,1,128,zeros,0.1,0.01,1.0,0.9,,,,,32.0,True,0.2,0.2,,1.0
sell_signal,,LSTM,136,-6.011732637882233,0.9946874976158142,0.5,75.06420135498047,0.9952343702316284,,,,,gelu,he_normal,,,,1,32,zeros,0.5,0.01,1.0,0.1,,,,,32.0,True,0.2,0.45,,3.0
sell_signal,,LSTM,137,-2.7482144951820375,0.9946874976158142,0.5,42.429019927978516,0.9950781464576721,,,,,relu,glorot_normal,,,,2,128,zeros,0.1,0.01,1.0,0.9,,,,,32.0,True,0.2,0.2,,3.0
sell_signal,,LSTM,138,-3.8956430077552797,0.9946874976158142,0.5,53.90330505371094,0.9950390458106995,,,,,gelu,he_normal,,,,2,128,he_normal,0.5,0.01,3.0,0.1,,,,,32.0,False,0.45,0.2,,1.0
sell_signal,,LSTM,139,-3.8072371840476986,0.9946874976158142,0.5010210275650024,53.029457092285156,0.9951953291893005,,,,,gelu,glorot_normal,,,,2,32,he_normal,0.5,0.01,3.0,0.9,,,,,32.0,False,0.45,0.2,,1.0
sell_signal,,LSTM,140,-3.605081713199615,0.9946874976158142,0.5,50.9976921081543,0.994921863079071,,,,,relu,he_normal,,,,1,32,zeros,0.30000000000000004,0.01,1.0,0.1,,,,,32.0,True,0.45,0.45,,3.0
sell_signal,,LSTM,141,-3.3923768639564518,0.9946874976158142,0.5,48.870643615722656,0.9954687356948853,,,,,relu,he_normal,,,,1,32,he_normal,0.30000000000000004,0.01,3.0,0.1,,,,,32.0,False,0.45,0.45,,3.0
sell_signal,,LSTM,142,-4.97413409948349,0.9946874976158142,0.4988518953323364,64.6767349243164,0.9951562285423279,,,,,gelu,glorot_normal,,,,1,128,zeros,0.5,0.01,3.0,0.9,,,,,32.0,True,0.45,0.45,,1.0
sell_signal,,LSTM,143,-0.43227440118789673,0.9946874976158142,0.5,19.26961898803711,0.9950781464576721,,,,,relu,he_normal,,,,1,32,he_normal,0.2,0.01,3.0,0.7000000000000001,,,,,32.0,False,0.2,0.2,,1.0
sell_signal,,LSTM,144,-3.4261827111244205,0.9946874976158142,0.5,49.208702087402344,0.9951562285423279,,,,,relu,he_normal,,,,1,32,zeros,0.5,0.01,3.0,0.1,,,,,32.0,True,0.45,0.45,,3.0
sell_signal,,LSTM,145,-2.4338842034339905,0.9946874976158142,0.5,39.28571701049805,0.994921863079071,,,,,relu,he_normal,,,,1,32,zeros,0.5,0.01,3.0,0.1,,,,,32.0,False,0.45,0.2,,3.0
sell_signal,,LSTM,146,-6.1448716759681705,0.9946874976158142,0.5,76.39559173583984,0.9947656393051147,,,,,gelu,he_normal,,,,1,128,zeros,0.5,0.01,3.0,0.1,,,,,32.0,True,0.2,0.45,,3.0
sell_signal,,LSTM,147,-4.021264803409577,0.9946874976158142,0.5,55.159523010253906,0.9950781464576721,,,,,gelu,glorot_normal,,,,1,128,zeros,0.5,0.01,3.0,0.9,,,,,32.0,True,0.2,0.2,,3.0
sell_signal,,LSTM,148,-6.298479616641998,0.9946874976158142,0.5,77.93167114257812,0.9951953291893005,,,,,gelu,he_normal,,,,2,128,zeros,0.1,0.01,1.0,0.1,,,,,32.0,True,0.2,0.2,,3.0
sell_signal,,LSTM,149,-0.43719249963760376,0.9946874976158142,0.5,19.31879997253418,0.9955078363418579,,,,,relu,he_normal,,,,1,32,he_normal,0.1,0.01,3.0,0.1,,,,,32.0,False,0.4,0.45,,1.0
long_signal,,Conv1D,000,-3.804941713809967,0.7652343511581421,0.5149222016334534,50.850982666015625,0.6801562309265137,2.0,32.0,5.0,same,gelu,glorot_normal,True,2.0,1.0,1,128,glorot_normal,0.5,0.00015159319577885927,3.0,0.1,True,,,,,,,,,
long_signal,,Conv1D,001,-1.4198563933372497,0.9922265410423279,0.5189229249954224,29.31005859375,0.94580078125,2.0,32.0,3.0,same,gelu,glorot_normal,False,2.0,1.0,1,96,he_normal,0.5,0.00044412650444693207,1.0,0.30000000000000004,True,,,,,,,,,
long_signal,,Conv1D,002,-0.039488190412521273,0.9950390458106995,0.4913763701915741,15.25903606414795,0.9949804544448853,2.0,64.0,7.0,valid,relu,glorot_normal,True,2.0,1.0,2,32,he_normal,0.1,0.0006237028864858578,1.0,0.2,False,,,,,,,,,
long_signal,,Conv1D,003,1.138137686252594,0.9950390458106995,0.5,3.5690135955810547,0.9949023723602295,2.0,128.0,5.0,valid,relu,glorot_normal,False,2.0,1.0,2,32,he_normal,0.5,0.005704251931830293,2.5,0.30000000000000004,False,,,,,,,,,
long_signal,,Conv1D,004,-4.619457566738129,0.9950390458106995,0.5,61.14496612548828,0.9951562285423279,1.0,128.0,7.0,same,relu,glorot_normal,True,3.0,1.0,2,128,glorot_normal,0.1,0.001047217795168058,1.0,0.9,True,,,,,,,,,
long_signal,,Conv1D,005,-5.065156507492065,0.9799609184265137,0.4951894283294678,65.40306854248047,0.9575781226158142,2.0,32.0,7.0,valid,gelu,glorot_normal,False,2.0,1.0,2,96,zeros,0.1,0.000100697884207127,2.5,0.5,True,,,,,,,,,
long_signal,,Conv1D,006,-2.7817284941673277,0.9950390458106995,0.5031576156616211,42.799251556396484,0.9948632717132568,3.0,64.0,7.0,same,gelu,glorot_normal,False,3.0,2.0,2,128,zeros,0.30000000000000004,0.0009452767099282696,2.5,0.7000000000000001,False,True,,,,,,,,
long_signal,,Conv1D,007,-3.7520301997661587,0.9948437213897705,0.4969477951526642,52.43821716308594,0.9948632717132568,1.0,96.0,3.0,valid,relu,glorot_normal,False,2.0,2.0,1,128,he_normal,0.2,0.00044489082371598814,3.0,0.4,False,True,,,,,,,,
long_signal,,Conv1D,008,-0.1123456358909607,0.9950390458106995,0.5,16.0738468170166,0.9950000047683716,3.0,128.0,3.0,valid,relu,glorot_normal,False,3.0,1.0,1,128,glorot_normal,0.1,0.003298757461307946,1.5,0.6,True,True,,,,,,,,
long_signal,,Conv1D,009,0.8219446778297425,0.9950390458106995,0.5001177787780762,6.732121467590332,0.9948437213897705,2.0,96.0,3.0,same,relu,glorot_normal,True,2.0,1.0,1,32,glorot_normal,0.2,0.001300398010371077,1.5,0.6,False,False,,,,,,,,
long_signal,,Conv1D,010,1.0728322625160218,0.9950390458106995,0.49988222122192383,4.220890045166016,0.9948437213897705,2.0,32.0,7.0,valid,relu,he_normal,True,2.0,2.0,1,32,he_normal,0.30000000000000004,0.000628226540956973,3.0,0.5,True,True,,,,,,,,
long_signal,,Conv1D,011,-5.70544947385788,0.9935937523841858,0.45373082160949707,71.52774047851562,0.8615624904632568,1.0,96.0,5.0,same,gelu,he_normal,True,2.0,2.0,2,64,he_normal,0.5,0.00017850071151495693,3.0,0.5,True,False,,,,,,,,
long_signal,,Conv1D,012,1.1691206693649292,0.9950390458106995,0.5001570582389832,3.260754346847534,0.994824230670929,2.0,64.0,7.0,valid,relu,glorot_normal,False,2.0,2.0,1,32,glorot_normal,0.2,0.003049541549141375,2.5,0.8,True,False,,,,,,,,
long_signal,,Conv1D,013,-6.484862232208252,0.9876171946525574,0.50921231508255,79.8169174194336,0.8102734088897705,3.0,32.0,7.0,same,gelu,glorot_normal,False,3.0,1.0,2,128,glorot_normal,0.2,0.00010957237595130019,2.5,0.7000000000000001,False,True,,,,,,,,
long_signal,,Conv1D,014,-1.1787301778793333,0.9950390458106995,0.5043712258338928,26.781404495239258,0.9824414253234863,2.0,96.0,7.0,valid,gelu,he_normal,True,2.0,1.0,2,32,glorot_normal,0.2,0.0005347601471523541,2.0,0.4,True,False,,,,,,,,
long_signal,,Conv1D,015,0.23574360609054557,0.9950390458106995,0.5006281137466431,12.599235534667969,0.9175586104393005,1.0,32.0,5.0,valid,relu,glorot_normal,True,3.0,2.0,2,32,glorot_normal,0.1,0.0008402218420646586,2.5,0.2,False,False,,,,,,,,
long_signal,,Conv1D,016,-0.3584272742271424,0.9950390458106995,0.5070004463195801,18.60466766357422,0.9540429711341858,3.0,96.0,5.0,valid,relu,he_normal,True,3.0,2.0,2,32,glorot_normal,0.5,0.0001945808497432753,1.0,0.2,False,False,,,,,,,,
long_signal,,Conv1D,017,-2.2236589431762694,0.9912890791893005,0.4895201325416565,37.044681549072266,0.9913476705551147,2.0,96.0,3.0,same,relu,he_normal,True,2.0,2.0,1,128,he_normal,0.5,0.0001567123683813819,1.5,0.2,True,False,,,,,,,,
long_signal,,Conv1D,018,-1.9840104579925537,0.9950000047683716,0.5451422929763794,35.24152755737305,0.9946484565734863,3.0,32.0,7.0,valid,gelu,he_normal,True,3.0,1.0,1,128,he_normal,0.1,0.00041818829630028666,1.0,0.1,False,False,,,,,,,,
long_signal,,Conv1D,019,-0.695540112257004,0.9950390458106995,0.49510905146598816,21.856882095336914,0.9949804544448853,3.0,32.0,3.0,same,gelu,glorot_normal,False,3.0,2.0,2,96,glorot_normal,0.5,0.0021765065892749877,2.0,0.5,True,False,,,,,,,,
long_signal,,Conv1D,020,1.130436623096466,0.9950390458106995,0.4956282377243042,3.602306604385376,0.9949023723602295,3.0,64.0,3.0,same,gelu,glorot_normal,False,2.0,2.0,1,32,zeros,0.30000000000000004,0.0020726454842745537,2.5,0.8,False,False,,,,,,,,
long_signal,,Conv1D,021,-1.6379330992698669,0.9950390458106995,0.5,31.329721450805664,0.9950976371765137,1.0,128.0,5.0,valid,relu,he_normal,False,3.0,1.0,2,64,zeros,0.30000000000000004,0.000688702391905252,1.0,0.2,False,True,,,,,,,,
long_signal,,Conv1D,022,1.0192693829536439,0.9950390458106995,0.5,4.757696628570557,0.9950585961341858,1.0,128.0,5.0,same,relu,he_normal,False,3.0,1.0,1,32,zeros,0.2,0.003260301461846653,1.5,0.5,True,False,,,,,,,,
long_signal,,Conv1D,023,0.5822729289531707,0.9950390458106995,0.4990774691104889,9.118435859680176,0.9950585961341858,1.0,32.0,3.0,same,relu,glorot_normal,False,3.0,2.0,2,32,he_normal,0.2,0.0027567445342449115,2.0,0.2,False,False,,,,,,,,
long_signal,,Conv1D,024,0.6443631768226623,0.9950390458106995,0.5,8.506758689880371,0.9950000047683716,3.0,64.0,7.0,same,relu,he_normal,True,2.0,1.0,2,64,glorot_normal,0.5,0.006838349735093645,1.5,0.7000000000000001,True,True,,,,,,,,
long_signal,,Conv1D,025,-1.9916401743888854,0.9939062595367432,0.4985867142677307,34.841331481933594,0.4970703125,2.0,32.0,3.0,valid,relu,he_normal,True,2.0,2.0,2,96,he_normal,0.4,0.00033451441046197393,2.0,0.2,True,True,,,,,,,,
long_signal,,Conv1D,026,0.3033381164073944,0.7806640863418579,0.48314937949180603,9.604753494262695,0.7325000166893005,2.0,32.0,5.0,same,gelu,glorot_normal,True,3.0,2.0,1,32,zeros,0.2,0.00021347610418606298,3.0,0.8,True,True,,,,,,,,
long_signal,,Conv1D,027,-1.2411908209323883,0.9950390458106995,0.49218180775642395,27.284116744995117,0.9906054735183716,3.0,32.0,3.0,valid,relu,he_normal,True,3.0,2.0,2,128,he_normal,0.2,0.0005691214031067918,2.0,0.2,True,True,,,,,,,,
long_signal,,Conv1D,028,-2.3504682540893556,0.9950390458106995,0.4996270537376404,38.45134353637695,0.9952539205551147,1.0,64.0,5.0,same,relu,he_normal,True,2.0,1.0,1,128,he_normal,0.5,0.0010575697475283586,1.0,0.5,True,False,,,,,,,,
long_signal,,Conv1D,029,-1.398380422592163,0.9950390458106995,0.5006982684135437,28.941177368164062,0.9947851300239563,3.0,32.0,7.0,same,gelu,he_normal,True,3.0,2.0,2,128,zeros,0.1,0.0017311246306854196,1.0,0.2,True,True,,,,,,,,
long_signal,,Conv1D,030,-0.24898792505264278,0.9950390458106995,0.5002158880233765,17.442428588867188,0.9890820384025574,1.0,64.0,7.0,same,gelu,glorot_normal,True,3.0,1.0,2,96,zeros,0.4,0.006086137545191556,2.5,0.2,False,True,,,,,,,,
long_signal,,Conv1D,031,-1.166654187440872,0.993945300579071,0.49792197346687317,26.585214614868164,0.9938281178474426,1.0,128.0,3.0,valid,relu,glorot_normal,True,3.0,2.0,1,64,zeros,0.1,0.00022102350500721615,2.5,0.7000000000000001,False,True,,,,,,,,
long_signal,,Conv1D,032,-0.31353486776351924,0.9950390458106995,0.5,18.085739135742188,0.9949414134025574,2.0,96.0,7.0,same,relu,glorot_normal,False,3.0,1.0,2,32,zeros,0.2,0.0001231642465909657,1.0,0.9,False,True,,,,,,,,
long_signal,,Conv1D,033,-0.44267463088035575,0.9950390458106995,0.49891409277915955,19.36627769470215,0.9949609637260437,3.0,32.0,7.0,valid,relu,glorot_normal,False,2.0,1.0,1,96,he_normal,0.1,0.000581434737371341,2.5,0.5,False,False,,,,,,,,
long_signal,,Conv1D,034,-0.22150112390518184,0.9950390458106995,0.500078558921814,17.166187286376953,0.9950000047683716,2.0,128.0,5.0,same,relu,glorot_normal,False,3.0,2.0,2,96,glorot_normal,0.1,0.0028168240891253142,1.0,0.9,True,True,,,,,,,,
long_signal,,Conv1D,035,0.01006075143814078,0.9950390458106995,0.5,14.849782943725586,0.9948828220367432,3.0,96.0,5.0,same,relu,glorot_normal,True,3.0,1.0,2,64,zeros,0.1,0.0018144908224752639,1.0,0.9,True,False,,,,,,,,
long_signal,,Conv1D,036,-6.513565993309021,0.9950390458106995,0.5150132775306702,80.2361831665039,0.9833398461341858,2.0,64.0,5.0,same,gelu,glorot_normal,True,3.0,1.0,2,128,glorot_normal,0.4,0.0004600955422725711,1.0,0.2,True,False,,,,,,,,
long_signal,,Conv1D,037,-3.622264242172241,0.9947265386581421,0.5110090970993042,51.279998779296875,0.9855273365974426,1.0,96.0,7.0,same,gelu,he_normal,True,2.0,1.0,2,64,glorot_normal,0.2,0.000602836972293706,2.5,0.5,False,False,,,,,,,,
long_signal,,Conv1D,038,-2.176965945959091,0.9950390458106995,0.4901638925075531,36.62168884277344,0.9949609637260437,1.0,64.0,7.0,same,gelu,he_normal,True,2.0,1.0,2,128,he_normal,0.2,0.0027797935227671933,2.5,0.4,True,False,,,,,,,,
long_signal,,Conv1D,039,-0.2477615356445313,0.9950390458106995,0.5132827162742615,17.560832977294922,0.9951562285423279,1.0,32.0,7.0,same,gelu,glorot_normal,False,3.0,1.0,1,64,zeros,0.1,0.0033178639809267113,1.5,0.7000000000000001,True,True,,,,,,,,
long_signal,,Conv1D,040,-0.45842717885971074,0.9950390458106995,0.5,19.5346622467041,0.9950585961341858,1.0,128.0,5.0,same,relu,glorot_normal,False,2.0,2.0,2,128,zeros,0.2,0.004817411854480006,1.0,0.1,False,True,,,,,,,,
long_signal,,Conv1D,041,-0.6540203034877776,0.9950390458106995,0.497149795293808,21.46209144592285,0.9949804544448853,1.0,32.0,3.0,same,relu,glorot_normal,False,3.0,1.0,1,96,glorot_normal,0.30000000000000004,0.001073016218061893,3.0,0.30000000000000004,True,False,,,,,,,,
long_signal,,Conv1D,042,-3.5841933608055117,0.9950390458106995,0.5,50.79232406616211,0.9951367378234863,2.0,96.0,5.0,valid,relu,glorot_normal,True,3.0,1.0,2,96,zeros,0.30000000000000004,0.00016532573957315442,2.0,0.5,True,False,,,,,,,,
long_signal,,Conv1D,043,0.19767504930496216,0.9950390458106995,0.49679017066955566,12.94154167175293,0.9949804544448853,2.0,32.0,7.0,same,relu,he_normal,True,3.0,1.0,1,64,glorot_normal,0.2,0.0013822274593552758,3.0,0.4,True,False,,,,,,,,
long_signal,,Conv1D,044,-0.2536316215991974,0.9950390458106995,0.4961022436618805,17.447729110717773,0.9949804544448853,2.0,64.0,3.0,same,relu,glorot_normal,True,3.0,1.0,2,64,glorot_normal,0.30000000000000004,0.0017259745092203106,1.5,0.6,True,True,,,,,,,,
long_signal,,Conv1D,045,0.06656805276870736,0.9950390458106995,0.5062131881713867,14.346841812133789,0.9950390458106995,2.0,32.0,3.0,same,gelu,glorot_normal,True,3.0,2.0,1,128,zeros,0.2,0.008453355630521282,2.0,0.6,False,True,,,,,,,,
long_signal,,Conv1D,046,-2.654078245162964,0.9950390458106995,0.49534910917282104,41.444664001464844,0.9948828220367432,2.0,96.0,3.0,same,gelu,he_normal,False,2.0,1.0,1,96,zeros,0.30000000000000004,0.0010153958908885,2.5,0.2,True,False,,,,,,,,
long_signal,,Conv1D,047,-0.35382581949234004,0.9950390458106995,0.5061262845993042,18.549911499023438,0.8747265338897705,3.0,96.0,7.0,valid,gelu,glorot_normal,False,2.0,1.0,2,32,he_normal,0.2,0.0010176040617332672,2.0,0.6,False,False,,,,,,,,
long_signal,,Conv1D,048,-6.3905928373336796,0.9950390458106995,0.514280378818512,78.9991226196289,0.9902929663658142,2.0,128.0,7.0,same,gelu,glorot_normal,True,3.0,1.0,2,96,zeros,0.4,0.0008213805680931154,2.0,0.1,False,False,,,,,,,,
long_signal,,Conv1D,049,-3.4379036128520966,0.9950390458106995,0.4858061969280243,49.1874885559082,0.97802734375,3.0,128.0,7.0,valid,gelu,he_normal,False,3.0,2.0,2,96,glorot_normal,0.2,0.00024359196179105856,3.0,0.8,True,True,,,,,,,,
long_signal,,Conv1D,050,-1.1406882882118223,0.9950390458106995,0.49725091457366943,26.329782485961914,0.9950000047683716,2.0,128.0,3.0,valid,relu,he_normal,False,2.0,2.0,2,32,glorot_normal,0.1,0.0002500476093354716,2.0,0.4,False,True,,,,,,,,
long_signal,,Conv1D,051,-3.6404955983161926,0.9375,0.4883038401603699,50.662994384765625,0.6801953315734863,1.0,32.0,3.0,valid,gelu,glorot_normal,False,2.0,1.0,2,64,he_normal,0.5,0.00028839092033162804,1.0,0.9,True,False,,,,,,,,
long_signal,,Conv1D,052,0.5965322613716125,0.9950390458106995,0.5010206699371338,8.995274543762207,0.9951367378234863,3.0,64.0,7.0,same,gelu,glorot_normal,True,3.0,2.0,1,64,he_normal,0.30000000000000004,0.002117796522475039,2.5,0.30000000000000004,False,True,,,,,,,,
long_signal,,Conv1D,053,1.129323959350586,0.9950390458106995,0.4998626112937927,3.6557769775390625,0.9950390458106995,3.0,128.0,7.0,same,gelu,glorot_normal,True,2.0,2.0,1,32,he_normal,0.4,0.003920143237423156,2.0,0.5,False,False,,,,,,,,
long_signal,,Conv1D,054,1.348542320728302,0.9950390458106995,0.5,1.4649672508239746,0.9950585961341858,3.0,64.0,5.0,same,relu,glorot_normal,False,3.0,2.0,1,32,zeros,0.30000000000000004,0.01,1.5,0.5,False,True,,,,,,,,
long_signal,,Conv1D,055,1.3325063288211823,0.9950390458106995,0.4999803602695465,1.6251307725906372,0.994921863079071,3.0,64.0,5.0,valid,relu,he_normal,True,2.0,2.0,1,32,he_normal,0.2,0.01,1.5,0.4,True,False,,,,,,,,
long_signal,,Conv1D,056,1.3173094272613526,0.9950390458106995,0.5,1.7772961854934692,0.9950390458106995,2.0,32.0,7.0,valid,relu,glorot_normal,True,2.0,1.0,1,32,glorot_normal,0.4,0.01,3.0,0.5,False,True,,,,,,,,
long_signal,,Conv1D,057,1.345719575881958,0.9950390458106995,0.5000196695327759,1.4933913946151733,0.9949609637260437,3.0,64.0,3.0,same,relu,glorot_normal,True,3.0,2.0,1,32,he_normal,0.2,0.01,3.0,0.8,True,True,,,,,,,,
long_signal,,Conv1D,058,1.2909389853477478,0.9950390458106995,0.5,2.0410006046295166,0.9949414134025574,3.0,128.0,5.0,same,relu,glorot_normal,False,2.0,1.0,1,32,he_normal,0.30000000000000004,0.01,1.0,0.5,True,True,,,,,,,,
long_signal,,Conv1D,059,1.2861768126487731,0.9950390458106995,0.5000588893890381,2.0892112255096436,0.9948046803474426,1.0,32.0,7.0,same,relu,glorot_normal,True,3.0,2.0,1,32,zeros,0.30000000000000004,0.01,3.0,0.2,True,True,,,,,,,,
long_signal,,Conv1D,060,0.8177864074707031,0.9950390458106995,0.5002159476280212,6.774685859680176,0.994921863079071,3.0,64.0,3.0,same,relu,he_normal,False,3.0,2.0,1,32,zeros,0.1,0.0009260625205469972,1.0,0.9,True,False,,,,,,,,
long_signal,,Conv1D,061,1.2811591267585754,0.9950390458106995,0.5,2.1387991905212402,0.9949414134025574,3.0,32.0,7.0,same,gelu,glorot_normal,True,2.0,2.0,1,32,glorot_normal,0.1,0.01,2.0,0.7000000000000001,False,False,,,,,,,,
long_signal,,Conv1D,062,1.1927173018455506,0.9950390458106995,0.5,3.0232174396514893,0.9949804544448853,3.0,128.0,3.0,valid,relu,glorot_normal,False,2.0,2.0,2,32,glorot_normal,0.30000000000000004,0.01,1.0,0.9,False,False,,,,,,,,
long_signal,,Conv1D,063,1.3418978810310365,0.9950390458106995,0.5,1.5314116477966309,0.9950390458106995,3.0,32.0,7.0,same,relu,glorot_normal,False,2.0,2.0,1,32,he_normal,0.5,0.01,2.0,0.1,False,True,,,,,,,,
long_signal,,Conv1D,064,1.2425486207008363,0.9950390458106995,0.5,2.524904251098633,0.9951367378234863,3.0,96.0,3.0,same,relu,glorot_normal,False,3.0,1.0,1,32,zeros,0.1,0.01,2.5,0.9,True,False,,,,,,,,
long_signal,,Conv1D,065,1.366737151145935,0.9950390458106995,0.5110488533973694,1.393507480621338,0.9950390458106995,3.0,32.0,7.0,valid,gelu,he_normal,True,3.0,2.0,1,32,glorot_normal,0.5,0.01,2.5,0.8,True,True,,,,,,,,
long_signal,,Conv1D,066,1.1945464968681336,0.9950390458106995,0.5,3.004925489425659,0.9948046803474426,3.0,128.0,7.0,valid,relu,he_normal,False,3.0,1.0,1,32,he_normal,0.30000000000000004,0.01,2.0,0.7000000000000001,False,False,,,,,,,,
long_signal,,Conv1D,067,1.246774709224701,0.9950390458106995,0.5,2.4826433658599854,0.9950000047683716,2.0,32.0,3.0,same,relu,glorot_normal,True,3.0,2.0,2,32,zeros,0.5,0.01,2.5,0.9,False,True,,,,,,,,
long_signal,,Conv1D,068,1.3144651174545288,0.9950390458106995,0.5000392198562622,1.8061314821243286,0.9949804544448853,3.0,32.0,7.0,valid,relu,he_normal,True,3.0,1.0,1,32,he_normal,0.1,0.01,3.0,0.1,True,True,,,,,,,,
long_signal,,Conv1D,069,1.3265386700630188,0.9950390458106995,0.5,1.6850037574768066,0.9949023723602295,3.0,128.0,7.0,valid,relu,glorot_normal,True,2.0,2.0,1,32,he_normal,0.5,0.01,1.0,0.5,False,True,,,,,,,,
long_signal,,Conv1D,070,1.231711709499359,0.9950390458106995,0.5,2.6332733631134033,0.9949023723602295,3.0,128.0,3.0,same,relu,glorot_normal,False,3.0,2.0,2,32,zeros,0.1,0.01,1.0,0.4,True,True,,,,,,,,
long_signal,,Conv1D,071,1.1675506472587585,0.9950390458106995,0.4999411106109619,3.2742950916290283,0.9951367378234863,3.0,32.0,7.0,valid,relu,glorot_normal,True,3.0,2.0,1,32,he_normal,0.30000000000000004,0.0013241134611585413,2.5,0.7000000000000001,False,False,,,,,,,,
long_signal,,Conv1D,072,1.302033007144928,0.9950390458106995,0.5,1.9300603866577148,0.994921863079071,3.0,32.0,3.0,same,gelu,glorot_normal,True,2.0,2.0,1,32,zeros,0.5,0.01,2.0,0.9,True,True,,,,,,,,
long_signal,,Conv1D,073,1.2270228743553162,0.9950390458106995,0.5,2.680161714553833,0.9950000047683716,3.0,128.0,7.0,same,relu,glorot_normal,False,2.0,2.0,1,32,he_normal,0.1,0.009547962187354937,1.0,0.6,False,False,,,,,,,,
long_signal,,Conv1D,074,1.3214186668395995,0.9950390458106995,0.4998626112937927,1.7348299026489258,0.9950585961341858,3.0,32.0,3.0,valid,relu,glorot_normal,False,3.0,1.0,1,32,he_normal,0.5,0.01,2.5,0.1,True,False,,,,,,,,
long_signal,,Conv1D,075,1.2185787081718444,0.9950390458106995,0.5,2.76460337638855,0.994921863079071,1.0,32.0,3.0,same,relu,glorot_normal,False,3.0,1.0,2,32,zeros,0.5,0.01,2.5,0.1,False,True,,,,,,,,
long_signal,,Conv1D,076,1.2833483278751374,0.9950390458106995,0.49588093161582947,2.075716495513916,0.9949023723602295,3.0,32.0,3.0,same,gelu,glorot_normal,True,3.0,2.0,1,32,he_normal,0.5,0.01,3.0,0.1,False,True,,,,,,,,
long_signal,,Conv1D,077,1.1809611916542053,0.9950390458106995,0.5,3.1407785415649414,0.9949023723602295,3.0,128.0,7.0,same,relu,glorot_normal,False,2.0,2.0,2,32,zeros,0.5,0.01,1.0,0.9,False,True,,,,,,,,
long_signal,,Conv1D,078,1.3270253181457519,0.9950390458106995,0.5,1.680137276649475,0.9950000047683716,1.0,32.0,7.0,valid,relu,he_normal,False,2.0,1.0,1,32,he_normal,0.1,0.01,2.0,0.1,True,False,,,,,,,,
long_signal,,Conv1D,079,1.3235204577445985,0.9950390458106995,0.5004122257232666,1.7193081378936768,0.994824230670929,1.0,32.0,7.0,same,gelu,he_normal,True,3.0,2.0,1,32,zeros,0.2,0.01,3.0,0.5,False,True,,,,,,,,
long_signal,,Conv1D,080,1.1955593943595886,0.9950390458106995,0.5,2.9947965145111084,0.9912890791893005,3.0,128.0,7.0,valid,relu,he_normal,True,2.0,1.0,1,32,zeros,0.1,0.01,2.0,0.9,True,False,,,,,,,,
long_signal,,Conv1D,081,0.6614429593086243,0.9950000047683716,0.5037204623222351,8.372775077819824,0.9947460889816284,3.0,128.0,3.0,same,relu,glorot_normal,False,3.0,2.0,1,32,zeros,0.5,0.00028465982150818227,1.0,0.9,True,True,,,,,,,,
long_signal,,Conv1D,082,1.1053542256355287,0.9950390458106995,0.48687541484832764,3.7656023502349854,0.9949609637260437,3.0,32.0,3.0,valid,relu,glorot_normal,True,3.0,2.0,1,32,zeros,0.1,0.0005398083937080424,3.0,0.7000000000000001,True,False,,,,,,,,
long_signal,,Conv1D,083,1.2351319193840027,0.9950390458106995,0.5,2.5990712642669678,0.9949804544448853,3.0,32.0,7.0,same,gelu,he_normal,True,2.0,2.0,1,32,he_normal,0.1,0.01,2.5,0.1,True,True,,,,,,,,
long_signal,,Conv1D,084,1.3006979703903199,0.9544922113418579,0.5147546529769897,1.6854889392852783,0.9366015791893005,3.0,32.0,7.0,valid,relu,he_normal,True,3.0,2.0,1,32,zeros,0.2,0.00018984117650310881,1.0,0.7000000000000001,True,True,,,,,,,,
long_signal,,Conv1D,085,0.9393634855747223,0.9933202862739563,0.49858006834983826,5.525368690490723,0.9914453029632568,3.0,32.0,3.0,same,relu,glorot_normal,True,2.0,2.0,1,32,zeros,0.1,0.0001399855743502144,1.0,0.9,False,True,,,,,,,,
long_signal,,Conv1D,086,1.2650206208229064,0.9950390458106995,0.5,2.3001842498779297,0.9950195550918579,3.0,32.0,7.0,valid,relu,he_normal,True,3.0,2.0,2,32,zeros,0.1,0.01,1.0,0.8,False,True,,,,,,,,
long_signal,,Conv1D,087,0.9458453714847564,0.8681640625,0.49714937806129456,4.194680690765381,0.8146874904632568,3.0,32.0,7.0,valid,relu,he_normal,True,2.0,2.0,1,32,he_normal,0.1,0.0001,1.0,0.1,True,False,,,,,,,,
long_signal,,Conv1D,088,1.3183817982673645,0.9949609637260437,0.5007851123809814,1.7736427783966064,0.9946484565734863,3.0,32.0,7.0,valid,relu,he_normal,True,3.0,2.0,1,32,he_normal,0.5,0.0005407004467009079,1.0,0.1,True,True,,,,,,,,
long_signal,,Conv1D,089,1.2891801238059997,0.9950390458106995,0.5,2.058589220046997,0.9950000047683716,3.0,32.0,3.0,same,relu,he_normal,True,2.0,1.0,1,32,he_normal,0.5,0.01,1.0,0.1,False,True,,,,,,,,
long_signal,,Conv1D,090,1.0758225321769714,0.9944921731948853,0.5018933415412903,4.205629825592041,0.9937695264816284,3.0,32.0,3.0,same,relu,glorot_normal,True,3.0,2.0,1,32,he_normal,0.1,0.0002236884552798416,1.0,0.1,True,True,,,,,,,,
long_signal,,Conv1D,091,1.2689630448818208,0.9950390458106995,0.4999803602695465,2.260563611984253,0.9949023723602295,1.0,32.0,3.0,same,relu,he_normal,True,3.0,1.0,1,32,zeros,0.1,0.01,1.0,0.1,True,True,,,,,,,,
long_signal,,Conv1D,092,1.2858583092689515,0.9950390458106995,0.5,2.0918073654174805,0.994921863079071,1.0,128.0,3.0,same,relu,glorot_normal,False,3.0,1.0,1,32,zeros,0.1,0.01,1.0,0.9,False,True,,,,,,,,
long_signal,,Conv1D,093,1.1044215917587281,0.9949609637260437,0.5028875470161438,3.9342691898345947,0.9939648509025574,3.0,32.0,7.0,valid,relu,he_normal,True,2.0,2.0,1,32,zeros,0.5,0.0004475758441448982,1.0,0.1,False,True,,,,,,,,
long_signal,,Conv1D,094,1.2685806155204773,0.9950390458106995,0.5,2.2645843029022217,0.9948828220367432,3.0,64.0,3.0,same,relu,glorot_normal,False,2.0,1.0,1,32,he_normal,0.5,0.01,2.5,0.9,False,False,,,,,,,,
long_signal,,Conv1D,095,0.9806117415428162,0.9945703148841858,0.5045715570449829,5.185301303863525,0.9945507645606995,3.0,32.0,7.0,same,relu,he_normal,True,2.0,2.0,1,32,he_normal,0.5,0.00036959084714747456,1.0,0.8,False,True,,,,,,,,
long_signal,,Conv1D,096,1.2027433276176454,0.9950390458106995,0.5,2.922957181930542,0.9948632717132568,3.0,32.0,7.0,valid,relu,he_normal,True,2.0,1.0,2,32,he_normal,0.1,0.01,3.0,0.5,True,False,,,,,,,,
long_signal,,Conv1D,097,1.2330500960350037,0.9950390458106995,0.5,2.619889497756958,0.9949804544448853,3.0,128.0,7.0,valid,relu,he_normal,False,2.0,1.0,1,32,he_normal,0.5,0.01,2.5,0.1,True,True,,,,,,,,
long_signal,,Conv1D,098,1.1052467763423919,0.9939062595367432,0.497904509305954,3.8656399250030518,0.9925976395606995,3.0,32.0,7.0,valid,relu,he_normal,True,3.0,2.0,1,32,he_normal,0.1,0.00017863688771194752,1.0,0.1,False,True,,,,,,,,
long_signal,,Conv1D,099,1.328057062625885,0.9950390458106995,0.5,1.6698198318481445,0.9949414134025574,1.0,32.0,7.0,same,relu,he_normal,False,3.0,1.0,1,32,zeros,0.5,0.01,1.0,0.9,False,True,,,,,,,,
long_signal,,Conv1D,100,1.2863433957099915,0.9950390458106995,0.5,2.08695650100708,0.9948046803474426,3.0,32.0,3.0,same,gelu,glorot_normal,False,3.0,2.0,1,32,he_normal,0.5,0.01,1.0,0.9,False,True,,,,,,,,
long_signal,,Conv1D,101,1.2671031594276427,0.9950390458106995,0.5,2.2793588638305664,0.9950000047683716,1.0,32.0,7.0,same,relu,he_normal,True,3.0,2.0,1,32,he_normal,0.5,0.01,1.0,0.1,False,True,,,,,,,,
long_signal,,Conv1D,102,1.3314207911491394,0.9950390458106995,0.5,1.6361825466156006,0.9948632717132568,3.0,32.0,3.0,valid,relu,glorot_normal,False,2.0,1.0,1,32,zeros,0.1,0.01,1.0,0.1,False,False,,,,,,,,
long_signal,,Conv1D,103,1.0930246472358705,0.9950390458106995,0.5004711151123047,4.024855136871338,0.9950000047683716,3.0,32.0,3.0,same,relu,glorot_normal,False,2.0,2.0,1,32,he_normal,0.5,0.0019553165485282254,1.0,0.1,True,False,,,,,,,,
long_signal,,Conv1D,104,1.2820641636848449,0.9950390458106995,0.5,2.129748821258545,0.9950000047683716,3.0,128.0,3.0,valid,relu,glorot_normal,False,2.0,1.0,1,32,he_normal,0.1,0.01,2.0,0.1,False,False,,,,,,,,
long_signal,,Conv1D,105,1.216390883922577,0.9950390458106995,0.5,2.7864816188812256,0.9950000047683716,1.0,32.0,7.0,valid,relu,glorot_normal,False,3.0,2.0,2,32,zeros,0.5,0.01,1.0,0.1,False,True,,,,,,,,
long_signal,,Conv1D,106,1.2347592949867248,0.9950390458106995,0.5,2.602797508239746,0.9951367378234863,1.0,32.0,7.0,same,relu,glorot_normal,False,3.0,2.0,2,32,zeros,0.1,0.01,1.0,0.9,False,True,,,,,,,,
long_signal,,Conv1D,107,1.3123976707458496,0.9950390458106995,0.5,1.8264137506484985,0.9947851300239563,1.0,32.0,7.0,valid,relu,he_normal,False,3.0,2.0,1,32,zeros,0.1,0.01,1.0,0.1,True,False,,,,,,,,
long_signal,,Conv1D,108,1.3268242835998536,0.9950390458106995,0.5000196695327759,1.6823443174362183,0.994921863079071,1.0,32.0,7.0,same,gelu,glorot_normal,True,2.0,2.0,1,32,zeros,0.5,0.01,1.0,0.1,False,True,,,,,,,,
long_signal,,Conv1D,109,1.269593322277069,0.9950390458106995,0.5,2.2544572353363037,0.9949804544448853,3.0,128.0,3.0,same,gelu,glorot_normal,False,2.0,2.0,1,32,he_normal,0.5,0.01,1.0,0.1,False,True,,,,,,,,
long_signal,,Conv1D,110,1.0763869822025298,0.9950390458106995,0.49978408217430115,4.184361457824707,0.9951367378234863,3.0,32.0,3.0,valid,relu,glorot_normal,True,3.0,1.0,1,32,zeros,0.1,0.0019469808121302383,1.0,0.9,True,True,,,,,,,,
long_signal,,Conv1D,111,0.8642673134803772,0.9950390458106995,0.4999411106109619,6.307128429412842,0.9951367378234863,3.0,32.0,7.0,valid,relu,he_normal,True,2.0,1.0,1,32,he_normal,0.1,0.0008950139995767453,1.0,0.6,False,False,,,,,,,,
long_signal,,Conv1D,112,1.2580774307250977,0.9950390458106995,0.5031523108482361,2.401139259338379,0.9948828220367432,3.0,96.0,7.0,same,gelu,glorot_normal,True,2.0,2.0,1,32,he_normal,0.5,0.01,3.0,0.9,False,True,,,,,,,,
long_signal,,Conv1D,113,1.2514935314655304,0.9950390458106995,0.48919960856437683,2.327451229095459,0.9950195550918579,3.0,32.0,7.0,valid,relu,he_normal,True,2.0,2.0,1,32,zeros,0.1,0.0007733214630652838,1.0,0.1,True,True,,,,,,,,
long_signal,,Conv1D,114,1.1103476464748383,0.9948828220367432,0.4999018609523773,3.8443703651428223,0.9943749904632568,3.0,32.0,7.0,same,relu,he_normal,True,3.0,2.0,1,32,zeros,0.5,0.0004304063404536548,3.0,0.9,True,True,,,,,,,,
long_signal,,Conv1D,115,0.4863056182861327,0.9942578077316284,0.5021291971206665,10.100813865661621,0.99365234375,3.0,128.0,7.0,valid,relu,glorot_normal,True,2.0,2.0,1,32,zeros,0.1,0.0001,1.0,0.9,False,False,,,,,,,,
long_signal,,Conv1D,116,0.9309137463569641,0.8282812237739563,0.4755040407180786,3.728715181350708,0.8234765529632568,3.0,32.0,3.0,valid,relu,he_normal,True,3.0,2.0,1,32,zeros,0.5,0.0001,1.0,0.1,True,True,,,,,,,,
long_signal,,Conv1D,117,0.9763558149337769,0.9797656536102295,0.5085452795028687,5.119551181793213,0.9780077934265137,3.0,32.0,3.0,valid,relu,he_normal,True,3.0,2.0,1,32,zeros,0.5,0.0001,1.0,0.9,False,True,,,,,,,,
long_signal,,Conv1D,118,0.74880051612854,0.9798437356948853,0.5016425848007202,7.326858043670654,0.9775000214576721,3.0,32.0,3.0,valid,relu,he_normal,True,3.0,2.0,1,32,zeros,0.1,0.0001,1.0,0.1,False,False,,,,,,,,
long_signal,,Conv1D,119,1.2403209805488586,0.9950390458106995,0.5008636713027954,2.5558173656463623,0.9948828220367432,3.0,32.0,7.0,valid,relu,glorot_normal,True,2.0,2.0,1,32,he_normal,0.1,0.0007737451518278267,3.0,0.1,True,False,,,,,,,,
long_signal,,Conv1D,120,0.9949115753173828,0.7151562571525574,0.5170008540153503,2.372455358505249,0.7020898461341858,3.0,32.0,7.0,valid,relu,he_normal,True,3.0,2.0,1,32,zeros,0.30000000000000004,0.0001,3.0,0.1,True,True,,,,,,,,
long_signal,,Conv1D,121,1.3063537418842315,0.9750390648841858,0.4919590651988983,1.6064438819885254,0.9711132645606995,3.0,32.0,7.0,valid,relu,glorot_normal,True,3.0,2.0,1,32,zeros,0.5,0.0001,2.5,0.5,True,True,,,,,,,,
long_signal,,Conv1D,122,0.8673412919044494,0.9581249952316284,0.4740864634513855,5.6487016677856445,0.8805273175239563,3.0,32.0,7.0,valid,relu,he_normal,True,3.0,2.0,1,32,he_normal,0.5,0.0001,3.0,0.1,True,True,,,,,,,,
long_signal,,Conv1D,123,1.0187471747398376,0.9572656154632568,0.487151563167572,4.256700038909912,0.9549999833106995,3.0,32.0,3.0,same,relu,glorot_normal,True,3.0,2.0,1,32,zeros,0.5,0.0001,3.0,0.5,True,True,,,,,,,,
long_signal,,Conv1D,124,1.0353759467601775,0.9950390458106995,0.4999803602695465,4.596434593200684,0.9951953291893005,3.0,32.0,3.0,valid,relu,he_normal,True,3.0,1.0,1,32,zeros,0.5,0.0024087617982752503,3.0,0.30000000000000004,True,True,,,,,,,,
long_signal,,Conv1D,125,0.9743763089179993,0.9564453363418579,0.5346834063529968,5.167524337768555,0.9642578363418579,3.0,32.0,3.0,valid,relu,glorot_normal,True,3.0,2.0,1,32,zeros,0.5,0.0001,1.0,0.1,False,True,,,,,,,,
long_signal,,Conv1D,126,1.1089890122413635,0.9473046660423279,0.48769402503967285,3.260096788406372,0.9422460794448853,3.0,32.0,7.0,valid,relu,he_normal,True,2.0,2.0,1,32,zeros,0.5,0.0001,2.5,0.5,True,False,,,,,,,,
long_signal,,Conv1D,127,1.154256170988083,0.9079296588897705,0.49618539214134216,2.498588800430298,0.9134765863418579,3.0,32.0,7.0,valid,relu,he_normal,True,2.0,2.0,1,32,zeros,0.5,0.0001,2.5,0.6,True,True,,,,,,,,
long_signal,,Conv1D,128,1.1864297747612,0.9721875190734863,0.49685555696487427,2.8261330127716064,0.9566406011581421,3.0,32.0,7.0,valid,relu,he_normal,True,3.0,2.0,1,32,glorot_normal,0.1,0.0001,2.5,0.1,True,False,,,,,,,,
long_signal,,Conv1D,129,1.33456871509552,0.9950390458106995,0.5005300045013428,1.6100033521652222,0.994824230670929,1.0,32.0,7.0,valid,gelu,glorot_normal,True,3.0,2.0,1,32,zeros,0.5,0.01,3.0,0.1,False,True,,,,,,,,
long_signal,,Conv1D,130,0.861769026517868,0.98046875,0.49490734934806824,6.136070728302002,0.9820117354393005,3.0,32.0,7.0,valid,relu,he_normal,False,3.0,2.0,1,32,zeros,0.5,0.0001,1.5,0.30000000000000004,True,False,,,,,,,,
long_signal,,Conv1D,131,1.2564478993415833,0.9264062643051147,0.5175453424453735,1.8750370740890503,0.9101952910423279,3.0,32.0,7.0,valid,relu,he_normal,True,3.0,2.0,1,32,zeros,0.5,0.0001,2.0,0.4,True,True,,,,,,,,
long_signal,,Conv1D,132,1.225249022245407,0.9950390458106995,0.4991166889667511,2.6890671253204346,0.9949414134025574,3.0,32.0,7.0,valid,relu,he_normal,True,2.0,2.0,1,32,zeros,0.5,0.0007846145864545786,1.0,0.9,True,False,,,,,,,,
long_signal,,Conv1D,133,1.1244906425476073,0.9023827910423279,0.5246616005897522,3.0255374908447266,0.8896484375,3.0,32.0,7.0,valid,relu,he_normal,True,3.0,2.0,1,32,he_normal,0.1,0.0001,3.0,0.5,True,True,,,,,,,,
long_signal,,Conv1D,134,1.3345884799957275,0.9950390458106995,0.5,1.6045056581497192,0.9950781464576721,1.0,32.0,3.0,same,relu,glorot_normal,False,2.0,1.0,1,32,zeros,0.5,0.01,1.0,0.1,False,True,,,,,,,,
long_signal,,Conv1D,135,0.9679874420166016,0.7986719012260437,0.4995972514152527,3.3028171062469482,0.7330859303474426,3.0,32.0,7.0,valid,relu,he_normal,True,2.0,2.0,1,32,zeros,0.1,0.0001,3.0,0.7000000000000001,True,False,,,,,,,,
long_signal,,Conv1D,136,1.0555694460868836,0.976757824420929,0.49922335147857666,4.204117298126221,0.9699413776397705,3.0,32.0,7.0,same,relu,glorot_normal,True,3.0,2.0,1,32,zeros,0.1,0.0001,3.0,0.9,True,True,,,,,,,,
long_signal,,Conv1D,137,1.17386634349823,0.9386327862739563,0.5100938677787781,2.748603105545044,0.9201953411102295,3.0,32.0,7.0,valid,relu,he_normal,True,3.0,2.0,1,32,zeros,0.30000000000000004,0.0001,3.0,0.7000000000000001,True,False,,,,,,,,
long_signal,,Conv1D,138,0.7885920405387878,0.5218750238418579,0.5169373154640198,2.5022029876708984,0.4596484303474426,3.0,32.0,7.0,valid,relu,he_normal,True,3.0,2.0,1,32,zeros,0.1,0.0001,3.0,0.5,True,True,,,,,,,,
long_signal,,Conv1D,139,1.3044157147407531,0.9950390458106995,0.5,1.906233310699463,0.9950781464576721,1.0,128.0,3.0,valid,relu,glorot_normal,False,3.0,1.0,1,32,zeros,0.1,0.01,1.0,0.30000000000000004,True,False,,,,,,,,
long_signal,,Conv1D,140,0.46019500494003296,0.9854297041893005,0.5032291412353516,10.284638404846191,0.984570324420929,3.0,32.0,3.0,same,relu,glorot_normal,False,2.0,2.0,1,32,zeros,0.5,0.0001,1.0,0.9,False,False,,,,,,,,
long_signal,,Conv1D,141,1.1656028628349304,0.9789453148841858,0.5031781196594238,3.165205717086792,0.9759960770606995,3.0,32.0,3.0,valid,relu,glorot_normal,True,3.0,2.0,1,32,he_normal,0.5,0.0001,1.0,0.6,True,True,,,,,,,,
long_signal,,Conv1D,142,1.3319822788238525,0.975781261920929,0.5298118591308594,1.736108422279358,0.9668750166893005,3.0,32.0,7.0,valid,relu,glorot_normal,True,3.0,2.0,1,32,zeros,0.1,0.0001,2.0,0.1,True,True,,,,,,,,
long_signal,,Conv1D,143,1.066472625732422,0.9913671612739563,0.5005001425743103,4.253946781158447,0.9898437261581421,3.0,32.0,7.0,same,relu,glorot_normal,True,2.0,2.0,1,32,zeros,0.4,0.0001,1.5,0.4,True,True,,,,,,,,
long_signal,,Conv1D,144,1.1559901714324952,0.9630078077316284,0.5075945854187012,3.1461222171783447,0.9510546922683716,3.0,32.0,3.0,valid,relu,glorot_normal,True,3.0,2.0,1,32,zeros,0.30000000000000004,0.0001,2.0,0.4,True,True,,,,,,,,
long_signal,,Conv1D,145,1.271153700351715,0.9513280987739563,0.4959864616394043,1.761608600616455,0.944531261920929,3.0,32.0,7.0,valid,relu,glorot_normal,True,3.0,2.0,1,32,he_normal,0.2,0.0001,2.0,0.1,True,True,,,,,,,,
long_signal,,Conv1D,146,0.8882352113723755,0.9922656416893005,0.5126771330833435,6.1670756340026855,0.9914648532867432,3.0,32.0,7.0,valid,relu,glorot_normal,False,3.0,2.0,1,32,he_normal,0.1,0.0001,1.0,0.1,True,False,,,,,,,,
long_signal,,Conv1D,147,1.0471284091472626,0.9847656488418579,0.4887779653072357,4.2641520500183105,0.9804101586341858,3.0,32.0,3.0,same,relu,glorot_normal,True,3.0,2.0,1,32,zeros,0.5,0.0001,1.0,0.9,True,True,,,,,,,,
long_signal,,Conv1D,148,1.1976071357727052,0.9874218702316284,0.5046787261962891,2.944934606552124,0.9825976490974426,3.0,32.0,7.0,valid,relu,glorot_normal,True,2.0,2.0,1,32,zeros,0.5,0.0001,3.0,0.9,True,False,,,,,,,,
long_signal,,Conv1D,149,1.1648786067962646,0.9741015434265137,0.5001401901245117,3.0936312675476074,0.969531238079071,3.0,32.0,7.0,valid,relu,glorot_normal,True,2.0,2.0,1,32,zeros,0.30000000000000004,0.0001,2.0,0.30000000000000004,True,False,,,,,,,,
long_signal,,Conv1D_LSTM,000,-9.004430711269379,0.9950390458106995,0.5,104.99469757080078,0.9705859422683716,,32.0,5.0,same,gelu,glorot_normal,,3.0,1.0,1,128,zeros,0.30000000000000004,0.00028078309037793175,1.5,0.5,,,2.0,2.0,32.0,True,0.35000000000000003,0.45,,
long_signal,,Conv1D_LSTM,001,-9.866488969326019,0.9950390458106995,0.5,113.61528015136719,0.932421863079071,,64.0,5.0,same,relu,glorot_normal,,3.0,2.0,1,64,he_normal,0.5,0.00019528654576328537,1.5,0.5,,,3.0,3.0,64.0,False,0.25,0.45,,
long_signal,,Conv1D_LSTM,002,-2.4863863825798034,0.9950390458106995,0.48941922187805176,39.70844650268555,0.9948828220367432,,64.0,7.0,same,gelu,glorot_normal,,2.0,1.0,2,64,zeros,0.2,0.0006426228293037218,1.0,0.6,,,1.0,1.0,32.0,False,0.45,0.35000000000000003,,
long_signal,,Conv1D_LSTM,003,-9.006893479824067,0.9950390458106995,0.5,105.01932525634766,0.9950976371765137,,128.0,7.0,valid,gelu,glorot_normal,,2.0,1.0,2,128,zeros,0.4,0.0071223894490449685,2.0,0.1,,,1.0,3.0,128.0,False,0.2,0.25,,
long_signal,,Conv1D_LSTM,004,-12.373584306240081,0.9950390458106995,0.5,138.6862335205078,0.6994531154632568,,32.0,7.0,valid,gelu,glorot_normal,,3.0,2.0,2,96,zeros,0.1,0.000100697884207127,2.5,0.5,,,2.0,2.0,64.0,False,0.30000000000000004,0.30000000000000004,,
long_signal,,Conv1D_LSTM,005,-696.2806427836418,0.9898828268051147,0.5011052489280701,6977.71630859375,0.5752929449081421,,128.0,5.0,valid,relu,he_normal,,2.0,1.0,2,64,glorot_normal,0.4,0.000615233199987207,1.0,0.5,,,2.0,3.0,96.0,True,0.45,0.25,,
long_signal,,Conv1D_LSTM,006,-9.345456254482269,0.9950390458106995,0.5,108.40495300292969,0.9949804544448853,,96.0,3.0,same,relu,glorot_normal,,3.0,1.0,1,32,he_normal,0.5,0.006353350532750873,1.0,0.6,,,1.0,3.0,128.0,False,0.25,0.4,,
long_signal,,Conv1D_LSTM,007,-8.547141456604004,0.9950390458106995,0.5069093108177185,100.49089813232422,0.9949414134025574,,32.0,3.0,valid,relu,glorot_normal,,3.0,1.0,2,96,glorot_normal,0.1,0.0004880806205593252,1.0,0.1,,,2.0,1.0,128.0,False,0.35000000000000003,0.4,,
long_signal,,Conv1D_LSTM,008,-5.880983293056488,0.9950390458106995,0.5,73.76022338867188,0.9950976371765137,,32.0,5.0,same,relu,he_normal,,2.0,2.0,1,128,he_normal,0.2,0.002491419010534623,2.5,0.30000000000000004,,,3.0,2.0,96.0,False,0.2,0.35000000000000003,,
long_signal,,Conv1D_LSTM,009,-25.80464051961899,0.9950390458106995,0.5,272.9967956542969,0.7957617044448853,,64.0,3.0,valid,relu,glorot_normal,,3.0,2.0,1,96,glorot_normal,0.4,0.00017275684705076117,3.0,0.7000000000000001,,,3.0,3.0,128.0,False,0.4,0.30000000000000004,,
long_signal,,Conv1D_LSTM,010,-14.282158076763153,0.9950390458106995,0.5038697719573975,157.8106689453125,0.9942773580551147,,128.0,7.0,same,gelu,glorot_normal,,3.0,1.0,1,64,zeros,0.4,0.00011998472287810798,1.5,0.4,,,2.0,2.0,64.0,True,0.35000000000000003,0.30000000000000004,,
long_signal,,Conv1D_LSTM,011,-14.96327394247055,0.9950390458106995,0.5,164.5831298828125,0.9595702886581421,,96.0,5.0,valid,gelu,glorot_normal,,3.0,1.0,2,64,he_normal,0.5,0.0006620419808746878,1.5,0.1,,,1.0,3.0,64.0,True,0.25,0.2,,
long_signal,,Conv1D_LSTM,012,-10.654408586025237,0.9950390458106995,0.5,121.49447631835938,0.9904101490974426,,96.0,3.0,valid,relu,he_normal,,3.0,2.0,2,32,glorot_normal,0.2,0.0005347601471523541,2.0,0.4,,,3.0,2.0,96.0,True,0.30000000000000004,0.25,,
long_signal,,Conv1D_LSTM,013,-5631.180764323473,0.8013281226158142,0.4987669289112091,56324.80859375,0.8391211032867432,,32.0,3.0,same,relu,he_normal,,2.0,1.0,1,32,glorot_normal,0.4,0.00022692088176343598,2.0,0.30000000000000004,,,3.0,2.0,128.0,True,0.35000000000000003,0.25,,
long_signal,,Conv1D_LSTM,014,-24.44923280477524,0.9950390458106995,0.5,259.4427185058594,0.9950195550918579,,96.0,5.0,valid,relu,he_normal,,3.0,2.0,1,32,zeros,0.1,0.0001916346897390569,1.5,0.6,,,3.0,3.0,128.0,False,0.35000000000000003,0.45,,
long_signal,,Conv1D_LSTM,015,-67.9676806807518,0.9950390458106995,0.5,694.627197265625,0.9947070479393005,,32.0,5.0,valid,gelu,glorot_normal,,3.0,1.0,1,96,zeros,0.4,0.00015349183148720766,3.0,0.9,,,1.0,3.0,128.0,True,0.2,0.25,,
long_signal,,Conv1D_LSTM,016,-2.9699378371238705,0.9950390458106995,0.5,44.6497688293457,0.9949023723602295,,128.0,7.0,valid,relu,glorot_normal,,3.0,2.0,1,96,zeros,0.1,0.0001154562309653233,3.0,0.5,,,3.0,1.0,64.0,False,0.2,0.25,,
long_signal,,Conv1D_LSTM,017,-14.665249955654144,0.9950390458106995,0.5,161.60289001464844,0.6314648389816284,,96.0,5.0,valid,gelu,glorot_normal,,3.0,2.0,1,32,zeros,0.5,0.00011761309742767026,1.5,0.5,,,1.0,2.0,64.0,True,0.30000000000000004,0.45,,
long_signal,,Conv1D_LSTM,018,-0.515043008327484,0.9950390458106995,0.5,20.100820541381836,0.9952539205551147,,32.0,3.0,same,relu,he_normal,,3.0,2.0,2,64,he_normal,0.2,0.001772507252479043,1.0,0.6,,,3.0,1.0,32.0,False,0.4,0.30000000000000004,,
long_signal,,Conv1D_LSTM,019,-7.236665666103363,0.9950390458106995,0.5,87.31704711914062,0.9880664348602295,,64.0,5.0,same,relu,glorot_normal,,2.0,2.0,2,64,glorot_normal,0.2,0.000642144054857491,1.0,0.2,,,2.0,1.0,128.0,True,0.25,0.30000000000000004,,
long_signal,,Conv1D_LSTM,020,-0.015705335140228316,0.9950390458106995,0.5,15.107443809509277,0.9949804544448853,,128.0,3.0,valid,gelu,glorot_normal,,2.0,1.0,2,96,he_normal,0.1,0.00829014608439077,1.5,0.7000000000000001,,,2.0,1.0,32.0,False,0.25,0.25,,
long_signal,,Conv1D_LSTM,021,-1.3105746626853945,0.9950390458106995,0.5,28.056137084960938,0.9949609637260437,,32.0,3.0,same,gelu,glorot_normal,,3.0,1.0,2,64,glorot_normal,0.5,0.006838349735093645,1.5,0.7000000000000001,,,2.0,1.0,128.0,True,0.30000000000000004,0.2,,
long_signal,,Conv1D_LSTM,022,-10.44045137166977,0.9950390458106995,0.5,119.35490417480469,0.9950390458106995,,96.0,5.0,same,relu,he_normal,,2.0,2.0,2,96,zeros,0.30000000000000004,0.0001688225189917974,2.5,0.6,,,2.0,3.0,64.0,True,0.45,0.35000000000000003,,
long_signal,,Conv1D_LSTM,023,-2.4707274794578553,0.9950390458106995,0.5,39.65766525268555,0.9950781464576721,,32.0,5.0,same,gelu,glorot_normal,,3.0,2.0,1,128,he_normal,0.5,0.0016102851161552349,3.0,0.1,,,2.0,3.0,32.0,False,0.2,0.30000000000000004,,
long_signal,,Conv1D_LSTM,024,-29.872178971767426,0.9950390458106995,0.5,313.67218017578125,0.9949023723602295,,128.0,3.0,valid,gelu,he_normal,,3.0,2.0,1,96,he_normal,0.2,0.0003918641276645972,2.5,0.4,,,1.0,3.0,128.0,False,0.30000000000000004,0.30000000000000004,,
long_signal,,GRU,000,-145.31798771619796,0.9950390458106995,0.483079195022583,1467.9610595703125,0.9947460889816284,,,,,gelu,glorot_normal,,,,2,32,glorot_normal,0.2,0.00905127409782462,2.5,0.9,,,,,32.0,,0.4,0.2,2.0,
long_signal,,GRU,001,-16.46485322713852,0.9950390458106995,0.5,179.5989227294922,0.9949414134025574,,,,,relu,he_normal,,,,1,128,glorot_normal,0.30000000000000004,0.0006752863927347823,1.0,0.1,,,,,128.0,,0.15000000000000002,0.2,1.0,
long_signal,,GRU,002,-543.1859486877918,0.9950390458106995,0.4949888288974762,5446.759765625,0.9950195550918579,,,,,tanh,glorot_normal,,,,2,64,glorot_normal,0.4,0.004255555813913329,1.0,0.30000000000000004,,,,,96.0,,0.1,0.15000000000000002,3.0,
long_signal,,GRU,003,-364.15204777009785,0.004960937425494194,0.529026448726654,3646.8603515625,0.30833983421325684,,,,,gelu,he_normal,,,,1,64,zeros,0.2,0.00014690651027379393,2.0,0.9,,,,,32.0,,0.15000000000000002,0.35,2.0,
long_signal,,GRU,004,-339.4117865920067,0.9950390458106995,0.5276470184326172,3409.3447265625,0.994824230670929,,,,,gelu,glorot_normal,,,,1,96,zeros,0.5,0.008316141310476274,3.0,0.7000000000000001,,,,,128.0,,0.2,0.2,2.0,
long_signal,,GRU,005,-3.691412103176117,0.7157812714576721,0.5,49.07193374633789,0.44517576694488525,,,,,relu,he_normal,,,,1,32,he_normal,0.5,0.0003021384939866327,2.5,0.9,,,,,32.0,,0.35,0.25,1.0,
long_signal,,GRU,006,-228.39124147892,0.9950390458106995,0.5031970143318176,2298.894775390625,0.9947656393051147,,,,,gelu,glorot_normal,,,,2,32,he_normal,0.30000000000000004,0.0010953574938066576,1.5,0.4,,,,,32.0,,0.4,0.4,2.0,
long_signal,,GRU,007,-239.95455272197722,0.9950390458106995,0.5051689743995667,2414.547607421875,0.9951562285423279,,,,,tanh,he_normal,,,,1,128,glorot_normal,0.30000000000000004,0.0064974404904634625,2.0,0.8,,,,,64.0,,0.1,0.15000000000000002,2.0,
long_signal,,GRU,008,-152.06099853515624,0.9950390458106995,0.46730226278305054,1535.2333984375,0.9948632717132568,,,,,gelu,glorot_normal,,,,2,128,zeros,0.30000000000000004,0.0009452767099282696,2.5,0.7000000000000001,,,,,96.0,,0.35,0.30000000000000004,1.0,
long_signal,,GRU,009,-381.5028741825372,0.004960937425494194,0.48691585659980774,3819.947509765625,0.06603515893220901,,,,,gelu,glorot_normal,,,,1,32,zeros,0.4,0.0003243806953412315,2.5,0.8,,,,,32.0,,0.25,0.1,2.0,
long_signal,,GRU,010,-511.29375271797176,0.9950390458106995,0.4870383143424988,5127.75830078125,0.8952343463897705,,,,,tanh,glorot_normal,,,,2,128,zeros,0.30000000000000004,0.0008019212661756024,1.0,0.30000000000000004,,,,,64.0,,0.1,0.4,2.0,
long_signal,,GRU,011,-392.4234322309494,0.9950390458106995,0.4940043091773987,3939.124755859375,0.9949414134025574,,,,,gelu,he_normal,,,,2,64,glorot_normal,0.5,0.0015525209418522444,2.5,0.5,,,,,64.0,,0.25,0.1,3.0,
long_signal,,GRU,012,-4.660466325283051,0.9950390458106995,0.5,61.5550537109375,0.9949414134025574,,,,,relu,glorot_normal,,,,1,64,zeros,0.30000000000000004,0.00036151371126048177,2.0,0.4,,,,,64.0,,0.35,0.1,1.0,
long_signal,,GRU,013,-53.1348925948143,0.9950390458106995,0.5,546.29931640625,0.5824999809265137,,,,,relu,he_normal,,,,2,64,he_normal,0.4,0.00030969640670569564,2.5,0.30000000000000004,,,,,64.0,,0.1,0.4,2.0,
long_signal,,GRU,014,-217.3274997830391,0.9950390458106995,0.5090285539627075,2188.315673828125,0.9729297161102295,,,,,gelu,glorot_normal,,,,2,128,zeros,0.4,0.0004827322539144281,1.5,0.7000000000000001,,,,,96.0,,0.4,0.25,1.0,
long_signal,,GRU,015,-49.781358659267426,0.9950390458106995,0.5,512.7639770507812,0.9950781464576721,,,,,relu,he_normal,,,,2,128,zeros,0.5,0.0008251039755551379,3.0,0.30000000000000004,,,,,128.0,,0.30000000000000004,0.2,2.0,
long_signal,,GRU,016,-1110.244790428877,0.49074217677116394,0.46573692560195923,11112.0126953125,0.48814451694488525,,,,,tanh,he_normal,,,,1,64,glorot_normal,0.1,0.00026384087338560336,2.0,0.30000000000000004,,,,,64.0,,0.2,0.1,2.0,
long_signal,,GRU,017,-2203.2638855338096,0.7564843893051147,0.5249425768852234,22045.453125,0.5333398580551147,,,,,tanh,he_normal,,,,1,128,glorot_normal,0.5,0.0002421696251742364,1.0,0.7000000000000001,,,,,96.0,,0.15000000000000002,0.35,3.0,
long_signal,,GRU,018,-585.7098251700402,0.9950390458106995,0.5246767997741699,5872.29541015625,0.9348046779632568,,,,,tanh,glorot_normal,,,,2,96,zeros,0.30000000000000004,0.0009629861008872285,2.0,0.9,,,,,128.0,,0.2,0.1,2.0,
long_signal,,GRU,019,-745.7201465010643,0.9950390458106995,0.5,7472.15185546875,0.8555859327316284,,,,,gelu,he_normal,,,,2,32,glorot_normal,0.2,0.0005347601471523541,2.0,0.4,,,,,96.0,,0.25,0.15000000000000002,3.0,
long_signal,,GRU,020,-3.1466334700584415,0.9950390458106995,0.5,46.416725158691406,0.9940429925918579,,,,,relu,glorot_normal,,,,1,32,glorot_normal,0.5,0.001998823411028348,2.0,0.2,,,,,32.0,,0.25,0.30000000000000004,3.0,
long_signal,,GRU,021,-211.23988374471665,0.9950390458106995,0.5039443969726562,2127.388671875,0.9948632717132568,,,,,gelu,he_normal,,,,1,128,he_normal,0.30000000000000004,0.0012633033032926032,1.0,0.8,,,,,32.0,,0.15000000000000002,0.25,2.0,
long_signal,,GRU,022,-2103.021779203415,0.9950390458106995,0.46521300077438354,21044.8203125,0.9109960794448853,,,,,tanh,he_normal,,,,2,32,zeros,0.2,0.00016560330324823594,1.0,0.4,,,,,128.0,,0.15000000000000002,0.25,2.0,
long_signal,,GRU,023,-1.662329614162445,0.9950390458106995,0.5,31.573686599731445,0.994921863079071,,,,,relu,glorot_normal,,,,1,128,glorot_normal,0.5,0.005198673201549641,3.0,0.1,,,,,32.0,,0.35,0.25,2.0,
long_signal,,GRU,024,-32.729371678829196,0.9950390458106995,0.4841799736022949,342.0859069824219,0.9950390458106995,,,,,gelu,glorot_normal,,,,2,128,he_normal,0.4,0.0036990629351355588,2.5,0.1,,,,,32.0,,0.35,0.1,1.0,
long_signal,,GRU,025,-907.8178432941437,0.6506249904632568,0.4850473403930664,9089.53515625,0.5660937428474426,,,,,tanh,glorot_normal,,,,1,64,zeros,0.4,0.00030290765989813667,1.0,0.1,,,,,128.0,,0.2,0.1,1.0,
long_signal,,GRU,026,-104.8976123213768,0.9950390458106995,0.5,1063.926513671875,0.9951562285423279,,,,,relu,he_normal,,,,2,64,he_normal,0.4,0.0013638404825740366,2.0,0.6,,,,,64.0,,0.30000000000000004,0.4,3.0,
long_signal,,GRU,027,-893.787767457962,0.9950390458106995,0.5420958399772644,8953.2490234375,0.8552148342132568,,,,,gelu,glorot_normal,,,,1,64,glorot_normal,0.5,0.00031570701500918154,1.0,0.1,,,,,128.0,,0.1,0.4,2.0,
long_signal,,GRU,028,-1151.435965383053,0.8424609303474426,0.5229408740997314,11528.013671875,0.6155859231948853,,,,,tanh,he_normal,,,,1,128,glorot_normal,0.4,0.00032149734827404113,3.0,0.30000000000000004,,,,,96.0,,0.15000000000000002,0.15000000000000002,2.0,
long_signal,,GRU,029,-203.76066201925278,0.9950390458106995,0.49844932556152344,2052.54150390625,0.9945898652076721,,,,,gelu,glorot_normal,,,,1,32,zeros,0.2,0.0015453316687064683,1.5,0.9,,,,,32.0,,0.2,0.25,2.0,
long_signal,,GRU,030,-224.46933376789093,0.9950390458106995,0.49265843629837036,2259.5703125,0.9229491949081421,,,,,gelu,he_normal,,,,1,64,zeros,0.1,0.0005405245899425882,2.5,0.30000000000000004,,,,,32.0,,0.2,0.25,2.0,
long_signal,,GRU,031,-331.7581449508667,0.9950390458106995,0.5020894408226013,3332.552734375,0.9949023723602295,,,,,gelu,glorot_normal,,,,1,64,zeros,0.2,0.006492690297457527,2.5,0.7000000000000001,,,,,128.0,,0.15000000000000002,0.1,2.0,
long_signal,,GRU,032,-4.791937577724457,0.9950390458106995,0.5,62.86976623535156,0.9950000047683716,,,,,relu,he_normal,,,,1,32,he_normal,0.2,0.009803686089744015,1.5,0.1,,,,,128.0,,0.30000000000000004,0.15000000000000002,1.0,
long_signal,,GRU,033,-578.0718447446823,0.9950390458106995,0.5138779282569885,5795.8076171875,0.9949414134025574,,,,,gelu,glorot_normal,,,,2,128,he_normal,0.2,0.002269730362400285,2.0,0.5,,,,,128.0,,0.4,0.25,3.0,
long_signal,,GRU,034,-15.717132890224455,0.9950390458106995,0.5,172.12171936035156,0.994824230670929,,,,,relu,he_normal,,,,2,64,he_normal,0.5,0.0017940757181116695,2.5,0.7000000000000001,,,,,32.0,,0.1,0.4,2.0,
long_signal,,GRU,035,-5.143631303310395,0.9950390458106995,0.5,66.38670349121094,0.9949804544448853,,,,,relu,he_normal,,,,1,64,zeros,0.4,0.0009211376149271358,2.0,0.7000000000000001,,,,,64.0,,0.30000000000000004,0.25,1.0,
long_signal,,GRU,036,-2.6968955397605896,0.9950390458106995,0.5,41.91934585571289,0.9951562285423279,,,,,relu,glorot_normal,,,,2,128,he_normal,0.4,0.00922049314969164,1.0,0.1,,,,,32.0,,0.2,0.15000000000000002,3.0,
long_signal,,GRU,037,-831.897260761261,0.9950390458106995,0.4928564429283142,8333.8515625,0.7552148699760437,,,,,tanh,he_normal,,,,2,128,he_normal,0.2,0.0005691214031067918,2.0,0.2,,,,,32.0,,0.4,0.35,3.0,
long_signal,,GRU,038,-108.6421582031995,0.004960937425494194,0.5,1091.47119140625,0.005195312667638063,,,,,relu,glorot_normal,,,,1,128,glorot_normal,0.2,0.00010674541740374034,1.0,0.9,,,,,96.0,,0.30000000000000004,0.2,3.0,
long_signal,,GRU,039,-0.35781491994857784,0.9950390458106995,0.5,18.528539657592773,0.9950195550918579,,,,,relu,he_normal,,,,1,128,glorot_normal,0.1,0.009482817460352821,1.5,0.5,,,,,32.0,,0.1,0.2,1.0,
long_signal,,GRU,040,-7.3742030501365665,0.9950390458106995,0.5,88.69242095947266,0.9951171875,,,,,relu,glorot_normal,,,,2,128,glorot_normal,0.2,0.0006357174970081492,1.5,0.9,,,,,32.0,,0.15000000000000002,0.15000000000000002,1.0,
long_signal,,GRU,041,-0.6737998366355895,0.9950390458106995,0.5,21.68838882446289,0.9947656393051147,,,,,relu,he_normal,,,,2,64,zeros,0.4,0.01,2.5,0.1,,,,,32.0,,0.2,0.35,1.0,
long_signal,,GRU,042,-3.293171054124832,0.9950390458106995,0.4999803602695465,47.88190460205078,0.9950585961341858,,,,,relu,glorot_normal,,,,1,64,he_normal,0.1,0.0007393832974477274,3.0,0.7000000000000001,,,,,32.0,,0.25,0.4,1.0,
long_signal,,GRU,043,-4.293689286708831,0.9950390458106995,0.5,57.88728332519531,0.9948828220367432,,,,,relu,glorot_normal,,,,1,128,glorot_normal,0.4,0.01,1.0,0.1,,,,,128.0,,0.25,0.1,1.0,
long_signal,,GRU,044,-2.245233476161957,0.9950390458106995,0.5,37.40272521972656,0.9948632717132568,,,,,relu,glorot_normal,,,,1,128,zeros,0.1,0.0006213608691386911,2.5,0.9,,,,,32.0,,0.4,0.2,2.0,
long_signal,,GRU,045,-43.33814576864243,0.9950390458106995,0.5,448.33184814453125,0.9948828220367432,,,,,relu,he_normal,,,,1,32,he_normal,0.2,0.01,2.5,0.9,,,,,32.0,,0.15000000000000002,0.1,3.0,
long_signal,,GRU,046,-1.3553304076194763,0.9950390458106995,0.5,28.503694534301758,0.9950000047683716,,,,,relu,glorot_normal,,,,1,128,zeros,0.2,0.0005560830725965894,1.0,0.1,,,,,32.0,,0.30000000000000004,0.4,1.0,
long_signal,,GRU,047,-0.8399524092674255,0.9950390458106995,0.5,23.34991455078125,0.9949414134025574,,,,,relu,glorot_normal,,,,1,128,he_normal,0.4,0.009895612373186126,1.0,0.9,,,,,32.0,,0.4,0.1,1.0,
long_signal,,GRU,048,-3.9399886488914486,0.9950390458106995,0.5,54.350276947021484,0.9948046803474426,,,,,relu,glorot_normal,,,,2,96,zeros,0.1,0.0021467336396612407,3.0,0.1,,,,,32.0,,0.1,0.4,3.0,
long_signal,,GRU,049,-7.450335252285004,0.9950390458106995,0.5,89.45374298095703,0.9950195550918579,,,,,relu,he_normal,,,,2,128,he_normal,0.5,0.01,2.5,0.1,,,,,128.0,,0.1,0.15000000000000002,1.0,
long_signal,,GRU,050,-0.5963025450706483,0.9950390458106995,0.5,20.913415908813477,0.9949414134025574,,,,,relu,he_normal,,,,1,32,he_normal,0.4,0.0032160217428576503,3.0,0.1,,,,,32.0,,0.4,0.4,1.0,
long_signal,,GRU,051,-1.49473260641098,0.9950390458106995,0.5,29.897716522216797,0.9950781464576721,,,,,relu,glorot_normal,,,,2,32,he_normal,0.5,0.007204424449670453,2.0,0.1,,,,,32.0,,0.1,0.2,1.0,
long_signal,,GRU,052,-3.2960299849510193,0.9950390458106995,0.5,47.91069030761719,0.9950000047683716,,,,,relu,he_normal,,,,2,128,zeros,0.5,0.01,3.0,0.9,,,,,64.0,,0.4,0.1,1.0,
long_signal,,GRU,053,-9.567646031454206,0.004960937425494194,0.5000981092453003,100.72705078125,0.4463476538658142,,,,,relu,glorot_normal,,,,2,128,zeros,0.5,0.0001,3.0,0.1,,,,,32.0,,0.4,0.35,1.0,
long_signal,,GRU,054,-8.393043076992035,0.9950390458106995,0.5,98.88082122802734,0.994921863079071,,,,,relu,he_normal,,,,1,128,zeros,0.2,0.0055096122024809934,2.5,0.1,,,,,128.0,,0.4,0.15000000000000002,1.0,
long_signal,,GRU,055,-0.9859963774681093,0.9950390458106995,0.5,24.810354232788086,0.9952148199081421,,,,,relu,he_normal,,,,1,128,he_normal,0.4,0.0019926177093329473,1.0,0.1,,,,,32.0,,0.35,0.1,1.0,
long_signal,,GRU,056,-24.913202381134035,0.9950390458106995,0.45680373907089233,263.65045166015625,0.9240624904632568,,,,,relu,glorot_normal,,,,1,128,he_normal,0.1,0.0001,1.0,0.9,,,,,128.0,,0.4,0.1,1.0,
long_signal,,GRU,057,-1.9061736464500427,0.9950390458106995,0.5,34.01212692260742,0.9948437213897705,,,,,relu,he_normal,,,,1,32,zeros,0.1,0.00018522464721812504,3.0,0.9,,,,,32.0,,0.4,0.4,1.0,
long_signal,,GRU,058,-10.832066667079925,0.9950390458106995,0.5,123.27105712890625,0.9949609637260437,,,,,relu,glorot_normal,,,,2,128,zeros,0.5,0.0023326008151415972,3.0,0.1,,,,,128.0,,0.4,0.1,1.0,
long_signal,,GRU,059,-6.514004576206208,0.9950390458106995,0.5014132261276245,80.10456848144531,0.9929492473602295,,,,,relu,he_normal,,,,1,128,zeros,0.1,0.00017449628427652051,3.0,0.1,,,,,32.0,,0.1,0.4,1.0,
long_signal,,GRU,060,-14.582107865810393,0.9950390458106995,0.5,160.77146911621094,0.9950000047683716,,,,,relu,glorot_normal,,,,1,128,he_normal,0.1,0.0022836857530920034,1.0,0.9,,,,,32.0,,0.1,0.1,3.0,
long_signal,,GRU,061,-5.985229861736298,0.9950390458106995,0.5013740062713623,74.8164291381836,0.9771093726158142,,,,,relu,glorot_normal,,,,2,128,he_normal,0.5,0.0005445680078584868,3.0,0.1,,,,,32.0,,0.1,0.4,1.0,
long_signal,,GRU,062,-42.34243348836899,0.9950390458106995,0.5,438.3747253417969,0.9950195550918579,,,,,relu,he_normal,,,,1,32,zeros,0.1,0.01,3.0,0.30000000000000004,,,,,32.0,,0.30000000000000004,0.4,3.0,
long_signal,,GRU,063,-6.408884751796722,0.9950390458106995,0.5,79.03923797607422,0.9949414134025574,,,,,relu,glorot_normal,,,,2,128,he_normal,0.1,0.01,1.0,0.1,,,,,128.0,,0.1,0.4,1.0,
long_signal,,GRU,064,-0.7533227324485781,0.9950390458106995,0.5,22.483617782592773,0.9950390458106995,,,,,relu,glorot_normal,,,,2,128,zeros,0.5,0.01,1.0,0.1,,,,,32.0,,0.1,0.4,1.0,
long_signal,,GRU,065,-3.708923572301865,0.9950390458106995,0.499666303396225,52.03628921508789,0.9950585961341858,,,,,relu,he_normal,,,,1,96,he_normal,0.1,0.0007011989073478253,1.0,0.9,,,,,32.0,,0.4,0.35,1.0,
long_signal,,GRU,066,-7.935927903652191,0.9950390458106995,0.5,94.3096694946289,0.9948632717132568,,,,,relu,he_normal,,,,2,128,zeros,0.1,0.01,3.0,0.9,,,,,32.0,,0.1,0.1,3.0,
long_signal,,GRU,067,-5.25577882528305,0.9950390458106995,0.5,67.5081787109375,0.9949804544448853,,,,,relu,he_normal,,,,1,128,he_normal,0.1,0.01,1.0,0.9,,,,,128.0,,0.15000000000000002,0.1,1.0,
long_signal,,GRU,068,-0.8288466811180113,0.9950390458106995,0.5,23.23885726928711,0.9948828220367432,,,,,relu,he_normal,,,,1,128,he_normal,0.5,0.01,3.0,0.9,,,,,32.0,,0.1,0.1,1.0,
long_signal,,GRU,069,-1.3646830916404724,0.9950390458106995,0.5,28.59722137451172,0.9951757788658142,,,,,relu,glorot_normal,,,,2,32,zeros,0.5,0.01,3.0,0.1,,,,,32.0,,0.4,0.1,3.0,
long_signal,,GRU,070,-7.95533332824707,0.9950390458106995,0.5033873915672302,94.53759765625,0.7268359661102295,,,,,relu,he_normal,,,,2,32,he_normal,0.5,0.00029532250067725366,3.0,0.1,,,,,32.0,,0.4,0.1,1.0,
long_signal,,GRU,071,-47.94943116903305,0.9950390458106995,0.5,494.4447021484375,0.9950976371765137,,,,,relu,he_normal,,,,2,32,he_normal,0.2,0.01,3.0,0.1,,,,,32.0,,0.1,0.30000000000000004,3.0,
long_signal,,GRU,072,-8.084853458404542,0.9950390458106995,0.5108370184898376,95.90729522705078,0.9474999904632568,,,,,relu,glorot_normal,,,,2,32,he_normal,0.5,0.00010000000000000005,3.0,0.9,,,,,32.0,,0.4,0.4,1.0,
long_signal,,GRU,073,-5.352616441249848,0.9950390458106995,0.5,68.47655487060547,0.9949609637260437,,,,,relu,glorot_normal,,,,2,32,he_normal,0.5,0.01,3.0,0.1,,,,,128.0,,0.4,0.4,1.0,
long_signal,,GRU,074,-11.326750504970551,0.9950390458106995,0.5,128.2178955078125,0.9950585961341858,,,,,relu,glorot_normal,,,,1,128,zeros,0.1,0.0011177707251089082,1.0,0.9,,,,,128.0,,0.4,0.4,1.0,
long_signal,,GRU,075,-11.917215287685394,0.9950390458106995,0.5,134.12254333496094,0.9760546684265137,,,,,relu,he_normal,,,,2,128,he_normal,0.1,0.0001,3.0,0.9,,,,,32.0,,0.1,0.4,1.0,
long_signal,,GRU,076,-16.71613820195198,0.9950000047683716,0.4752295911312103,181.86367797851562,0.804003894329071,,,,,relu,glorot_normal,,,,1,128,he_normal,0.1,0.00021310494827022494,1.0,0.1,,,,,96.0,,0.1,0.15000000000000002,1.0,
long_signal,,GRU,077,-8.890338890627026,0.004960937425494194,0.4875637888908386,93.8286361694336,0.04273437336087227,,,,,relu,glorot_normal,,,,1,128,zeros,0.1,0.0001,1.0,0.9,,,,,32.0,,0.1,0.4,1.0,
long_signal,,GRU,078,-8.156402146816253,0.9950390458106995,0.5,96.51441192626953,0.9951367378234863,,,,,relu,he_normal,,,,2,128,zeros,0.5,0.01,3.0,0.1,,,,,128.0,,0.4,0.4,1.0,
long_signal,,GRU,079,-3.282724702358246,0.9950390458106995,0.5,47.77763748168945,0.9942578077316284,,,,,relu,glorot_normal,,,,1,128,zeros,0.1,0.0001,1.0,0.9,,,,,32.0,,0.4,0.1,1.0,
long_signal,,GRU,080,-29.874815690517426,0.9950390458106995,0.5,313.69854736328125,0.9099414348602295,,,,,relu,glorot_normal,,,,2,32,he_normal,0.1,0.0001,3.0,0.9,,,,,32.0,,0.1,0.4,3.0,
long_signal,,GRU,081,-10.149416673183442,0.9950390458106995,0.5,116.4445571899414,0.7114843726158142,,,,,relu,glorot_normal,,,,2,32,he_normal,0.5,0.00016695937413304873,3.0,0.1,,,,,32.0,,0.30000000000000004,0.4,3.0,
long_signal,,GRU,082,-1.062045228481293,0.9950390458106995,0.5,25.570842742919922,0.994921863079071,,,,,relu,he_normal,,,,2,32,he_normal,0.5,0.01,1.0,0.9,,,,,32.0,,0.4,0.1,1.0,
long_signal,,GRU,083,-2.05988267660141,0.9950390458106995,0.5,35.549217224121094,0.9949804544448853,,,,,relu,glorot_normal,,,,2,32,zeros,0.5,0.0026095993088249506,3.0,0.9,,,,,32.0,,0.4,0.4,3.0,
long_signal,,GRU,084,-6.349366319179535,0.9950390458106995,0.5,78.44405364990234,0.994921863079071,,,,,relu,he_normal,,,,1,128,he_normal,0.1,0.01,3.0,0.1,,,,,128.0,,0.1,0.4,1.0,
long_signal,,GRU,085,-0.5602921843528748,0.9950390458106995,0.5,20.553312301635742,0.9949023723602295,,,,,relu,glorot_normal,,,,1,32,he_normal,0.5,0.01,1.0,0.9,,,,,32.0,,0.4,0.4,1.0,
long_signal,,GRU,086,-4.394330155849457,0.9950390458106995,0.5,58.89369201660156,0.9948046803474426,,,,,relu,glorot_normal,,,,1,32,zeros,0.1,0.0001,1.0,0.9,,,,,32.0,,0.4,0.4,3.0,
long_signal,,GRU,087,-6.592469346523284,0.9950390458106995,0.5,80.87508392333984,0.9950195550918579,,,,,relu,glorot_normal,,,,2,128,zeros,0.1,0.01,1.0,0.9,,,,,32.0,,0.1,0.4,3.0,
long_signal,,GRU,088,-2.747249780967832,0.004960937425494194,0.4999018609523773,32.52112579345703,0.5008593797683716,,,,,relu,glorot_normal,,,,1,32,he_normal,0.5,0.00035699767263957626,1.0,0.1,,,,,32.0,,0.4,0.1,1.0,
long_signal,,GRU,089,-0.7921330809593199,0.9950390458106995,0.5,22.871721267700195,0.9950000047683716,,,,,relu,he_normal,,,,1,128,zeros,0.1,0.004899079765687608,3.0,0.9,,,,,32.0,,0.1,0.4,1.0,
long_signal,,GRU,090,-4.679883897304535,0.9950390458106995,0.5,61.749229431152344,0.9949414134025574,,,,,relu,glorot_normal,,,,1,32,zeros,0.1,0.0001,3.0,0.1,,,,,32.0,,0.4,0.25,3.0,
long_signal,,GRU,091,-43.04715760946274,0.9950390458106995,0.5,445.4219665527344,0.8372265696525574,,,,,relu,glorot_normal,,,,1,32,he_normal,0.1,0.0001,1.0,0.9,,,,,32.0,,0.4,0.1,3.0,
long_signal,,GRU,092,-1.3116397261619568,0.9950390458106995,0.5,28.066787719726562,0.994824230670929,,,,,relu,glorot_normal,,,,1,32,zeros,0.1,0.01,1.0,0.1,,,,,32.0,,0.4,0.1,3.0,
long_signal,,GRU,093,-8.030786454677582,0.9950390458106995,0.5,95.25825500488281,0.994921863079071,,,,,relu,glorot_normal,,,,2,128,zeros,0.1,0.0001,1.0,0.9,,,,,32.0,,0.4,0.4,3.0,
long_signal,,GRU,094,-29.289502137899397,0.9950390458106995,0.49984297156333923,307.8438415527344,0.9629882574081421,,,,,relu,glorot_normal,,,,2,128,zeros,0.1,0.0001,3.0,0.9,,,,,128.0,,0.4,0.4,1.0,
long_signal,,GRU,095,-1.583722245693207,0.9950390458106995,0.5,30.787612915039062,0.9949414134025574,,,,,relu,glorot_normal,,,,2,128,zeros,0.5,0.003424703174882644,1.0,0.1,,,,,32.0,,0.4,0.1,1.0,
long_signal,,GRU,096,-26.4604771733284,0.9950390458106995,0.5035444498062134,279.5906066894531,0.9938867092132568,,,,,relu,glorot_normal,,,,1,128,zeros,0.1,0.0001,3.0,0.1,,,,,128.0,,0.4,0.4,1.0,
long_signal,,GRU,097,-1.0255431532859802,0.9950390458106995,0.5,25.205821990966797,0.9950195550918579,,,,,relu,he_normal,,,,1,32,zeros,0.1,0.0019274609177620066,3.0,0.1,,,,,32.0,,0.4,0.1,1.0,
long_signal,,GRU,098,-0.0914531111717225,0.9950390458106995,0.5,15.864921569824219,0.9948828220367432,,,,,relu,he_normal,,,,1,32,he_normal,0.2,0.01,1.0,0.9,,,,,32.0,,0.1,0.4,1.0,
long_signal,,GRU,099,-2.646060121059418,0.9950390458106995,0.5,41.41099166870117,0.9949414134025574,,,,,relu,glorot_normal,,,,1,32,zeros,0.5,0.0001,3.0,0.1,,,,,32.0,,0.4,0.4,1.0,
long_signal,,GRU,100,-9.004701030254363,0.9950390458106995,0.5035245418548584,105.03264617919922,0.8727148175239563,,,,,relu,glorot_normal,,,,1,128,he_normal,0.1,0.0001,1.0,0.9,,,,,32.0,,0.4,0.4,1.0,
long_signal,,GRU,101,-29.41682313680649,0.9950390458106995,0.5,309.1186218261719,0.9950195550918579,,,,,relu,glorot_normal,,,,1,32,he_normal,0.1,0.01,1.0,0.1,,,,,32.0,,0.1,0.4,3.0,
long_signal,,GRU,102,-2.951425874233246,0.9950390458106995,0.5,44.46464920043945,0.9949609637260437,,,,,relu,glorot_normal,,,,2,32,zeros,0.1,0.0001,3.0,0.1,,,,,32.0,,0.4,0.4,1.0,
long_signal,,GRU,103,-15.26470090150833,0.9950390458106995,0.5069180727005005,167.6665802001953,0.688281238079071,,,,,relu,glorot_normal,,,,2,128,he_normal,0.1,0.0001,1.0,0.1,,,,,32.0,,0.1,0.4,1.0,
long_signal,,GRU,104,-16.629854142665863,0.9950390458106995,0.5,181.24893188476562,0.994921863079071,,,,,relu,glorot_normal,,,,1,32,he_normal,0.5,0.0002329561168119573,3.0,0.1,,,,,128.0,,0.4,0.1,1.0,
long_signal,,GRU,105,0.22099386453628544,0.9950390458106995,0.5,12.74045181274414,0.994921863079071,,,,,relu,glorot_normal,,,,1,32,he_normal,0.5,0.01,3.0,0.1,,,,,32.0,,0.4,0.1,1.0,
long_signal,,GRU,106,-1.1261439681053163,0.9950390458106995,0.5,26.211830139160156,0.994921863079071,,,,,relu,glorot_normal,,,,2,128,zeros,0.5,0.01,3.0,0.1,,,,,32.0,,0.1,0.1,3.0,
long_signal,,GRU,107,-29.132312136888505,0.9950390458106995,0.4999803602695465,306.2733154296875,0.8753906488418579,,,,,relu,glorot_normal,,,,2,128,zeros,0.5,0.0001,3.0,0.9,,,,,128.0,,0.4,0.1,1.0,
long_signal,,GRU,108,-15.460203874111176,0.9950390458106995,0.5,169.55242919921875,0.9925390481948853,,,,,relu,glorot_normal,,,,1,128,he_normal,0.1,0.0003934909282837338,1.0,0.1,,,,,128.0,,0.4,0.35,1.0,
long_signal,,GRU,109,-5.987882554531097,0.9950390458106995,0.5,74.82921600341797,0.994921863079071,,,,,relu,glorot_normal,,,,2,32,zeros,0.1,0.0001,3.0,0.9,,,,,32.0,,0.4,0.1,3.0,
long_signal,,GRU,110,-21.854954850673675,0.9950390458106995,0.5,233.49993896484375,0.9949414134025574,,,,,relu,glorot_normal,,,,2,32,zeros,0.5,0.01,1.0,0.1,,,,,32.0,,0.4,0.4,3.0,
long_signal,,GRU,111,-14.459431779384612,0.9950390458106995,0.5,159.54470825195312,0.9949804544448853,,,,,relu,glorot_normal,,,,2,32,zeros,0.5,0.01,1.0,0.9,,,,,32.0,,0.4,0.1,3.0,
long_signal,,GRU,112,-25.50081511028111,0.004960937425494194,0.5009225606918335,260.0669860839844,0.1892968714237213,,,,,relu,glorot_normal,,,,1,128,zeros,0.1,0.0001,1.0,0.1,,,,,128.0,,0.4,0.1,1.0,
long_signal,,GRU,113,-31.144795548915866,0.9950390458106995,0.5,326.3983459472656,0.9311913847923279,,,,,relu,glorot_normal,,,,2,128,zeros,0.1,0.0001,3.0,0.9,,,,,32.0,,0.1,0.4,3.0,
long_signal,,GRU,114,-5.354376685619354,0.9950390458106995,0.5034658908843994,68.52881622314453,0.5645117163658142,,,,,relu,he_normal,,,,2,128,zeros,0.5,0.0001,3.0,0.9,,,,,32.0,,0.4,0.4,1.0,
long_signal,,GRU,115,-16.644580399990083,0.9950390458106995,0.5,181.3961944580078,0.994824230670929,,,,,relu,glorot_normal,,,,2,128,zeros,0.30000000000000004,0.0007139452687464009,3.0,0.1,,,,,128.0,,0.1,0.4,1.0,
long_signal,,GRU,116,-6.711362016201019,0.9950390458106995,0.5,82.06401062011719,0.9951171875,,,,,relu,he_normal,,,,2,32,he_normal,0.5,0.01,3.0,0.9,,,,,128.0,,0.4,0.1,1.0,
long_signal,,GRU,117,-15.571794939041137,0.9950390458106995,0.4932963252067566,170.60130310058594,0.9775586128234863,,,,,relu,glorot_normal,,,,2,128,zeros,0.1,0.0001,3.0,0.1,,,,,32.0,,0.1,0.1,1.0,
long_signal,,GRU,118,-32.71377640254796,0.004960937425494194,0.5000981092453003,332.1883544921875,0.5869531035423279,,,,,relu,glorot_normal,,,,2,128,he_normal,0.5,0.0001,3.0,0.1,,,,,128.0,,0.4,0.4,1.0,
long_signal,,GRU,119,-37.26021580696106,0.9950390458106995,0.49968594312667847,387.5494079589844,0.8639257550239563,,,,,relu,glorot_normal,,,,2,128,he_normal,0.1,0.0001,3.0,0.1,,,,,128.0,,0.25,0.1,1.0,
long_signal,,GRU,120,-1.358736550807953,0.9950390458106995,0.5,28.537755966186523,0.9949023723602295,,,,,relu,he_normal,,,,2,128,he_normal,0.5,0.01,3.0,0.9,,,,,32.0,,0.4,0.4,1.0,
long_signal,,GRU,121,-8.731787936761975,0.004960937425494194,0.499960720539093,92.36709594726562,0.23216797411441803,,,,,relu,he_normal,,,,2,32,he_normal,0.1,0.0001,3.0,0.1,,,,,32.0,,0.1,0.4,1.0,
long_signal,,GRU,122,-58.28286254890263,0.004960937425494194,0.5,587.8782348632812,0.15273436903953552,,,,,relu,he_normal,,,,2,32,he_normal,0.1,0.0001,3.0,0.9,,,,,32.0,,0.4,0.4,3.0,
long_signal,,GRU,123,-7.796857434511185,0.7672265768051147,0.49972519278526306,90.63809204101562,0.4109179675579071,,,,,relu,glorot_normal,,,,1,128,he_normal,0.1,0.0001,3.0,0.1,,,,,32.0,,0.4,0.1,1.0,
long_signal,,GRU,124,-1.3166232466697694,0.9950390458106995,0.5,28.116622924804688,0.9948437213897705,,,,,relu,glorot_normal,,,,2,128,zeros,0.5,0.01,1.0,0.9,,,,,32.0,,0.4,0.4,1.0,
long_signal,,GRU,125,-7.2455197930335995,0.9950000047683716,0.5033133625984192,87.4383316040039,0.9651172161102295,,,,,relu,he_normal,,,,1,128,zeros,0.1,0.0001,3.0,0.9,,,,,32.0,,0.15000000000000002,0.1,1.0,
long_signal,,GRU,126,-22.372521996498108,0.9693359136581421,0.5,238.4185791015625,0.44273436069488525,,,,,relu,he_normal,,,,2,128,he_normal,0.5,0.0002719933731926978,3.0,0.1,,,,,128.0,,0.4,0.1,1.0,
long_signal,,GRU,127,-5.392069160938263,0.9950390458106995,0.49015772342681885,68.77265930175781,0.9247851371765137,,,,,relu,glorot_normal,,,,2,32,he_normal,0.1,0.0001,3.0,0.1,,,,,32.0,,0.4,0.1,1.0,
long_signal,,GRU,128,-15.076110916212201,0.004960937425494194,0.5004711151123047,155.8154296875,0.42525389790534973,,,,,relu,glorot_normal,,,,2,128,he_normal,0.5,0.0001,3.0,0.9,,,,,32.0,,0.4,0.1,1.0,
long_signal,,GRU,129,-10.906701982021332,0.9950390458106995,0.5,124.01741027832031,0.7941992282867432,,,,,relu,he_normal,,,,2,128,zeros,0.1,0.0001,3.0,0.1,,,,,32.0,,0.4,0.1,1.0,
long_signal,,GRU,130,-23.702810649946333,0.004960937425494194,0.49988222122192383,242.0765380859375,0.014316406100988388,,,,,relu,glorot_normal,,,,1,32,he_normal,0.1,0.0001,3.0,0.1,,,,,128.0,,0.4,0.4,1.0,
long_signal,,GRU,131,-7.052311265468598,0.9950390458106995,0.5,85.47350311279297,0.9949023723602295,,,,,relu,he_normal,,,,2,128,zeros,0.1,0.01,3.0,0.1,,,,,128.0,,0.1,0.1,1.0,
long_signal,,GRU,132,-20.05392030477524,0.9950390458106995,0.5,215.48959350585938,0.9949414134025574,,,,,relu,he_normal,,,,2,128,he_normal,0.1,0.0006048812979689766,3.0,0.1,,,,,128.0,,0.30000000000000004,0.4,1.0,
long_signal,,GRU,133,-53.84943727254868,0.9950390458106995,0.5,553.4447631835938,0.994921863079071,,,,,relu,glorot_normal,,,,2,32,he_normal,0.5,0.01,3.0,0.1,,,,,128.0,,0.1,0.1,3.0,
long_signal,,GRU,134,-2.0884307265281676,0.9950390458106995,0.5,35.83469772338867,0.994921863079071,,,,,relu,glorot_normal,,,,2,128,zeros,0.1,0.01,1.0,0.1,,,,,32.0,,0.1,0.1,3.0,
long_signal,,GRU,135,-2.604218232631683,0.9950390458106995,0.5,40.99257278442383,0.994921863079071,,,,,relu,glorot_normal,,,,1,32,zeros,0.1,0.0001,3.0,0.1,,,,,32.0,,0.1,0.4,1.0,
long_signal,,GRU,136,-1.8232024550437926,0.9950390458106995,0.5,33.18241500854492,0.9948632717132568,,,,,relu,glorot_normal,,,,2,32,he_normal,0.5,0.01,1.0,0.9,,,,,32.0,,0.1,0.1,3.0,
long_signal,,GRU,137,-13.54542726278305,0.9950390458106995,0.5,150.4046630859375,0.7160351276397705,,,,,relu,glorot_normal,,,,2,32,he_normal,0.5,0.0001,3.0,0.9,,,,,32.0,,0.4,0.1,3.0,
long_signal,,GRU,138,-6.564140641689301,0.9950390458106995,0.5,80.591796875,0.9948828220367432,,,,,relu,glorot_normal,,,,2,128,he_normal,0.5,0.01,3.0,0.9,,,,,128.0,,0.1,0.1,1.0,
long_signal,,GRU,139,-2.0763606429100037,0.9950390458106995,0.5,35.71399688720703,0.9951171875,,,,,relu,glorot_normal,,,,2,32,he_normal,0.5,0.01,1.0,0.1,,,,,32.0,,0.4,0.1,3.0,
long_signal,,GRU,140,-1.296307122707367,0.9950390458106995,0.5,27.913461685180664,0.9950195550918579,,,,,relu,glorot_normal,,,,1,32,he_normal,0.1,0.01,1.0,0.9,,,,,32.0,,0.4,0.4,3.0,
long_signal,,GRU,141,-42.07598388679325,0.004960937425494194,0.5,425.8094482421875,0.34449219703674316,,,,,relu,glorot_normal,,,,2,32,he_normal,0.30000000000000004,0.0001,3.0,0.1,,,,,32.0,,0.1,0.1,3.0,
long_signal,,GRU,142,0.21611324548721322,0.9950390458106995,0.5,12.789258003234863,0.9950781464576721,,,,,relu,glorot_normal,,,,1,32,zeros,0.1,0.01,1.0,0.9,,,,,32.0,,0.4,0.4,1.0,
long_signal,,GRU,143,-6.741540849208832,0.9950390458106995,0.5,82.36579895019531,0.9859765768051147,,,,,relu,glorot_normal,,,,1,32,he_normal,0.1,0.0001,3.0,0.1,,,,,32.0,,0.4,0.4,3.0,
long_signal,,GRU,144,-100.32549620866776,0.9950390458106995,0.5331817865371704,1018.5371704101562,0.9949804544448853,,,,,tanh,glorot_normal,,,,2,128,zeros,0.4,0.01,2.0,0.9,,,,,32.0,,0.1,0.1,1.0,
long_signal,,GRU,145,-8.76847783923149,0.9950390458106995,0.4961640536785126,102.59680938720703,0.99462890625,,,,,relu,he_normal,,,,1,128,he_normal,0.1,0.00018441378448444916,1.0,0.9,,,,,32.0,,0.1,0.1,1.0,
long_signal,,GRU,146,-6.727100913599133,0.004960937425494194,0.4910910725593567,72.23152923583984,0.4429687559604645,,,,,relu,he_normal,,,,2,64,he_normal,0.30000000000000004,0.00043248025868934453,3.0,0.9,,,,,32.0,,0.15000000000000002,0.1,1.0,
long_signal,,GRU,147,-9.614563446119428,0.004960937425494194,0.5,101.19524383544922,0.11337890475988388,,,,,relu,glorot_normal,,,,1,128,zeros,0.1,0.0001,1.0,0.1,,,,,32.0,,0.4,0.1,3.0,
long_signal,,GRU,148,-10.102913987636565,0.9950390458106995,0.5,115.97953033447266,0.9773828387260437,,,,,relu,glorot_normal,,,,2,128,zeros,0.1,0.0001,3.0,0.1,,,,,32.0,,0.4,0.1,3.0,
long_signal,,GRU,149,-9.596065080165863,0.9950390458106995,0.5,110.91104125976562,0.9950390458106995,,,,,relu,he_normal,,,,1,128,he_normal,0.1,0.0025341658294471487,1.0,0.1,,,,,128.0,,0.2,0.1,1.0,
long_signal,,LSTM,000,-23.275083792209625,0.9950390458106995,0.5000981092453003,247.70220947265625,0.9948632717132568,,,,,tanh,glorot_normal,,,,1,64,zeros,0.5,0.001715074355925934,3.0,0.1,,,,,32.0,True,0.30000000000000004,0.35000000000000003,,2.0
long_signal,,LSTM,001,-110.1569631934166,0.9950390458106995,0.5130734443664551,1116.6507568359375,0.9760351777076721,,,,,tanh,glorot_normal,,,,1,64,glorot_normal,0.1,0.00014111965749931114,2.5,0.7000000000000001,,,,,32.0,False,0.30000000000000004,0.45,,3.0
long_signal,,LSTM,002,-15.194433915615082,0.9950390458106995,0.5,166.8947296142578,0.9950000047683716,,,,,relu,glorot_normal,,,,2,128,zeros,0.2,0.0010277342442932575,1.0,0.5,,,,,64.0,True,0.30000000000000004,0.30000000000000004,,3.0
long_signal,,LSTM,003,-5.400282609462738,0.9950390458106995,0.5,68.95321655273438,0.994921863079071,,,,,gelu,glorot_normal,,,,1,64,he_normal,0.30000000000000004,0.0033137745378583987,1.5,0.2,,,,,32.0,False,0.2,0.25,,3.0
long_signal,,LSTM,004,-36.921983659267426,0.9950390458106995,0.5,384.17022705078125,0.9950781464576721,,,,,relu,he_normal,,,,2,96,zeros,0.1,0.0003623815491328145,3.0,0.8,,,,,64.0,False,0.45,0.45,,2.0
long_signal,,LSTM,005,-52.6291064620018,0.9950390458106995,0.5,541.241455078125,0.9949804544448853,,,,,relu,he_normal,,,,2,96,zeros,0.30000000000000004,0.0001272703380605649,3.0,0.9,,,,,32.0,True,0.25,0.4,,2.0
long_signal,,LSTM,006,-25.493046033382416,0.9950390458106995,0.47081995010375977,269.58905029296875,0.8094726800918579,,,,,gelu,he_normal,,,,1,64,he_normal,0.30000000000000004,0.0001395510628578222,1.0,0.1,,,,,32.0,True,0.25,0.30000000000000004,,2.0
long_signal,,LSTM,007,-81.68695558309555,0.9950390458106995,0.5,831.8199462890625,0.9876953363418579,,,,,tanh,he_normal,,,,2,64,zeros,0.5,0.0025890919266874407,3.0,0.9,,,,,96.0,False,0.45,0.2,,3.0
long_signal,,LSTM,008,-222.5902521379292,0.04960937425494194,0.46885430812835693,2231.087158203125,0.2626953125,,,,,tanh,he_normal,,,,2,32,glorot_normal,0.1,0.00010805627988186071,1.0,0.30000000000000004,,,,,96.0,True,0.30000000000000004,0.2,,1.0
long_signal,,LSTM,009,-7.304778611660003,0.9950390458106995,0.5,87.99817657470703,0.994824230670929,,,,,gelu,he_normal,,,,1,32,he_normal,0.5,0.006353350532750873,1.0,0.6,,,,,64.0,False,0.25,0.4,,3.0
long_signal,,LSTM,010,-3.1735087752342226,0.9950390458106995,0.5,46.68547821044922,0.9194921851158142,,,,,relu,he_normal,,,,1,32,he_normal,0.2,0.0013291852527485804,3.0,0.6,,,,,32.0,False,0.30000000000000004,0.4,,2.0
long_signal,,LSTM,011,-18.974647843837737,0.9950390458106995,0.5,204.69686889648438,0.9949414134025574,,,,,relu,glorot_normal,,,,1,64,glorot_normal,0.1,0.001027905840968144,1.5,0.6,,,,,96.0,False,0.2,0.4,,2.0
long_signal,,LSTM,012,-200.19074431061745,0.9950390458106995,0.49585726857185364,2016.81640625,0.7101367115974426,,,,,tanh,glorot_normal,,,,2,64,he_normal,0.4,0.00030969640670569564,2.5,0.30000000000000004,,,,,96.0,True,0.2,0.45,,2.0
long_signal,,LSTM,013,-129.48690310120583,0.9950390458106995,0.46520140767097473,1309.471435546875,0.7854687571525574,,,,,tanh,glorot_normal,,,,2,64,he_normal,0.2,0.0004938970115853091,2.5,0.6,,,,,96.0,True,0.35000000000000003,0.4,,1.0
long_signal,,LSTM,014,-24.81454347372055,0.9950390458106995,0.5,263.0958251953125,0.9949609637260437,,,,,gelu,he_normal,,,,1,128,glorot_normal,0.5,0.0003484786063390684,1.5,0.5,,,,,32.0,False,0.45,0.45,,3.0
long_signal,,LSTM,015,-58.546190202236176,0.9950390458106995,0.5,600.4122924804688,0.9950585961341858,,,,,tanh,glorot_normal,,,,1,32,glorot_normal,0.2,0.003049541549141375,2.5,0.8,,,,,96.0,False,0.25,0.35000000000000003,,3.0
long_signal,,LSTM,016,-1.5628989577293395,0.9950390458106995,0.5,30.57938003540039,0.9949023723602295,,,,,gelu,glorot_normal,,,,1,32,he_normal,0.2,0.006351062743654629,3.0,0.4,,,,,32.0,True,0.30000000000000004,0.45,,3.0
long_signal,,LSTM,017,-7.427107489109039,0.9950390458106995,0.5078209638595581,89.29967498779297,0.9949609637260437,,,,,gelu,he_normal,,,,2,128,he_normal,0.30000000000000004,0.00207431648016279,2.5,0.5,,,,,32.0,False,0.35000000000000003,0.30000000000000004,,1.0
long_signal,,LSTM,018,-91.40171998739243,0.9950390458106995,0.5,928.9675903320312,0.9947851300239563,,,,,relu,he_normal,,,,1,128,zeros,0.1,0.00023183657189474222,2.0,0.6,,,,,128.0,False,0.30000000000000004,0.35000000000000003,,1.0
long_signal,,LSTM,019,-61.03908326625824,0.9950390458106995,0.5925622582435608,626.266845703125,0.87353515625,,,,,tanh,he_normal,,,,1,32,glorot_normal,0.4,0.00022692088176343598,2.0,0.30000000000000004,,,,,32.0,True,0.35000000000000003,0.25,,1.0
long_signal,,LSTM,020,-114.6596484541893,0.9950390458106995,0.5,1161.546875,0.9950195550918579,,,,,tanh,he_normal,,,,2,128,he_normal,0.2,0.0012872737477703168,3.0,0.2,,,,,96.0,False,0.45,0.35000000000000003,,3.0
long_signal,,LSTM,021,-9.144580471515656,0.9950390458106995,0.45721733570098877,105.96836853027344,0.6546289324760437,,,,,relu,glorot_normal,,,,1,64,he_normal,0.30000000000000004,0.0005017603502099382,3.0,0.4,,,,,32.0,False,0.35000000000000003,0.2,,1.0
long_signal,,LSTM,022,-15.20394471883774,0.9950390458106995,0.5,166.98983764648438,0.9948632717132568,,,,,gelu,glorot_normal,,,,1,128,zeros,0.5,0.006695608114388132,2.5,0.8,,,,,128.0,False,0.2,0.35000000000000003,,3.0
long_signal,,LSTM,023,-75.37486451864243,0.9950390458106995,0.5,768.6990356445312,0.9949609637260437,,,,,relu,glorot_normal,,,,1,32,zeros,0.2,0.0002933768012428558,2.5,0.30000000000000004,,,,,96.0,True,0.4,0.2,,3.0
long_signal,,LSTM,024,-6.968220525979996,0.9950390458106995,0.49673035740852356,84.59989929199219,0.9948632717132568,,,,,gelu,glorot_normal,,,,2,96,glorot_normal,0.5,0.0021765065892749877,2.0,0.5,,,,,32.0,False,0.35000000000000003,0.35000000000000003,,1.0
long_signal,,LSTM,025,-36.7655810713768,0.9950390458106995,0.5,382.606201171875,0.9345312714576721,,,,,gelu,glorot_normal,,,,1,64,glorot_normal,0.5,0.00031570701500918154,1.0,0.1,,,,,64.0,False,0.2,0.45,,2.0
long_signal,,LSTM,026,-8.438266313076019,0.9950390458106995,0.5,99.33305358886719,0.9949023723602295,,,,,gelu,he_normal,,,,2,64,he_normal,0.2,0.00727915929887585,1.5,0.6,,,,,96.0,False,0.25,0.25,,2.0
long_signal,,LSTM,027,-29.392785829305648,0.9950390458106995,0.49984297156333923,308.8766784667969,0.9951953291893005,,,,,tanh,glorot_normal,,,,1,64,glorot_normal,0.2,0.008616178537110575,2.0,0.2,,,,,96.0,True,0.30000000000000004,0.2,,1.0
long_signal,,LSTM,028,-125.7014941573143,0.9950390458106995,0.5,1271.96533203125,0.9947070479393005,,,,,tanh,he_normal,,,,1,64,he_normal,0.2,0.001263698656945194,2.5,0.4,,,,,128.0,False,0.30000000000000004,0.2,,2.0
long_signal,,LSTM,029,-0.3695533156394959,0.9950390458106995,0.5,18.645923614501953,0.9951757788658142,,,,,relu,glorot_normal,,,,2,96,he_normal,0.1,0.00829014608439077,1.5,0.7000000000000001,,,,,32.0,False,0.25,0.25,,1.0
long_signal,,LSTM,030,-16.925091874599456,0.9950390458106995,0.5,184.20130920410156,0.9336133003234863,,,,,relu,glorot_normal,,,,1,32,he_normal,0.5,0.0004706052466815514,1.0,0.9,,,,,32.0,True,0.25,0.45,,2.0
long_signal,,LSTM,031,-13.129550492763519,0.9950390458106995,0.5,146.2458953857422,0.9950195550918579,,,,,gelu,he_normal,,,,2,96,zeros,0.1,0.0043367212336025045,1.0,0.9,,,,,96.0,False,0.4,0.35000000000000003,,2.0
long_signal,,LSTM,032,-23.413602006435394,0.9950390458106995,0.5,249.08641052246094,0.9950585961341858,,,,,gelu,he_normal,,,,1,64,zeros,0.4,0.0019003838058425906,2.0,0.2,,,,,64.0,True,0.4,0.4,,3.0
long_signal,,LSTM,033,-22.975729065015912,0.004960937425494194,0.5,234.80690002441406,0.32841795682907104,,,,,gelu,glorot_normal,,,,1,32,zeros,0.2,0.00021347610418606298,3.0,0.8,,,,,32.0,True,0.4,0.4,,2.0
long_signal,,LSTM,034,-32.10975831747055,0.9950390458106995,0.5,336.0479736328125,0.9949609637260437,,,,,gelu,glorot_normal,,,,2,128,he_normal,0.4,0.001996334459987542,3.0,0.9,,,,,96.0,False,0.45,0.25,,3.0
long_signal,,LSTM,035,-33.96689721345901,0.9950390458106995,0.5149222612380981,354.7685852050781,0.994824230670929,,,,,tanh,glorot_normal,,,,1,96,glorot_normal,0.30000000000000004,0.0048640356869126,2.5,0.2,,,,,64.0,True,0.4,0.25,,1.0
long_signal,,LSTM,036,-26.688780987262724,0.9949609637260437,0.508448600769043,281.9219055175781,0.738085925579071,,,,,gelu,he_normal,,,,1,96,zeros,0.4,0.00011202631862509904,3.0,0.1,,,,,32.0,True,0.35000000000000003,0.2,,1.0
long_signal,,LSTM,037,-80.90752075202764,0.004960937425494194,0.5,814.1248168945312,0.2679492235183716,,,,,gelu,he_normal,,,,1,32,glorot_normal,0.1,0.00020193356985061988,3.0,0.7000000000000001,,,,,96.0,True,0.45,0.4,,3.0
long_signal,,LSTM,038,-48.09245685227215,0.004960937425494194,0.4999607503414154,485.9737854003906,0.2383398413658142,,,,,gelu,glorot_normal,,,,2,32,glorot_normal,0.30000000000000004,0.0001333046266612092,2.5,0.9,,,,,64.0,True,0.25,0.35000000000000003,,1.0
long_signal,,LSTM,039,-4.136748445034027,0.9950390458106995,0.5,56.317874908447266,0.9950976371765137,,,,,relu,he_normal,,,,2,64,zeros,0.5,0.002596905757124934,3.0,0.2,,,,,32.0,False,0.45,0.2,,3.0
long_signal,,LSTM,040,-24.085786759853363,0.9950390458106995,0.5,255.80825805664062,0.8847460746765137,,,,,relu,glorot_normal,,,,2,64,glorot_normal,0.5,0.0003584911744295724,1.5,0.30000000000000004,,,,,32.0,True,0.4,0.2,,2.0
long_signal,,LSTM,041,-36.07753412723541,0.9950390458106995,0.48749762773513794,375.6007080078125,0.9949609637260437,,,,,tanh,he_normal,,,,1,32,he_normal,0.2,0.0072136325692250145,3.0,0.1,,,,,96.0,False,0.25,0.25,,1.0
long_signal,,LSTM,042,-8.151612561941146,0.9950390458106995,0.49972519278526306,96.4637680053711,0.9950195550918579,,,,,tanh,he_normal,,,,1,96,glorot_normal,0.30000000000000004,0.01,1.5,0.6,,,,,32.0,False,0.25,0.35000000000000003,,1.0
long_signal,,LSTM,043,-1.4116210341453552,0.9950390458106995,0.5,29.066600799560547,0.9950976371765137,,,,,gelu,glorot_normal,,,,2,96,glorot_normal,0.30000000000000004,0.01,1.0,0.8,,,,,32.0,True,0.30000000000000004,0.25,,2.0
long_signal,,LSTM,044,-0.40663064718246456,0.9950390458106995,0.5,19.01669692993164,0.9951171875,,,,,relu,glorot_normal,,,,1,32,glorot_normal,0.30000000000000004,0.01,1.5,0.4,,,,,32.0,False,0.35000000000000003,0.30000000000000004,,2.0
long_signal,,LSTM,045,-0.37221978902816777,0.9950390458106995,0.5,18.672588348388672,0.9949023723602295,,,,,gelu,glorot_normal,,,,1,32,he_normal,0.30000000000000004,0.01,2.0,0.8,,,,,32.0,False,0.30000000000000004,0.25,,1.0
long_signal,,LSTM,046,-1.730054032802582,0.9950390458106995,0.5,32.25093078613281,0.9949609637260437,,,,,gelu,he_normal,,,,2,96,he_normal,0.30000000000000004,0.01,1.0,0.8,,,,,32.0,False,0.25,0.25,,2.0
long_signal,,LSTM,047,-0.9504018187522889,0.9950390458106995,0.5,24.454408645629883,0.994921863079071,,,,,gelu,glorot_normal,,,,1,64,glorot_normal,0.30000000000000004,0.01,1.0,0.5,,,,,32.0,True,0.25,0.4,,2.0
long_signal,,LSTM,048,-0.007927358150482178,0.9950390458106995,0.5,15.029664039611816,0.9950390458106995,,,,,relu,glorot_normal,,,,1,32,he_normal,0.1,0.01,2.5,0.5,,,,,32.0,False,0.25,0.4,,1.0
long_signal,,LSTM,049,-0.25961946249008183,0.9950390458106995,0.5,17.546585083007812,0.9949609637260437,,,,,gelu,he_normal,,,,1,32,glorot_normal,0.30000000000000004,0.01,3.0,0.5,,,,,32.0,False,0.35000000000000003,0.45,,1.0
long_signal,,LSTM,050,-1.1977542281150817,0.9950390458106995,0.5,26.927932739257812,0.994824230670929,,,,,relu,glorot_normal,,,,2,128,zeros,0.5,0.01,1.0,0.4,,,,,32.0,False,0.30000000000000004,0.2,,3.0
long_signal,,LSTM,051,-2.7126460433006283,0.9950390458106995,0.5,42.07685089111328,0.9950000047683716,,,,,relu,glorot_normal,,,,1,128,zeros,0.1,0.01,1.0,0.9,,,,,64.0,False,0.2,0.4,,2.0
long_signal,,LSTM,052,-1.3147323071956634,0.9950390458106995,0.49978408217430115,28.09555435180664,0.9950195550918579,,,,,gelu,glorot_normal,,,,2,128,zeros,0.2,0.01,2.5,0.5,,,,,32.0,False,0.25,0.2,,1.0
long_signal,,LSTM,053,0.06404892206192025,0.9950390458106995,0.5,14.309901237487793,0.9950781464576721,,,,,relu,he_normal,,,,1,32,he_normal,0.5,0.01,3.0,0.5,,,,,32.0,False,0.35000000000000003,0.35000000000000003,,1.0
long_signal,,LSTM,054,-0.6419805407524111,0.9950390458106995,0.4964330196380615,21.33452606201172,0.9947851300239563,,,,,gelu,glorot_normal,,,,1,128,zeros,0.30000000000000004,0.01,2.5,0.9,,,,,32.0,True,0.45,0.4,,1.0
long_signal,,LSTM,055,-2.2682958126068113,0.9950390458106995,0.47699183225631714,37.40326690673828,0.994824230670929,,,,,gelu,he_normal,,,,1,96,glorot_normal,0.5,0.01,1.0,0.1,,,,,32.0,True,0.25,0.2,,3.0
long_signal,,LSTM,056,-0.41661313772201547,0.9950390458106995,0.5,19.11652183532715,0.9949609637260437,,,,,relu,glorot_normal,,,,2,128,glorot_normal,0.4,0.01,2.5,0.9,,,,,32.0,False,0.45,0.25,,1.0
long_signal,,LSTM,057,-0.8526709914207458,0.9950390458106995,0.5,23.477100372314453,0.9950976371765137,,,,,relu,he_normal,,,,1,32,glorot_normal,0.2,0.01,3.0,0.9,,,,,32.0,True,0.45,0.45,,1.0
long_signal,,LSTM,058,-1.7716578841209412,0.9950390458106995,0.5,32.666969299316406,0.9951953291893005,,,,,gelu,he_normal,,,,1,32,he_normal,0.1,0.01,1.5,0.1,,,,,32.0,True,0.2,0.35000000000000003,,3.0
long_signal,,LSTM,059,-1.1606740355491638,0.9950390458106995,0.5,26.557130813598633,0.9948632717132568,,,,,gelu,glorot_normal,,,,1,32,he_normal,0.5,0.01,2.0,0.9,,,,,32.0,True,0.45,0.45,,2.0
long_signal,,LSTM,060,-1.6673152327537535,0.9950390458106995,0.5,31.62354278564453,0.9950585961341858,,,,,relu,glorot_normal,,,,1,96,zeros,0.5,0.01,1.0,0.7000000000000001,,,,,32.0,True,0.45,0.35000000000000003,,3.0
long_signal,,LSTM,061,-1.4170161604881288,0.9950390458106995,0.5,29.12055206298828,0.9950390458106995,,,,,relu,he_normal,,,,1,32,he_normal,0.1,0.01,1.0,0.30000000000000004,,,,,32.0,False,0.2,0.45,,3.0
long_signal,,LSTM,062,-0.8129597961902619,0.9950390458106995,0.4999803602695465,23.079792022705078,0.9949023723602295,,,,,gelu,glorot_normal,,,,1,128,he_normal,0.5,0.01,3.0,0.7000000000000001,,,,,32.0,False,0.30000000000000004,0.2,,1.0
long_signal,,LSTM,063,-0.6443118453025818,0.9950390458106995,0.5,21.393508911132812,0.9949414134025574,,,,,gelu,glorot_normal,,,,1,32,zeros,0.30000000000000004,0.01,3.0,0.9,,,,,32.0,True,0.2,0.30000000000000004,,1.0
long_signal,,LSTM,064,-1.4294776320457458,0.9950390458106995,0.5,29.245166778564453,0.9950976371765137,,,,,relu,glorot_normal,,,,1,96,zeros,0.1,0.01,1.0,0.1,,,,,32.0,True,0.2,0.25,,3.0
long_signal,,LSTM,065,-1.1894584000110626,0.9950390458106995,0.4999803602695465,26.844778060913086,0.9950976371765137,,,,,gelu,glorot_normal,,,,2,128,he_normal,0.2,0.01,1.5,0.9,,,,,32.0,False,0.45,0.30000000000000004,,1.0
long_signal,,LSTM,066,-0.23174585103988643,0.9950390458106995,0.5,17.26784896850586,0.9949609637260437,,,,,relu,glorot_normal,,,,2,32,zeros,0.5,0.0064010147364560715,3.0,0.1,,,,,32.0,False,0.45,0.2,,1.0
long_signal,,LSTM,067,-4.70570787191391,0.9950390458106995,0.5,62.007469177246094,0.9948828220367432,,,,,relu,glorot_normal,,,,1,32,zeros,0.1,0.01,1.0,0.1,,,,,96.0,False,0.2,0.45,,2.0
long_signal,,LSTM,068,-0.006523454189300448,0.9950390458106995,0.5,15.015625,0.9949609637260437,,,,,relu,he_normal,,,,1,32,he_normal,0.1,0.01,3.0,0.30000000000000004,,,,,32.0,False,0.45,0.45,,1.0
long_signal,,LSTM,069,0.035942900180816695,0.9950390458106995,0.5,14.590961456298828,0.994824230670929,,,,,relu,glorot_normal,,,,1,64,he_normal,0.5,0.01,1.0,0.1,,,,,32.0,False,0.2,0.2,,1.0
long_signal,,LSTM,070,-0.9429316878318788,0.9950390458106995,0.5,24.37970733642578,0.9950195550918579,,,,,gelu,glorot_normal,,,,2,32,zeros,0.2,0.01,3.0,0.9,,,,,32.0,True,0.45,0.45,,1.0
long_signal,,LSTM,071,-1.45719712972641,0.9950390458106995,0.5,29.522361755371094,0.9949023723602295,,,,,gelu,he_normal,,,,1,32,he_normal,0.2,0.01,3.0,0.9,,,,,32.0,True,0.2,0.45,,2.0
long_signal,,LSTM,072,-1.743883454799652,0.9950390458106995,0.5,32.389225006103516,0.9949023723602295,,,,,gelu,glorot_normal,,,,1,32,zeros,0.5,0.01,1.5,0.1,,,,,32.0,True,0.45,0.2,,3.0
long_signal,,LSTM,073,-0.6707854628562928,0.9950390458106995,0.5,21.658245086669922,0.9950390458106995,,,,,relu,glorot_normal,,,,1,32,he_normal,0.5,0.01,3.0,0.1,,,,,32.0,False,0.45,0.2,,2.0
long_signal,,LSTM,074,-1.5973670482635498,0.9950390458106995,0.5011188387870789,30.93524932861328,0.9949804544448853,,,,,gelu,he_normal,,,,2,128,zeros,0.4,0.01,2.5,0.9,,,,,32.0,False,0.45,0.45,,1.0
long_signal,,LSTM,075,-1.5464585661888122,0.9950390458106995,0.5,30.414976119995117,0.9949609637260437,,,,,relu,glorot_normal,,,,2,128,zeros,0.1,0.01,1.0,0.9,,,,,32.0,True,0.45,0.45,,2.0
long_signal,,LSTM,076,-13.075747406482696,0.9950390458106995,0.5408331155776978,146.11619567871094,0.9950585961341858,,,,,gelu,glorot_normal,,,,1,128,zeros,0.5,0.0006185692703818299,1.0,0.9,,,,,32.0,True,0.2,0.2,,1.0
long_signal,,LSTM,077,-0.9517148375511169,0.9950390458106995,0.5,24.467538833618164,0.9950390458106995,,,,,gelu,glorot_normal,,,,1,128,he_normal,0.1,0.01,1.0,0.1,,,,,32.0,False,0.2,0.2,,1.0
long_signal,,LSTM,078,-4.902048814296722,0.9950390458106995,0.5,63.97087860107422,0.9951953291893005,,,,,relu,glorot_normal,,,,1,128,zeros,0.5,0.0008447404929886554,3.0,0.2,,,,,32.0,False,0.45,0.2,,1.0
long_signal,,LSTM,079,-1.527096688747406,0.9950390458106995,0.5,30.221357345581055,0.994921863079071,,,,,relu,he_normal,,,,1,32,zeros,0.5,0.01,3.0,0.1,,,,,32.0,False,0.45,0.45,,3.0
long_signal,,LSTM,080,-1.859218919277191,0.9950390458106995,0.5,33.542579650878906,0.9949609637260437,,,,,gelu,glorot_normal,,,,1,32,zeros,0.1,0.01,3.0,0.2,,,,,32.0,True,0.45,0.45,,3.0
long_signal,,LSTM,081,-3.204654633998871,0.9950390458106995,0.5,46.9969367980957,0.9950000047683716,,,,,gelu,he_normal,,,,1,32,he_normal,0.5,0.01,1.0,0.1,,,,,32.0,True,0.45,0.45,,3.0
long_signal,,LSTM,082,0.15024591684341426,0.9950390458106995,0.5,13.447931289672852,0.9947851300239563,,,,,relu,glorot_normal,,,,1,32,zeros,0.2,0.01,3.0,0.1,,,,,32.0,False,0.2,0.2,,1.0
long_signal,,LSTM,083,-1.509932053089142,0.9950390458106995,0.5000196695327759,30.049907684326172,0.9949609637260437,,,,,gelu,glorot_normal,,,,2,128,zeros,0.5,0.01,1.0,0.1,,,,,32.0,False,0.45,0.2,,1.0
long_signal,,LSTM,084,-12.164586973190307,0.9950390458106995,0.5373451113700867,136.96971130371094,0.9775586128234863,,,,,gelu,glorot_normal,,,,1,32,zeros,0.5,0.0009488326031431336,3.0,0.9,,,,,32.0,True,0.45,0.45,,1.0
long_signal,,LSTM,085,-0.5727633833885193,0.9950390458106995,0.5,20.678024291992188,0.9950585961341858,,,,,gelu,he_normal,,,,2,32,he_normal,0.1,0.01,3.0,0.9,,,,,32.0,False,0.2,0.25,,1.0
long_signal,,LSTM,086,-0.8110741972923279,0.9950390458106995,0.5,23.061132431030273,0.994824230670929,,,,,gelu,he_normal,,,,2,32,he_normal,0.5,0.01,2.0,0.1,,,,,32.0,False,0.2,0.2,,1.0
long_signal,,LSTM,087,-3.063786256313324,0.9950390458106995,0.5,45.588253021240234,0.9949414134025574,,,,,relu,glorot_normal,,,,2,128,zeros,0.5,0.00432507871819974,1.0,0.1,,,,,32.0,True,0.45,0.2,,3.0
long_signal,,LSTM,088,-0.36246751546859746,0.9950390458106995,0.5,18.57506561279297,0.9948046803474426,,,,,gelu,he_normal,,,,1,32,he_normal,0.30000000000000004,0.01,1.0,0.1,,,,,32.0,False,0.2,0.45,,1.0
long_signal,,LSTM,089,-0.5184766173362734,0.9950390458106995,0.5,20.135156631469727,0.9950781464576721,,,,,gelu,glorot_normal,,,,1,32,he_normal,0.1,0.01,3.0,0.30000000000000004,,,,,32.0,True,0.2,0.2,,1.0
long_signal,,LSTM,090,-0.6121219098567963,0.9950390458106995,0.49157389998435974,20.987348556518555,0.9949414134025574,,,,,gelu,glorot_normal,,,,1,32,he_normal,0.1,0.01,3.0,0.9,,,,,32.0,True,0.45,0.45,,1.0
long_signal,,LSTM,091,-2.548385179042816,0.9950390458106995,0.5,40.434242248535156,0.9951367378234863,,,,,gelu,glorot_normal,,,,2,128,zeros,0.5,0.01,1.0,0.9,,,,,32.0,True,0.45,0.45,,3.0
long_signal,,LSTM,092,-3.775578248500824,0.9950390458106995,0.5,52.706172943115234,0.994921863079071,,,,,relu,glorot_normal,,,,1,128,he_normal,0.5,0.001006682256333091,1.0,0.8,,,,,32.0,False,0.45,0.2,,1.0
long_signal,,LSTM,093,-0.6434617400169373,0.9950390458106995,0.5,21.385007858276367,0.9950585961341858,,,,,relu,he_normal,,,,1,32,he_normal,0.2,0.0037748910602538924,3.0,0.9,,,,,32.0,False,0.2,0.45,,1.0
long_signal,,LSTM,094,-14.778427249193193,0.9950390458106995,0.4999803602695465,162.73446655273438,0.9945507645606995,,,,,gelu,glorot_normal,,,,2,128,he_normal,0.5,0.0007137650172595556,3.0,0.9,,,,,32.0,False,0.45,0.2,,1.0
long_signal,,LSTM,095,-0.052408349514007524,0.9950390458106995,0.5,15.47447395324707,0.9950000047683716,,,,,relu,he_normal,,,,2,32,zeros,0.1,0.01,3.0,0.9,,,,,32.0,False,0.45,0.45,,1.0
long_signal,,LSTM,096,-1.2733044981956483,0.9950390458106995,0.5,27.683435440063477,0.9950390458106995,,,,,gelu,glorot_normal,,,,2,32,zeros,0.2,0.01,1.0,0.9,,,,,32.0,False,0.2,0.45,,1.0
long_signal,,LSTM,097,-10.914087998867036,0.9950390458106995,0.5,124.09127044677734,0.9950585961341858,,,,,gelu,glorot_normal,,,,2,128,zeros,0.1,0.01,1.0,0.9,,,,,128.0,False,0.2,0.2,,3.0
long_signal,,LSTM,098,-0.18357442617416386,0.9950390458106995,0.5,16.786134719848633,0.9950390458106995,,,,,relu,glorot_normal,,,,1,32,he_normal,0.5,0.00672294723658426,1.0,0.9,,,,,32.0,False,0.45,0.45,,1.0
long_signal,,LSTM,099,-2.694349229335785,0.9950390458106995,0.5,41.893882751464844,0.9947460889816284,,,,,gelu,glorot_normal,,,,1,128,zeros,0.2,0.01,1.0,0.1,,,,,32.0,True,0.45,0.45,,3.0
long_signal,,LSTM,100,-2.4384608626365663,0.9950390458106995,0.5,39.334999084472656,0.9949023723602295,,,,,relu,glorot_normal,,,,2,128,zeros,0.5,0.001404485763171895,1.0,0.9,,,,,32.0,False,0.45,0.45,,1.0
long_signal,,LSTM,101,-3.2136790633201597,0.9950390458106995,0.5,47.087181091308594,0.9948632717132568,,,,,gelu,he_normal,,,,1,32,he_normal,0.30000000000000004,0.01,3.0,0.5,,,,,32.0,True,0.45,0.45,,3.0
long_signal,,LSTM,102,-6.512658107280731,0.9950390458106995,0.46112990379333496,79.68827056884766,0.9950195550918579,,,,,gelu,glorot_normal,,,,1,128,zeros,0.5,0.01,1.0,0.9,,,,,128.0,False,0.2,0.45,,1.0
long_signal,,LSTM,103,-1.55970014333725,0.9950390458106995,0.5,30.547391891479492,0.9950000047683716,,,,,gelu,glorot_normal,,,,1,128,he_normal,0.5,0.01,1.0,0.8,,,,,32.0,True,0.45,0.2,,3.0
long_signal,,LSTM,104,-2.365359437465668,0.9950390458106995,0.5,38.60398483276367,0.9950000047683716,,,,,gelu,glorot_normal,,,,1,32,zeros,0.1,0.01,1.0,0.9,,,,,32.0,True,0.45,0.45,,3.0
long_signal,,LSTM,105,-1.0704843699932098,0.9950390458106995,0.4814469516277313,25.469703674316406,0.9950390458106995,,,,,gelu,glorot_normal,,,,1,32,zeros,0.5,0.01,1.0,0.1,,,,,32.0,False,0.45,0.45,,1.0
long_signal,,LSTM,106,-0.6714524626731873,0.9950390458106995,0.5,21.664915084838867,0.9950390458106995,,,,,gelu,glorot_normal,,,,1,32,zeros,0.5,0.01,3.0,0.1,,,,,32.0,False,0.2,0.2,,1.0
long_signal,,LSTM,107,-2.0671180129051208,0.9950390458106995,0.5,35.6215705871582,0.994921863079071,,,,,gelu,he_normal,,,,1,32,zeros,0.5,0.01,1.0,0.1,,,,,32.0,True,0.2,0.45,,3.0
long_signal,,LSTM,108,-4.563988435268402,0.9950390458106995,0.5,60.590274810791016,0.9950000047683716,,,,,relu,glorot_normal,,,,1,32,glorot_normal,0.1,0.01,1.0,0.9,,,,,128.0,False,0.2,0.45,,1.0
long_signal,,LSTM,109,-0.06702874898910527,0.9950390458106995,0.5,15.620677947998047,0.9949804544448853,,,,,relu,glorot_normal,,,,1,32,zeros,0.1,0.01,1.0,0.9,,,,,32.0,True,0.2,0.45,,1.0
long_signal,,LSTM,110,-10.957893139123916,0.9950390458106995,0.4613035023212433,124.1423568725586,0.9949023723602295,,,,,gelu,he_normal,,,,1,128,he_normal,0.5,0.0006421433165371351,1.0,0.1,,,,,32.0,False,0.2,0.2,,1.0
long_signal,,LSTM,111,-1.89822496175766,0.9950390458106995,0.5,33.932640075683594,0.9949414134025574,,,,,gelu,glorot_normal,,,,2,32,he_normal,0.5,0.01,1.0,0.30000000000000004,,,,,32.0,False,0.45,0.2,,3.0
long_signal,,LSTM,112,-6.020402699708939,0.9950390458106995,0.4972917139530182,75.12733459472656,0.9950976371765137,,,,,relu,he_normal,,,,1,32,he_normal,0.30000000000000004,0.0007281182063360119,3.0,0.9,,,,,32.0,False,0.45,0.45,,1.0
long_signal,,LSTM,113,-0.6937768340110777,0.9950390458106995,0.5,21.888158798217773,0.9948828220367432,,,,,relu,glorot_normal,,,,1,32,he_normal,0.5,0.0049514921025182726,3.0,0.9,,,,,32.0,False,0.2,0.2,,1.0
long_signal,,LSTM,114,-1.7296702742576597,0.9950390458106995,0.5,32.247093200683594,0.9950195550918579,,,,,gelu,he_normal,,,,1,32,he_normal,0.5,0.01,3.0,0.1,,,,,32.0,False,0.2,0.2,,3.0
long_signal,,LSTM,115,-1.2349223494529724,0.9950390458106995,0.5,27.29961395263672,0.994921863079071,,,,,relu,glorot_normal,,,,1,32,zeros,0.5,0.001310084449126827,1.0,0.7000000000000001,,,,,32.0,False,0.2,0.45,,1.0
long_signal,,LSTM,116,-0.044322526454925626,0.9950390458106995,0.5,15.39361572265625,0.9950976371765137,,,,,relu,glorot_normal,,,,1,32,he_normal,0.2,0.01,3.0,0.8,,,,,32.0,False,0.45,0.2,,1.0
long_signal,,LSTM,117,-1.4047755599021912,0.9950390458106995,0.5,28.998146057128906,0.9950976371765137,,,,,relu,glorot_normal,,,,1,32,he_normal,0.5,0.01,1.0,0.9,,,,,32.0,True,0.2,0.2,,3.0
long_signal,,LSTM,118,-0.6622626662254332,0.9950390458106995,0.5,21.573017120361328,0.9950976371765137,,,,,relu,he_normal,,,,2,128,zeros,0.5,0.01,3.0,0.1,,,,,32.0,False,0.45,0.35000000000000003,,1.0
long_signal,,LSTM,119,-1.3621349453926088,0.9950390458106995,0.4968005418777466,28.539745330810547,0.994921863079071,,,,,gelu,he_normal,,,,2,128,he_normal,0.5,0.01,1.0,0.5,,,,,32.0,False,0.45,0.45,,1.0
long_signal,,LSTM,120,-1.1600084424018862,0.9950390458106995,0.4831782579421997,26.38225746154785,0.9951171875,,,,,gelu,he_normal,,,,1,128,zeros,0.5,0.01,3.0,0.1,,,,,32.0,False,0.45,0.45,,1.0
long_signal,,LSTM,121,-0.10007671117782602,0.9950390458106995,0.5,15.951157569885254,0.9951757788658142,,,,,relu,glorot_normal,,,,1,128,zeros,0.5,0.01,1.0,0.1,,,,,32.0,False,0.45,0.45,,1.0
long_signal,,LSTM,122,-2.85556253194809,0.9950390458106995,0.5,43.50601577758789,0.9950976371765137,,,,,gelu,he_normal,,,,2,64,zeros,0.5,0.01,1.0,0.1,,,,,32.0,False,0.45,0.45,,3.0
long_signal,,LSTM,123,-0.27268708944320674,0.9950390458106995,0.5,17.677261352539062,0.9950390458106995,,,,,relu,glorot_normal,,,,2,128,zeros,0.1,0.01,3.0,0.9,,,,,32.0,False,0.45,0.45,,1.0
long_signal,,LSTM,124,-2.380467927455902,0.9950390458106995,0.5,38.755069732666016,0.9950195550918579,,,,,gelu,glorot_normal,,,,2,128,zeros,0.5,0.01,3.0,0.1,,,,,32.0,False,0.45,0.2,,3.0
long_signal,,LSTM,125,-1.6550967574119566,0.9950390458106995,0.5,31.501358032226562,0.9951171875,,,,,gelu,he_normal,,,,1,128,zeros,0.5,0.01,1.0,0.1,,,,,32.0,False,0.2,0.45,,3.0
long_signal,,LSTM,126,-8.58147691488266,0.9950390458106995,0.5,100.7651596069336,0.9951367378234863,,,,,relu,he_normal,,,,1,32,zeros,0.5,0.0005521581258212327,3.0,0.1,,,,,32.0,False,0.45,0.45,,1.0
long_signal,,LSTM,127,0.09240118265151986,0.9950390458106995,0.5,14.026378631591797,0.9949609637260437,,,,,relu,glorot_normal,,,,1,32,zeros,0.2,0.01,3.0,0.1,,,,,32.0,False,0.45,0.45,,1.0
long_signal,,LSTM,128,-0.6275851607322691,0.9950390458106995,0.5,21.226242065429688,0.9950195550918579,,,,,relu,he_normal,,,,1,32,zeros,0.1,0.01,3.0,0.1,,,,,32.0,False,0.2,0.45,,2.0
long_signal,,LSTM,129,-0.313139909505844,0.9950390458106995,0.49829229712486267,18.064712524414062,0.9949414134025574,,,,,gelu,glorot_normal,,,,1,32,he_normal,0.5,0.01,1.0,0.9,,,,,32.0,True,0.2,0.2,,1.0
long_signal,,LSTM,130,-2.224138581752777,0.9950390458106995,0.5,37.191776275634766,0.9949023723602295,,,,,gelu,he_normal,,,,1,128,zeros,0.1,0.01,1.0,0.9,,,,,32.0,True,0.2,0.45,,3.0
long_signal,,LSTM,131,-2.7761535048484802,0.9950390458106995,0.5,42.7119255065918,0.9949609637260437,,,,,relu,he_normal,,,,2,128,zeros,0.1,0.01,1.0,0.9,,,,,32.0,False,0.45,0.45,,3.0
long_signal,,LSTM,132,-1.025510537624359,0.9950390458106995,0.5,25.205495834350586,0.994921863079071,,,,,relu,glorot_normal,,,,1,96,zeros,0.1,0.0021963518670938295,1.0,0.1,,,,,32.0,False,0.2,0.45,,1.0
long_signal,,LSTM,133,-0.01998647451400748,0.9950390458106995,0.5,15.15025520324707,0.9950390458106995,,,,,relu,glorot_normal,,,,1,128,he_normal,0.2,0.01,3.0,0.1,,,,,32.0,False,0.2,0.2,,1.0
long_signal,,LSTM,134,-1.2532136321067808,0.9950390458106995,0.5,27.482526779174805,0.994824230670929,,,,,gelu,glorot_normal,,,,1,32,he_normal,0.30000000000000004,0.01,3.0,0.9,,,,,32.0,True,0.45,0.2,,3.0
long_signal,,LSTM,135,-1.471372354030609,0.9950390458106995,0.5,29.664113998413086,0.9950000047683716,,,,,relu,glorot_normal,,,,1,128,he_normal,0.1,0.01,1.0,0.9,,,,,32.0,True,0.2,0.2,,3.0
long_signal,,LSTM,136,-0.656649148464203,0.9950390458106995,0.5,21.516881942749023,0.9949804544448853,,,,,relu,he_normal,,,,1,32,he_normal,0.30000000000000004,0.01,3.0,0.1,,,,,32.0,False,0.2,0.45,,2.0
long_signal,,LSTM,137,-2.4625319838523865,0.9950390458106995,0.5,39.57571029663086,0.9949609637260437,,,,,gelu,glorot_normal,,,,2,128,zeros,0.1,0.01,3.0,0.9,,,,,32.0,True,0.45,0.2,,3.0
long_signal,,LSTM,138,-82.20180543661118,0.9950390458106995,0.5,836.9684448242188,0.9948437213897705,,,,,relu,glorot_normal,,,,2,128,zeros,0.5,0.00026433542714515755,1.0,0.9,,,,,32.0,True,0.45,0.2,,3.0
long_signal,,LSTM,139,-1.6235183119773864,0.9950390458106995,0.5,31.18557357788086,0.9949414134025574,,,,,relu,glorot_normal,,,,2,128,zeros,0.1,0.01,1.0,0.2,,,,,32.0,True,0.2,0.45,,3.0
long_signal,,LSTM,140,-1.3366633772850038,0.9950390458106995,0.5,28.31702423095703,0.994824230670929,,,,,relu,glorot_normal,,,,2,128,zeros,0.1,0.01,1.0,0.1,,,,,32.0,False,0.45,0.25,,3.0
long_signal,,LSTM,141,-0.211700189113617,0.9950390458106995,0.5,17.067392349243164,0.9950781464576721,,,,,relu,he_normal,,,,1,128,he_normal,0.5,0.01,3.0,0.9,,,,,32.0,False,0.45,0.45,,1.0
long_signal,,LSTM,142,-0.45747617483139047,0.9950390458106995,0.5,19.5251522064209,0.9950976371765137,,,,,relu,glorot_normal,,,,2,128,he_normal,0.5,0.01,1.5,0.1,,,,,32.0,False,0.45,0.2,,1.0
long_signal,,LSTM,143,-1.4504695296287538,0.9950390458106995,0.5,29.45508575439453,0.9948437213897705,,,,,relu,glorot_normal,,,,1,32,he_normal,0.5,0.01,1.0,0.1,,,,,32.0,True,0.45,0.2,,3.0
long_signal,,LSTM,144,-0.5066983580589293,0.9950390458106995,0.5,20.01737403869629,0.9950781464576721,,,,,relu,glorot_normal,,,,1,128,he_normal,0.5,0.004793836298430319,1.0,0.9,,,,,32.0,False,0.2,0.45,,1.0
long_signal,,LSTM,145,-0.5920093774795534,0.9950390458106995,0.5064318776130676,20.934803009033203,0.9949804544448853,,,,,gelu,glorot_normal,,,,1,128,zeros,0.5,0.01,1.0,0.9,,,,,32.0,False,0.45,0.45,,1.0
long_signal,,LSTM,146,-1.87924302816391,0.9950390458106995,0.5,33.742820739746094,0.9950585961341858,,,,,gelu,he_normal,,,,2,32,he_normal,0.2,0.01,1.0,0.1,,,,,32.0,False,0.2,0.2,,3.0
long_signal,,LSTM,147,-2.1964724898338317,0.9950390458106995,0.5,36.91511535644531,0.9950000047683716,,,,,gelu,he_normal,,,,1,128,he_normal,0.5,0.01,1.0,0.9,,,,,32.0,True,0.2,0.45,,3.0
long_signal,,LSTM,148,-1.4026099801063538,0.9950390458106995,0.4758714437484741,28.735204696655273,0.9948828220367432,,,,,gelu,he_normal,,,,2,128,he_normal,0.5,0.01,3.0,0.4,,,,,32.0,False,0.2,0.2,,1.0
long_signal,,LSTM,149,-1.0237796187400816,0.9950390458106995,0.5,25.188186645507812,0.9949609637260437,,,,,relu,glorot_normal,,,,2,32,zeros,0.5,0.01,1.0,0.1,,,,,32.0,False,0.45,0.45,,3.0
direction_14,14.0,GRU,000,-134.91602437496186,0.4935937523841858,0.5000010132789612,1359.09619140625,0.4920312464237213,,,,,gelu,glorot_normal,,,,2,32,glorot_normal,0.2,0.00905127409782462,2.5,0.9,,,,,32.0,,0.4,0.2,2.0,
direction_14,14.0,GRU,001,-16.250185549259186,0.5064062476158142,0.5,172.56591796875,0.508496105670929,,,,,relu,he_normal,,,,1,128,glorot_normal,0.30000000000000004,0.0006752863927347823,1.0,0.1,,,,,128.0,,0.15000000000000002,0.2,1.0,
direction_14,14.0,GRU,002,-436.55991159677507,0.5064062476158142,0.5000395774841309,4375.66357421875,0.5099413990974426,,,,,tanh,glorot_normal,,,,2,64,glorot_normal,0.4,0.004255555813913329,1.0,0.30000000000000004,,,,,96.0,,0.1,0.15000000000000002,3.0,
direction_14,14.0,GRU,003,-282.92007167339324,0.4935937523841858,0.5002017617225647,2839.138671875,0.4904101490974426,,,,,gelu,he_normal,,,,1,64,zeros,0.2,0.00014690651027379393,2.0,0.9,,,,,32.0,,0.15000000000000002,0.35,2.0,
direction_14,14.0,GRU,004,-226.9827490210533,0.4935937523841858,0.5,2279.763427734375,0.48966798186302185,,,,,gelu,glorot_normal,,,,1,96,zeros,0.5,0.008316141310476274,3.0,0.7000000000000001,,,,,128.0,,0.2,0.2,2.0,
direction_14,14.0,GRU,005,-3.0188344597816466,0.5064062476158142,0.5,40.25240707397461,0.5025195479393005,,,,,relu,he_normal,,,,1,32,he_normal,0.5,0.0003021384939866327,2.5,0.9,,,,,32.0,,0.35,0.25,1.0,
direction_14,14.0,GRU,006,-202.2670312523842,0.5064062476158142,0.5,2032.734375,0.5094335675239563,,,,,gelu,glorot_normal,,,,2,32,he_normal,0.30000000000000004,0.0010953574938066576,1.5,0.4,,,,,32.0,,0.4,0.4,2.0,
direction_14,14.0,GRU,007,-248.9971289038658,0.4935937523841858,0.5,2499.9072265625,0.4894335865974426,,,,,tanh,he_normal,,,,1,128,glorot_normal,0.30000000000000004,0.0064974404904634625,2.0,0.8,,,,,64.0,,0.1,0.15000000000000002,2.0,
direction_14,14.0,GRU,008,-68.1121812582016,0.4935937523841858,0.5005360245704651,691.0631103515625,0.49072265625,,,,,gelu,glorot_normal,,,,2,128,zeros,0.30000000000000004,0.0009452767099282696,2.5,0.7000000000000001,,,,,96.0,,0.35,0.30000000000000004,1.0,
direction_14,14.0,GRU,009,-327.0114780783653,0.4935937523841858,0.5057191848754883,3280.10791015625,0.494140625,,,,,gelu,glorot_normal,,,,1,32,zeros,0.4,0.0003243806953412315,2.5,0.8,,,,,32.0,,0.25,0.1,2.0,
direction_14,14.0,GRU,010,-443.38776526451113,0.5064062476158142,0.4956234097480774,4443.89794921875,0.5066601634025574,,,,,tanh,glorot_normal,,,,2,128,zeros,0.30000000000000004,0.0008019212661756024,1.0,0.30000000000000004,,,,,64.0,,0.1,0.4,2.0,
direction_14,14.0,GRU,011,-333.81327148675916,0.5064062476158142,0.5,3348.19677734375,0.5007421970367432,,,,,gelu,he_normal,,,,2,64,glorot_normal,0.5,0.0015525209418522444,2.5,0.5,,,,,64.0,,0.25,0.1,3.0,
direction_14,14.0,GRU,012,-6.02877060174942,0.5064062476158142,0.5,70.35176849365234,0.5092968940734863,,,,,relu,glorot_normal,,,,1,64,zeros,0.30000000000000004,0.00036151371126048177,2.0,0.4,,,,,64.0,,0.35,0.1,1.0,
direction_14,14.0,GRU,013,-19.773174130916594,0.4935937523841858,0.5,207.6676788330078,0.49314454197883606,,,,,relu,he_normal,,,,2,64,he_normal,0.4,0.00030969640670569564,2.5,0.30000000000000004,,,,,64.0,,0.1,0.4,2.0,
direction_14,14.0,GRU,014,-134.81395484805108,0.4935937523841858,0.49879905581474304,1358.0634765625,0.4898632764816284,,,,,gelu,glorot_normal,,,,2,128,zeros,0.4,0.0004827322539144281,1.5,0.7000000000000001,,,,,96.0,,0.4,0.25,1.0,
direction_14,14.0,GRU,015,-25.435637819767,0.5064062476158142,0.5,264.4204406738281,0.5094335675239563,,,,,relu,he_normal,,,,2,128,zeros,0.5,0.0008251039755551379,3.0,0.30000000000000004,,,,,128.0,,0.30000000000000004,0.2,2.0,
direction_14,14.0,GRU,016,-980.8639201402664,0.5071094036102295,0.500747799873352,9818.7177734375,0.5001562237739563,,,,,tanh,he_normal,,,,1,64,glorot_normal,0.1,0.00026384087338560336,2.0,0.30000000000000004,,,,,64.0,,0.2,0.1,2.0,
direction_14,14.0,GRU,017,-1862.8350375413895,0.49515625834465027,0.4987124502658844,18638.2890625,0.5029882788658142,,,,,tanh,he_normal,,,,1,128,glorot_normal,0.5,0.0002421696251742364,1.0,0.7000000000000001,,,,,96.0,,0.15000000000000002,0.35,3.0,
direction_14,14.0,GRU,018,-522.3150750160218,0.4935937523841858,0.5017804503440857,5233.1044921875,0.4908789098262787,,,,,tanh,glorot_normal,,,,2,96,zeros,0.30000000000000004,0.0009629861008872285,2.0,0.9,,,,,128.0,,0.2,0.1,2.0,
direction_14,14.0,GRU,019,-640.4032617211342,0.5064062476158142,0.5,6414.0966796875,0.5049023628234863,,,,,gelu,he_normal,,,,2,32,glorot_normal,0.2,0.0005347601471523541,2.0,0.4,,,,,96.0,,0.25,0.15000000000000002,3.0,
direction_14,14.0,GRU,020,-4.00165764093399,0.5064062476158142,0.5,50.08063888549805,0.5092968940734863,,,,,relu,glorot_normal,,,,1,32,glorot_normal,0.5,0.001998823411028348,2.0,0.2,,,,,32.0,,0.25,0.30000000000000004,3.0,
direction_14,14.0,GRU,021,-194.004478931427,0.4935937523841858,0.49924176931381226,1949.97314453125,0.4906640648841858,,,,,gelu,he_normal,,,,1,128,he_normal,0.30000000000000004,0.0012633033032926032,1.0,0.8,,,,,32.0,,0.15000000000000002,0.25,2.0,
direction_14,14.0,GRU,022,-1753.7369538247585,0.503710925579071,0.4966399371623993,17547.373046875,0.49800780415534973,,,,,tanh,he_normal,,,,2,32,zeros,0.2,0.00016560330324823594,1.0,0.4,,,,,128.0,,0.15000000000000002,0.25,2.0,
direction_14,14.0,GRU,023,-1.583125650882721,0.5064062476158142,0.5,25.89531898498535,0.5095898509025574,,,,,relu,glorot_normal,,,,1,128,glorot_normal,0.5,0.005198673201549641,3.0,0.1,,,,,32.0,,0.35,0.25,2.0,
direction_14,14.0,GRU,024,-10.829136049747467,0.5064062476158142,0.5,118.35542297363281,0.5083789229393005,,,,,gelu,glorot_normal,,,,2,128,he_normal,0.4,0.0036990629351355588,2.5,0.1,,,,,32.0,,0.35,0.1,1.0,
direction_14,14.0,GRU,025,-316.02167716026304,0.5052734613418579,0.5053735971450806,3170.3232421875,0.49992188811302185,,,,,tanh,glorot_normal,,,,1,64,zeros,0.4,0.00030290765989813667,1.0,0.1,,,,,128.0,,0.2,0.1,1.0,
direction_14,14.0,GRU,026,-119.72358154058456,0.4935937523841858,0.5,1207.1717529296875,0.49107420444488525,,,,,relu,he_normal,,,,2,64,he_normal,0.4,0.0013638404825740366,2.0,0.6,,,,,64.0,,0.30000000000000004,0.4,3.0,
direction_14,14.0,GRU,027,-813.2698786616326,0.5064062476158142,0.505355715751648,8142.81640625,0.5047851800918579,,,,,gelu,glorot_normal,,,,1,64,glorot_normal,0.5,0.00031570701500918154,1.0,0.1,,,,,128.0,,0.1,0.4,2.0,
direction_14,14.0,GRU,028,-991.5013276100159,0.5061328411102295,0.5085551738739014,9925.16015625,0.5004101395606995,,,,,tanh,he_normal,,,,1,128,glorot_normal,0.4,0.00032149734827404113,3.0,0.30000000000000004,,,,,96.0,,0.15000000000000002,0.15000000000000002,2.0,
direction_14,14.0,GRU,029,-190.44057285785675,0.4935937523841858,0.4999154210090637,1914.3408203125,0.49064454436302185,,,,,gelu,glorot_normal,,,,1,32,zeros,0.2,0.0015453316687064683,1.5,0.9,,,,,32.0,,0.2,0.25,2.0,
direction_14,14.0,GRU,030,-217.2816308617592,0.5064062476158142,0.5,2182.88037109375,0.5096679925918579,,,,,gelu,he_normal,,,,1,64,zeros,0.1,0.0005405245899425882,2.5,0.30000000000000004,,,,,32.0,,0.2,0.25,2.0,
direction_14,14.0,GRU,031,-226.8720068335533,0.4935937523841858,0.5,2278.656005859375,0.49291014671325684,,,,,gelu,glorot_normal,,,,1,64,zeros,0.2,0.006492690297457527,2.5,0.7000000000000001,,,,,128.0,,0.15000000000000002,0.1,2.0,
direction_14,14.0,GRU,032,-5.502023470401764,0.5064062476158142,0.5,65.08429718017578,0.5082031488418579,,,,,relu,he_normal,,,,1,32,he_normal,0.2,0.009803686089744015,1.5,0.1,,,,,128.0,,0.30000000000000004,0.15000000000000002,1.0,
direction_14,14.0,GRU,033,-502.5177218794823,0.5064062476158142,0.5007253885269165,5035.24853515625,0.5046679973602295,,,,,gelu,glorot_normal,,,,2,128,he_normal,0.2,0.002269730362400285,2.0,0.5,,,,,128.0,,0.4,0.25,3.0,
direction_14,14.0,GRU,034,-4.635090482234955,0.4935937523841858,0.5,56.286842346191406,0.4909960925579071,,,,,relu,he_normal,,,,2,64,he_normal,0.5,0.0017940757181116695,2.5,0.7000000000000001,,,,,32.0,,0.1,0.4,2.0,
direction_14,14.0,GRU,035,-5.532239377498627,0.4935937523841858,0.5,65.25833129882812,0.49146485328674316,,,,,relu,he_normal,,,,1,64,zeros,0.4,0.0009211376149271358,2.0,0.7000000000000001,,,,,64.0,,0.30000000000000004,0.25,1.0,
direction_14,14.0,GRU,036,-2.84614120721817,0.5064062476158142,0.5,38.525474548339844,0.5095898509025574,,,,,relu,glorot_normal,,,,2,128,he_normal,0.4,0.00922049314969164,1.0,0.1,,,,,32.0,,0.2,0.15000000000000002,3.0,
direction_14,14.0,GRU,037,-710.607523882389,0.5064062476158142,0.5004253387451172,7116.1435546875,0.5087304711341858,,,,,tanh,he_normal,,,,2,128,he_normal,0.2,0.0005691214031067918,2.0,0.2,,,,,32.0,,0.4,0.35,3.0,
direction_14,14.0,GRU,038,-197.2980566382408,0.4935937523841858,0.5,1982.91650390625,0.49460938572883606,,,,,relu,glorot_normal,,,,1,128,glorot_normal,0.2,0.00010674541740374034,1.0,0.9,,,,,96.0,,0.30000000000000004,0.2,3.0,
direction_14,14.0,GRU,039,-1.4671653389930723,0.5064062476158142,0.5,24.735715866088867,0.5091015696525574,,,,,relu,he_normal,,,,1,128,glorot_normal,0.1,0.01,2.0,0.5,,,,,32.0,,0.1,0.25,1.0,
direction_14,14.0,GRU,040,-5.183377993106842,0.5064062476158142,0.5,61.89784240722656,0.5081835985183716,,,,,relu,glorot_normal,,,,2,128,zeros,0.4,0.009894319420469278,1.0,0.1,,,,,96.0,,0.2,0.1,1.0,
direction_14,14.0,GRU,041,-2.911380922794342,0.5064062476158142,0.5,39.17787170410156,0.5098632574081421,,,,,relu,he_normal,,,,2,64,zeros,0.4,0.0025226484480455245,3.0,0.1,,,,,32.0,,0.25,0.35,1.0,
direction_14,14.0,GRU,042,-7.194350278377533,0.4935937523841858,0.5,81.87944030761719,0.4921875,,,,,relu,glorot_normal,,,,2,128,he_normal,0.2,0.0007617012298744354,1.5,0.9,,,,,32.0,,0.2,0.25,1.0,
direction_14,14.0,GRU,043,-0.7564590096473693,0.5064062476158142,0.5,17.628652572631836,0.5093554854393005,,,,,relu,glorot_normal,,,,1,64,he_normal,0.5,0.01,1.0,0.30000000000000004,,,,,32.0,,0.2,0.1,1.0,
direction_14,14.0,GRU,044,-2.253413236141205,0.4935937523841858,0.5,32.470069885253906,0.49339842796325684,,,,,relu,glorot_normal,,,,1,64,glorot_normal,0.1,0.0007585202823312821,3.0,0.8,,,,,32.0,,0.25,0.4,1.0,
direction_14,14.0,GRU,045,-13.397394716739655,0.5064062476158142,0.5,144.0380096435547,0.5086914300918579,,,,,relu,glorot_normal,,,,1,128,zeros,0.30000000000000004,0.0008480933680776238,1.0,0.1,,,,,128.0,,0.4,0.1,1.0,
direction_14,14.0,GRU,046,-3.04700790643692,0.5064062476158142,0.5,40.534141540527344,0.5080273151397705,,,,,relu,glorot_normal,,,,2,32,he_normal,0.2,0.009587781231235387,3.0,0.1,,,,,32.0,,0.1,0.25,3.0,
direction_14,14.0,GRU,047,-1.823369061946869,0.4935937523841858,0.5,28.169628143310547,0.4901367127895355,,,,,relu,glorot_normal,,,,1,128,zeros,0.1,0.000544381196412171,1.5,0.9,,,,,32.0,,0.4,0.30000000000000004,1.0,
direction_14,14.0,GRU,048,-9.513735353946686,0.5064062476158142,0.5,105.201416015625,0.5083203315734863,,,,,relu,glorot_normal,,,,2,64,he_normal,0.5,0.003280448844642922,3.0,0.1,,,,,128.0,,0.30000000000000004,0.25,1.0,
direction_14,14.0,GRU,049,-3.6314253211021423,0.4935937523841858,0.5,46.25019073486328,0.4910351634025574,,,,,relu,he_normal,,,,2,128,zeros,0.5,0.01,3.0,0.9,,,,,64.0,,0.4,0.1,1.0,
direction_14,14.0,GRU,050,-22.37123168706894,0.4935937523841858,0.5,233.64825439453125,0.4903515577316284,,,,,relu,he_normal,,,,1,32,glorot_normal,0.1,0.007076267580428095,3.0,0.9,,,,,32.0,,0.2,0.25,3.0,
direction_14,14.0,GRU,051,-4.681140291690826,0.5064062476158142,0.5,56.875465393066406,0.5092577934265137,,,,,relu,glorot_normal,,,,2,128,zeros,0.2,0.0013716537775051419,3.0,0.5,,,,,32.0,,0.1,0.35,3.0,
direction_14,14.0,GRU,052,-5.198010408878327,0.5064062476158142,0.5,62.044166564941406,0.5029882788658142,,,,,relu,glorot_normal,,,,2,128,zeros,0.5,0.00010301648127077791,3.0,0.2,,,,,32.0,,0.4,0.35,1.0,
direction_14,14.0,GRU,053,-8.397465670108796,0.5064062476158142,0.5,94.0387191772461,0.5084375143051147,,,,,relu,glorot_normal,,,,1,128,he_normal,0.2,0.0044935706204502004,1.0,0.1,,,,,128.0,,0.1,0.1,1.0,
direction_14,14.0,GRU,054,-4.949757695198059,0.5064062476158142,0.5000891089439392,59.562530517578125,0.5087695121765137,,,,,relu,glorot_normal,,,,1,128,zeros,0.2,0.0003950652392487141,1.0,0.1,,,,,32.0,,0.1,0.25,1.0,
direction_14,14.0,GRU,055,-1.0794592261314393,0.4935937523841858,0.5,20.73052978515625,0.49095702171325684,,,,,relu,he_normal,,,,1,128,he_normal,0.30000000000000004,0.01,1.0,0.9,,,,,32.0,,0.4,0.1,1.0,
direction_14,14.0,GRU,056,-1.6765359520912169,0.5064062476158142,0.5,26.829421997070312,0.5105859637260437,,,,,relu,he_normal,,,,1,32,he_normal,0.4,0.002559070352351345,3.0,0.1,,,,,32.0,,0.35,0.4,1.0,
direction_14,14.0,GRU,057,-3.5329946160316466,0.5064062476158142,0.5,45.39400863647461,0.5086914300918579,,,,,relu,glorot_normal,,,,2,128,he_normal,0.5,0.002423330340577008,2.5,0.1,,,,,32.0,,0.1,0.4,1.0,
direction_14,14.0,GRU,058,-10.192341005802154,0.5064062476158142,0.5,111.98747253417969,0.4983203113079071,,,,,relu,he_normal,,,,2,128,zeros,0.1,0.00014290730810563026,3.0,0.9,,,,,32.0,,0.25,0.4,1.0,
direction_14,14.0,GRU,059,-6.442649233341217,0.5064062476158142,0.5,74.49055480957031,0.5086523294448853,,,,,relu,he_normal,,,,1,128,zeros,0.2,0.01,3.0,0.1,,,,,128.0,,0.4,0.35,1.0,
direction_14,14.0,GRU,060,-6.772656404972077,0.5064062476158142,0.5,77.7906265258789,0.5096094012260437,,,,,relu,he_normal,,,,2,128,he_normal,0.5,0.01,2.5,0.1,,,,,96.0,,0.1,0.1,1.0,
direction_14,14.0,GRU,061,-2.5673796057701113,0.4935937523841858,0.5,35.60973358154297,0.49101561307907104,,,,,relu,glorot_normal,,,,1,128,glorot_normal,0.1,0.01,1.0,0.9,,,,,32.0,,0.1,0.1,3.0,
direction_14,14.0,GRU,062,-20.527245485782622,0.5064062476158142,0.5,215.33651733398438,0.5092968940734863,,,,,relu,glorot_normal,,,,2,128,zeros,0.5,0.0002826225994748339,3.0,0.1,,,,,128.0,,0.25,0.1,1.0,
direction_14,14.0,GRU,063,-2.0162473320961,0.5064062476158142,0.5,30.22653579711914,0.5088086128234863,,,,,relu,glorot_normal,,,,2,32,zeros,0.5,0.01,3.0,0.1,,,,,32.0,,0.4,0.1,3.0,
direction_14,14.0,GRU,064,-6.8348031640052795,0.5064062476158142,0.5,78.41209411621094,0.5089648365974426,,,,,relu,glorot_normal,,,,2,128,zeros,0.5,0.01,3.0,0.1,,,,,128.0,,0.4,0.4,1.0,
direction_14,14.0,GRU,065,-3.014138567447662,0.5064062476158142,0.5,40.205448150634766,0.5086328387260437,,,,,relu,glorot_normal,,,,1,32,zeros,0.1,0.0011559930376504304,3.0,0.1,,,,,32.0,,0.4,0.4,3.0,
direction_14,14.0,GRU,066,-1.7981483817100523,0.4935937523841858,0.5,27.917421340942383,0.4912695288658142,,,,,relu,he_normal,,,,1,32,zeros,0.1,0.0001,3.0,0.9,,,,,32.0,,0.4,0.4,1.0,
direction_14,14.0,GRU,067,-1.0020565390586853,0.4935937523841858,0.5,19.95650291442871,0.4915820360183716,,,,,relu,he_normal,,,,1,32,he_normal,0.1,0.01,1.0,0.9,,,,,32.0,,0.1,0.4,1.0,
direction_14,14.0,GRU,068,-207.48255370855333,0.4935937523841858,0.5,2084.761474609375,0.4908789098262787,,,,,relu,he_normal,,,,2,32,he_normal,0.1,0.00014705373931532688,3.0,0.9,,,,,32.0,,0.1,0.4,3.0,
direction_14,14.0,GRU,069,-4.793363726139068,0.5064062476158142,0.5,57.99769973754883,0.5081445574760437,,,,,relu,glorot_normal,,,,1,32,zeros,0.5,0.01,2.0,0.1,,,,,128.0,,0.4,0.1,1.0,
direction_14,14.0,GRU,070,-1.169194257259369,0.4935937523841858,0.5,21.627880096435547,0.48974609375,,,,,relu,glorot_normal,,,,2,128,zeros,0.4,0.01,1.0,0.9,,,,,32.0,,0.1,0.4,1.0,
direction_14,14.0,GRU,071,-5.246790087223053,0.5064062476158142,0.5,62.53196334838867,0.5079687237739563,,,,,relu,he_normal,,,,2,32,he_normal,0.5,0.000270721516864241,3.0,0.1,,,,,32.0,,0.4,0.1,1.0,
direction_14,14.0,GRU,072,-1.6293493628501894,0.4935937523841858,0.5,26.22943115234375,0.4913281202316284,,,,,relu,he_normal,,,,1,128,he_normal,0.5,0.01,2.0,0.9,,,,,32.0,,0.1,0.1,1.0,
direction_14,14.0,GRU,073,-1.683684504032135,0.5064062476158142,0.5,26.900907516479492,0.5086523294448853,,,,,relu,he_normal,,,,2,128,he_normal,0.2,0.01,1.0,0.1,,,,,32.0,,0.1,0.4,1.0,
direction_14,14.0,GRU,074,-51.26628051996231,0.5064062476158142,0.5,522.7268676757812,0.5101757645606995,,,,,relu,he_normal,,,,1,32,zeros,0.1,0.01,3.0,0.1,,,,,32.0,,0.1,0.4,3.0,
direction_14,14.0,GRU,075,-2.9865545630455017,0.4935937523841858,0.5,39.801483154296875,0.4915234446525574,,,,,relu,glorot_normal,,,,2,32,zeros,0.5,0.00043985627604855806,3.0,0.9,,,,,32.0,,0.4,0.4,1.0,
direction_14,14.0,GRU,076,-6.3050798058509825,0.5064062476158142,0.5,73.11486053466797,0.5085155963897705,,,,,relu,glorot_normal,,,,1,128,he_normal,0.5,0.0001,1.0,0.1,,,,,32.0,,0.4,0.1,1.0,
direction_14,14.0,GRU,077,-23.563471066951752,0.4935937523841858,0.5,245.57064819335938,0.4927343726158142,,,,,relu,glorot_normal,,,,2,128,zeros,0.5,0.0001,3.0,0.9,,,,,128.0,,0.4,0.1,1.0,
direction_14,14.0,GRU,078,-1.2962978005409242,0.5064062476158142,0.5,23.027040481567383,0.5081445574760437,,,,,relu,he_normal,,,,2,32,he_normal,0.5,0.01,1.0,0.1,,,,,32.0,,0.4,0.1,1.0,
direction_14,14.0,GRU,079,-2.9557623267173767,0.4935937523841858,0.5,39.493560791015625,0.4899023473262787,,,,,relu,he_normal,,,,1,128,zeros,0.1,0.0001,3.0,0.9,,,,,32.0,,0.4,0.1,1.0,
direction_14,14.0,GRU,080,-6.396829831600189,0.4935937523841858,0.5,73.90423583984375,0.49117186665534973,,,,,relu,glorot_normal,,,,2,128,zeros,0.1,0.0001,3.0,0.9,,,,,32.0,,0.4,0.1,3.0,
direction_14,14.0,GRU,081,-1.6957790017127992,0.5064062476158142,0.5,27.021852493286133,0.5089257955551147,,,,,relu,glorot_normal,,,,1,32,he_normal,0.1,0.01,1.0,0.1,,,,,32.0,,0.4,0.1,3.0,
direction_14,14.0,GRU,082,-0.3658782601356507,0.5064062476158142,0.5,13.722845077514648,0.5088476538658142,,,,,relu,glorot_normal,,,,1,32,zeros,0.2,0.01,1.0,0.1,,,,,32.0,,0.4,0.4,1.0,
direction_14,14.0,GRU,083,-0.7400524497032166,0.4935937523841858,0.5,17.336462020874023,0.4910546839237213,,,,,relu,he_normal,,,,1,128,zeros,0.30000000000000004,0.01,3.0,0.9,,,,,32.0,,0.4,0.4,1.0,
direction_14,14.0,GRU,084,-4.099204027652741,0.5064062476158142,0.5,51.05610275268555,0.5088086128234863,,,,,relu,he_normal,,,,1,128,he_normal,0.30000000000000004,0.0012208447919522683,1.0,0.1,,,,,32.0,,0.2,0.1,1.0,
direction_14,14.0,GRU,085,-10.522554230690002,0.4935937523841858,0.5064800381660461,115.22628021240234,0.4962500035762787,,,,,relu,glorot_normal,,,,2,32,he_normal,0.5,0.0001,3.0,0.1,,,,,32.0,,0.1,0.4,1.0,
direction_14,14.0,GRU,086,-6.802623903751373,0.5064062476158142,0.5,78.09030151367188,0.5089062452316284,,,,,relu,glorot_normal,,,,2,128,zeros,0.1,0.01,3.0,0.1,,,,,128.0,,0.1,0.4,1.0,
direction_14,14.0,GRU,087,-13.940108644962312,0.5064062476158142,0.5,149.46514892578125,0.508593738079071,,,,,tanh,glorot_normal,,,,1,128,zeros,0.5,0.01,1.0,0.1,,,,,32.0,,0.4,0.1,1.0,
direction_14,14.0,GRU,088,-1.3260987877845762,0.5064062476158142,0.5,23.325050354003906,0.5085742473602295,,,,,relu,he_normal,,,,1,32,zeros,0.1,0.01,3.0,0.1,,,,,32.0,,0.4,0.1,1.0,
direction_14,14.0,GRU,089,-8.691897934675216,0.4935937523841858,0.4974817931652069,96.8297348022461,0.4946874976158142,,,,,relu,glorot_normal,,,,2,128,zeros,0.5,0.0001,1.0,0.9,,,,,32.0,,0.4,0.1,1.0,
direction_14,14.0,GRU,090,-15.160929960012435,0.4935937523841858,0.4996388852596283,161.5416259765625,0.49173828959465027,,,,,relu,he_normal,,,,2,128,he_normal,0.5,0.0001,3.0,0.9,,,,,32.0,,0.4,0.4,1.0,
direction_14,14.0,GRU,091,-4.925836420059204,0.5064062476158142,0.4999564290046692,59.321990966796875,0.5085742473602295,,,,,relu,glorot_normal,,,,1,32,zeros,0.5,0.0001,1.0,0.1,,,,,32.0,,0.4,0.1,1.0,
direction_14,14.0,GRU,092,-5.506180727481842,0.5064062476158142,0.5,65.12586975097656,0.5048632621765137,,,,,relu,he_normal,,,,1,128,zeros,0.1,0.0001,3.0,0.1,,,,,32.0,,0.4,0.4,1.0,
direction_14,14.0,GRU,093,-2.9406388878822325,0.5064062476158142,0.5,39.47045135498047,0.5083203315734863,,,,,relu,he_normal,,,,2,128,zeros,0.1,0.01,3.0,0.1,,,,,32.0,,0.4,0.1,3.0,
direction_14,14.0,GRU,094,-2.621083986759186,0.5064062476158142,0.5,36.27490234375,0.5099999904632568,,,,,relu,glorot_normal,,,,2,128,zeros,0.1,0.01,1.0,0.1,,,,,32.0,,0.1,0.4,3.0,
direction_14,14.0,GRU,095,-1.3024688363075256,0.5064062476158142,0.5,23.0887508392334,0.5080859661102295,,,,,relu,he_normal,,,,1,128,zeros,0.5,0.01,1.0,0.1,,,,,32.0,,0.4,0.1,1.0,
direction_14,14.0,GRU,096,-15.744018626213073,0.4935937523841858,0.5000692009925842,167.37681579589844,0.49097657203674316,,,,,tanh,glorot_normal,,,,2,128,zeros,0.1,0.01,3.0,0.9,,,,,32.0,,0.1,0.4,1.0,
direction_14,14.0,GRU,097,-12.136591184139252,0.4935937523841858,0.5,131.30184936523438,0.5002343654632568,,,,,relu,glorot_normal,,,,2,128,he_normal,0.5,0.0001,3.0,0.9,,,,,32.0,,0.4,0.1,1.0,
direction_14,14.0,GRU,098,-6.7168023705482485,0.5064062476158142,0.5,77.23208618164062,0.5096484422683716,,,,,relu,glorot_normal,,,,2,128,zeros,0.1,0.000490364237472127,3.0,0.1,,,,,32.0,,0.4,0.1,1.0,
direction_14,14.0,GRU,099,-4.6352480292320255,0.4935937523841858,0.5,56.28841781616211,0.4908398389816284,,,,,relu,glorot_normal,,,,1,128,zeros,0.1,0.0001,1.0,0.9,,,,,32.0,,0.4,0.1,3.0,
direction_14,14.0,GRU,100,-8.114533674716949,0.4935937523841858,0.5000375509262085,91.08164978027344,0.49052733182907104,,,,,relu,he_normal,,,,1,128,he_normal,0.1,0.0002942719333206265,1.0,0.9,,,,,32.0,,0.1,0.4,1.0,
direction_14,14.0,GRU,101,-4.047234189510346,0.4935937523841858,0.5,50.40827941894531,0.4922851622104645,,,,,relu,he_normal,,,,1,128,zeros,0.1,0.0007875912407661083,1.0,0.9,,,,,32.0,,0.1,0.1,1.0,
direction_14,14.0,GRU,102,-1.509155309200287,0.4935937523841858,0.5,25.027490615844727,0.4915429651737213,,,,,relu,he_normal,,,,2,32,he_normal,0.5,0.01,3.0,0.9,,,,,32.0,,0.4,0.4,1.0,
direction_14,14.0,GRU,103,-40.25115906000137,0.5064062476158142,0.5,412.5756530761719,0.510058581829071,,,,,relu,he_normal,,,,2,32,he_normal,0.5,0.01,3.0,0.1,,,,,32.0,,0.1,0.4,3.0,
direction_14,14.0,GRU,104,-21.70358062982559,0.5064062476158142,0.5,227.09986877441406,0.5002734661102295,,,,,relu,he_normal,,,,2,128,he_normal,0.5,0.0003984712343364683,3.0,0.1,,,,,128.0,,0.4,0.4,1.0,
direction_14,14.0,GRU,105,-12.578594362735748,0.5064062476158142,0.5,135.85000610351562,0.5020898580551147,,,,,relu,he_normal,,,,2,128,he_normal,0.2,0.0001,3.0,0.1,,,,,32.0,,0.1,0.4,1.0,
direction_14,14.0,GRU,106,-10.048824608325958,0.5064062476158142,0.5005819797515869,110.5581283569336,0.508105456829071,,,,,relu,glorot_normal,,,,1,128,zeros,0.1,0.0001,3.0,0.1,,,,,32.0,,0.1,0.4,1.0,
direction_14,14.0,GRU,107,-6.240930384397506,0.4935937523841858,0.4999096095561981,72.3443374633789,0.49580079317092896,,,,,relu,glorot_normal,,,,1,32,he_normal,0.5,0.00010000000000000005,1.0,0.9,,,,,32.0,,0.4,0.1,1.0,
direction_14,14.0,GRU,108,-6.242047727108002,0.4935937523841858,0.5,72.35641479492188,0.4927343726158142,,,,,relu,glorot_normal,,,,1,128,he_normal,0.1,0.0001,1.0,0.9,,,,,32.0,,0.4,0.1,1.0,
direction_14,14.0,GRU,109,-8.375075376033783,0.4935937523841858,0.5,93.68669128417969,0.4910351634025574,,,,,relu,he_normal,,,,2,128,he_normal,0.30000000000000004,0.01,3.0,0.9,,,,,128.0,,0.1,0.4,1.0,
direction_14,14.0,GRU,110,-70.48250488042831,0.4935937523841858,0.5,714.760986328125,0.4908789098262787,,,,,relu,he_normal,,,,2,128,zeros,0.1,0.01,3.0,0.9,,,,,32.0,,0.1,0.1,3.0,
direction_14,14.0,GRU,111,-6.719894254207611,0.4935937523841858,0.5,77.13488006591797,0.49058592319488525,,,,,relu,he_normal,,,,1,128,he_normal,0.1,0.01,1.0,0.9,,,,,128.0,,0.1,0.1,1.0,
direction_14,14.0,GRU,112,-5.25102676153183,0.4935937523841858,0.5,62.446205139160156,0.4893164038658142,,,,,relu,he_normal,,,,1,32,he_normal,0.1,0.01,3.0,0.9,,,,,128.0,,0.4,0.4,1.0,
direction_14,14.0,GRU,113,-9.805928647518158,0.4935937523841858,0.5,107.99522399902344,0.49173828959465027,,,,,relu,glorot_normal,,,,2,32,he_normal,0.5,0.0001,3.0,0.1,,,,,32.0,,0.4,0.4,3.0,
direction_14,14.0,GRU,114,-7.94360443353653,0.5064062476158142,0.5,89.50010681152344,0.5004101395606995,,,,,relu,glorot_normal,,,,2,32,he_normal,0.5,0.0004138984697579778,1.0,0.1,,,,,32.0,,0.4,0.1,3.0,
direction_14,14.0,GRU,115,-21.89163452386856,0.5064062476158142,0.5,228.98040771484375,0.5094921588897705,,,,,relu,he_normal,,,,1,32,he_normal,0.5,0.01,3.0,0.1,,,,,32.0,,0.4,0.1,3.0,
direction_14,14.0,GRU,116,-7.200517880916596,0.4935937523841858,0.5,81.94111633300781,0.49134767055511475,,,,,relu,he_normal,,,,2,32,he_normal,0.5,0.01,3.0,0.9,,,,,128.0,,0.4,0.1,1.0,
direction_14,14.0,GRU,117,-9.140887606143952,0.5064062476158142,0.5,101.47293853759766,0.5080273151397705,,,,,relu,he_normal,,,,2,128,he_normal,0.5,0.01,3.0,0.1,,,,,128.0,,0.4,0.1,1.0,
direction_14,14.0,GRU,118,-3.205242002010346,0.4935937523841858,0.5,41.98835754394531,0.4913671910762787,,,,,relu,he_normal,,,,1,64,zeros,0.1,0.0008120354189687254,3.0,0.9,,,,,32.0,,0.1,0.4,1.0,
direction_14,14.0,GRU,119,-3.2358583092689512,0.5064062476158142,0.5,42.422645568847656,0.5090038776397705,,,,,relu,glorot_normal,,,,1,32,he_normal,0.1,0.0001,1.0,0.1,,,,,32.0,,0.4,0.4,1.0,
direction_14,14.0,GRU,120,-0.4128895401954651,0.5064062476158142,0.5,14.192957878112793,0.5083789229393005,,,,,relu,he_normal,,,,1,32,he_normal,0.1,0.01,1.0,0.1,,,,,32.0,,0.4,0.4,1.0,
direction_14,14.0,GRU,121,-23.599362790584564,0.4935937523841858,0.5,245.9295654296875,0.49091798067092896,,,,,relu,glorot_normal,,,,2,32,he_normal,0.5,0.01,1.0,0.9,,,,,32.0,,0.1,0.1,3.0,
direction_14,14.0,GRU,122,-5.476381075382233,0.5064062476158142,0.5,64.82787322998047,0.5090429782867432,,,,,relu,he_normal,,,,2,32,he_normal,0.1,0.0001,3.0,0.1,,,,,32.0,,0.4,0.4,1.0,
direction_14,14.0,GRU,123,-7.120375216007233,0.5064062476158142,0.5,81.26781463623047,0.5076757669448853,,,,,relu,he_normal,,,,1,128,he_normal,0.1,0.01,1.0,0.1,,,,,128.0,,0.2,0.4,1.0,
direction_14,14.0,GRU,124,-2.7661917090415953,0.4935937523841858,0.5,37.59785461425781,0.4899218678474426,,,,,relu,he_normal,,,,1,32,he_normal,0.1,0.01,1.0,0.9,,,,,32.0,,0.4,0.1,3.0,
direction_14,14.0,GRU,125,-4.668915301561356,0.5066797137260437,0.49990585446357727,56.755008697509766,0.49605467915534973,,,,,relu,glorot_normal,,,,1,32,he_normal,0.30000000000000004,0.0001,3.0,0.1,,,,,32.0,,0.4,0.2,1.0,
direction_14,14.0,GRU,126,-6.124556171894073,0.4935937523841858,0.5015445947647095,71.19694519042969,0.49855467677116394,,,,,relu,glorot_normal,,,,2,32,he_normal,0.5,0.0001,1.0,0.1,,,,,32.0,,0.4,0.1,1.0,
direction_14,14.0,GRU,127,-3.644235146045685,0.4935937523841858,0.49981415271759033,46.37643051147461,0.4914257824420929,,,,,relu,he_normal,,,,1,32,he_normal,0.1,0.00011608261746298075,1.0,0.9,,,,,32.0,,0.4,0.4,1.0,
direction_14,14.0,GRU,128,-1.4103883385658262,0.5064062476158142,0.5,24.167945861816406,0.5101757645606995,,,,,relu,glorot_normal,,,,2,32,zeros,0.5,0.01,1.0,0.1,,,,,32.0,,0.1,0.1,3.0,
direction_14,14.0,GRU,129,-8.326881563663482,0.5064062476158142,0.5,93.33287811279297,0.5082421898841858,,,,,relu,glorot_normal,,,,1,128,zeros,0.1,0.0001,3.0,0.9,,,,,32.0,,0.4,0.4,3.0,
direction_14,14.0,GRU,130,-27.674235832691192,0.5022656321525574,0.5,286.7650146484375,0.4991992115974426,,,,,relu,glorot_normal,,,,2,128,he_normal,0.5,0.0001,3.0,0.9,,,,,128.0,,0.4,0.4,1.0,
direction_14,14.0,LSTM,000,-5.008927309513092,0.5064062476158142,0.5,60.15333557128906,0.5079687237739563,,,,,tanh,glorot_normal,,,,1,64,zeros,0.5,0.001715074355925934,3.0,0.1,,,,,32.0,True,0.30000000000000004,0.35000000000000003,,2.0
direction_14,14.0,LSTM,001,-89.99792221784591,0.4935937523841858,0.49221205711364746,909.8372802734375,0.4945117235183716,,,,,tanh,glorot_normal,,,,1,64,glorot_normal,0.1,0.00014111965749931114,2.5,0.7000000000000001,,,,,32.0,False,0.30000000000000004,0.45,,3.0
direction_14,14.0,LSTM,002,-14.64034057855606,0.5064062476158142,0.5,156.46746826171875,0.5099413990974426,,,,,relu,glorot_normal,,,,2,128,zeros,0.2,0.0010277342442932575,1.0,0.5,,,,,64.0,True,0.30000000000000004,0.30000000000000004,,3.0
direction_14,14.0,LSTM,003,-3.4672994256019596,0.5064062476158142,0.5,44.737056732177734,0.5095898509025574,,,,,gelu,glorot_normal,,,,1,64,he_normal,0.30000000000000004,0.0033137745378583987,1.5,0.2,,,,,32.0,False,0.2,0.25,,3.0
direction_14,14.0,LSTM,004,-40.577838742733,0.4935937523841858,0.5,415.7143249511719,0.48966798186302185,,,,,relu,he_normal,,,,2,96,zeros,0.1,0.0003623815491328145,3.0,0.8,,,,,64.0,False,0.45,0.45,,2.0
direction_14,14.0,LSTM,005,-77.89967406988144,0.4935937523841858,0.5,788.9326782226562,0.49144530296325684,,,,,relu,he_normal,,,,2,96,zeros,0.30000000000000004,0.0001272703380605649,3.0,0.9,,,,,32.0,True,0.25,0.4,,2.0
direction_14,14.0,LSTM,006,-53.223226320743564,0.5064062476158142,0.5,542.2963256835938,0.5065038800239563,,,,,gelu,he_normal,,,,1,64,he_normal,0.30000000000000004,0.0001395510628578222,1.0,0.1,,,,,32.0,True,0.25,0.30000000000000004,,2.0
direction_14,14.0,LSTM,007,-23.619148766994478,0.4935937523841858,0.49996042251586914,246.1270294189453,0.4896875023841858,,,,,tanh,he_normal,,,,2,64,zeros,0.5,0.0025890919266874407,3.0,0.9,,,,,96.0,False,0.45,0.2,,3.0
direction_14,14.0,LSTM,008,-177.42492011785507,0.5064062476158142,0.42630302906036377,1783.5762939453125,0.5091992020606995,,,,,tanh,he_normal,,,,2,32,glorot_normal,0.1,0.00010805627988186071,1.0,0.30000000000000004,,,,,96.0,True,0.30000000000000004,0.2,,1.0
direction_14,14.0,LSTM,009,-7.213964688777924,0.4935937523841858,0.5,82.0755844116211,0.4913671910762787,,,,,gelu,he_normal,,,,1,32,he_normal,0.5,0.006353350532750873,1.0,0.6,,,,,64.0,False,0.25,0.4,,3.0
direction_14,14.0,LSTM,010,-3.362577283382416,0.4935937523841858,0.5,43.561710357666016,0.4912695288658142,,,,,relu,he_normal,,,,1,32,he_normal,0.2,0.0013291852527485804,3.0,0.6,,,,,32.0,False,0.30000000000000004,0.4,,2.0
direction_14,14.0,LSTM,011,-15.891811215877532,0.4935937523841858,0.5,168.8540496826172,0.49171873927116394,,,,,relu,glorot_normal,,,,1,64,glorot_normal,0.1,0.001027905840968144,1.5,0.6,,,,,96.0,False,0.2,0.4,,2.0
direction_14,14.0,LSTM,012,-108.87348897457123,0.5064062476158142,0.5181028246879578,1098.97998046875,0.5094140768051147,,,,,tanh,glorot_normal,,,,2,64,he_normal,0.4,0.00030969640670569564,2.5,0.30000000000000004,,,,,96.0,True,0.2,0.45,,2.0
direction_14,14.0,LSTM,013,-46.110261708498,0.5063672065734863,0.4981629550457001,471.1479187011719,0.49855467677116394,,,,,tanh,glorot_normal,,,,2,64,he_normal,0.2,0.0004938970115853091,2.5,0.6,,,,,96.0,True,0.35000000000000003,0.4,,1.0
direction_14,14.0,LSTM,014,-35.45384765863419,0.5064062476158142,0.5,364.6025390625,0.501757800579071,,,,,gelu,he_normal,,,,1,128,glorot_normal,0.5,0.0003484786063390684,1.5,0.5,,,,,32.0,False,0.45,0.45,,3.0
direction_14,14.0,LSTM,015,-19.958046567440032,0.4935937523841858,0.5,209.5164031982422,0.4905664026737213,,,,,tanh,glorot_normal,,,,1,32,glorot_normal,0.2,0.003049541549141375,2.5,0.8,,,,,96.0,False,0.25,0.35000000000000003,,3.0
direction_14,14.0,LSTM,016,-3.659646379947662,0.5064062476158142,0.5,46.660526275634766,0.5096679925918579,,,,,gelu,glorot_normal,,,,1,32,he_normal,0.2,0.006351062743654629,3.0,0.4,,,,,32.0,True,0.30000000000000004,0.45,,3.0
direction_14,14.0,LSTM,017,-4.463722991943359,0.5064062476158142,0.500040590763092,54.701698303222656,0.5086718797683716,,,,,gelu,he_normal,,,,2,128,he_normal,0.30000000000000004,0.00207431648016279,2.5,0.5,,,,,32.0,False,0.35000000000000003,0.30000000000000004,,1.0
direction_14,14.0,LSTM,018,-30.15203002691269,0.4935937523841858,0.5,311.45623779296875,0.49144530296325684,,,,,relu,he_normal,,,,1,128,zeros,0.1,0.00023183657189474222,2.0,0.6,,,,,128.0,False,0.30000000000000004,0.35000000000000003,,1.0
direction_14,14.0,LSTM,019,-39.12136836647987,0.4939843714237213,0.5471503138542175,401.6250305175781,0.5010937452316284,,,,,tanh,he_normal,,,,1,32,glorot_normal,0.4,0.00022692088176343598,2.0,0.30000000000000004,,,,,32.0,True,0.35000000000000003,0.25,,1.0
direction_14,14.0,LSTM,020,-30.78046509027481,0.5064062476158142,0.5,317.86871337890625,0.5092968940734863,,,,,tanh,he_normal,,,,2,128,he_normal,0.2,0.0012872737477703168,3.0,0.2,,,,,96.0,False,0.45,0.35000000000000003,,3.0
direction_14,14.0,LSTM,021,-3.1215459465980526,0.5064062476158142,0.5,41.27952194213867,0.5075585842132568,,,,,relu,glorot_normal,,,,1,64,he_normal,0.30000000000000004,0.0005017603502099382,3.0,0.4,,,,,32.0,False,0.35000000000000003,0.2,,1.0
direction_14,14.0,LSTM,022,-12.184740293025971,0.4935937523841858,0.5,131.78334045410156,0.4914257824420929,,,,,gelu,glorot_normal,,,,1,128,zeros,0.5,0.006695608114388132,2.5,0.8,,,,,128.0,False,0.2,0.35000000000000003,,3.0
direction_14,14.0,LSTM,023,-27.82217346429825,0.5064062476158142,0.5,288.2857971191406,0.5095898509025574,,,,,relu,glorot_normal,,,,1,32,zeros,0.2,0.0002933768012428558,2.5,0.30000000000000004,,,,,96.0,True,0.4,0.2,,3.0
direction_14,14.0,LSTM,024,-3.597512590885162,0.5064062476158142,0.5,46.039188385009766,0.5015624761581421,,,,,gelu,glorot_normal,,,,2,96,glorot_normal,0.5,0.0021765065892749877,2.0,0.5,,,,,32.0,False,0.35000000000000003,0.35000000000000003,,1.0
direction_14,14.0,LSTM,025,-27.074501955509184,0.5064062476158142,0.5,280.80908203125,0.507617175579071,,,,,gelu,glorot_normal,,,,1,64,glorot_normal,0.5,0.00031570701500918154,1.0,0.1,,,,,64.0,False,0.2,0.45,,2.0
direction_14,14.0,LSTM,026,-8.78036788702011,0.4935937523841858,0.5,97.73961639404297,0.49107420444488525,,,,,gelu,he_normal,,,,2,64,he_normal,0.2,0.00727915929887585,1.5,0.6,,,,,96.0,False,0.25,0.25,,2.0
direction_14,14.0,LSTM,027,-6.9854791283607485,0.5064062476158142,0.5,79.91885375976562,0.5090038776397705,,,,,tanh,glorot_normal,,,,1,64,glorot_normal,0.2,0.008616178537110575,2.0,0.2,,,,,96.0,True,0.30000000000000004,0.2,,1.0
direction_14,14.0,LSTM,028,-32.97588745355606,0.5064062476158142,0.5,339.82293701171875,0.5087304711341858,,,,,tanh,he_normal,,,,1,64,he_normal,0.2,0.001263698656945194,2.5,0.4,,,,,128.0,False,0.30000000000000004,0.2,,2.0
direction_14,14.0,LSTM,029,-1.0696287512779237,0.4935937523841858,0.5,20.632225036621094,0.49064454436302185,,,,,relu,glorot_normal,,,,2,96,he_normal,0.1,0.00829014608439077,1.5,0.7000000000000001,,,,,32.0,False,0.25,0.25,,1.0
direction_14,14.0,LSTM,030,-4.038732755184173,0.4935937523841858,0.5,50.323265075683594,0.4930664002895355,,,,,relu,glorot_normal,,,,1,32,he_normal,0.5,0.0004706052466815514,1.0,0.9,,,,,32.0,True,0.25,0.45,,2.0
direction_14,14.0,LSTM,031,-11.538931882381439,0.4935937523841858,0.5,125.32525634765625,0.49291014671325684,,,,,gelu,he_normal,,,,2,96,zeros,0.1,0.0043367212336025045,1.0,0.9,,,,,96.0,False,0.4,0.35000000000000003,,2.0
direction_14,14.0,LSTM,032,-17.65469146966934,0.5064062476158142,0.5,186.61097717285156,0.5082031488418579,,,,,gelu,he_normal,,,,1,64,zeros,0.4,0.0019003838058425906,2.0,0.2,,,,,64.0,True,0.4,0.4,,3.0
direction_14,14.0,LSTM,033,-18.78740600347519,0.4935937523841858,0.5,197.80999755859375,0.49873048067092896,,,,,gelu,glorot_normal,,,,1,32,zeros,0.2,0.00021347610418606298,3.0,0.8,,,,,32.0,True,0.4,0.4,,2.0
direction_14,14.0,LSTM,034,-18.789302670955657,0.4935937523841858,0.5,197.82896423339844,0.4909960925579071,,,,,gelu,glorot_normal,,,,2,128,he_normal,0.4,0.001996334459987542,3.0,0.9,,,,,96.0,False,0.45,0.25,,3.0
direction_14,14.0,LSTM,035,-5.711973571777344,0.5064062476158142,0.4997735619544983,67.18153381347656,0.5086914300918579,,,,,tanh,glorot_normal,,,,1,96,glorot_normal,0.30000000000000004,0.0048640356869126,2.5,0.2,,,,,64.0,True,0.4,0.25,,1.0
direction_14,14.0,LSTM,036,-22.81780171394348,0.5335156321525574,0.5000010132789612,238.51318359375,0.5004687309265137,,,,,gelu,he_normal,,,,1,96,zeros,0.4,0.00011202631862509904,3.0,0.1,,,,,32.0,True,0.35000000000000003,0.2,,1.0
direction_14,14.0,LSTM,037,-67.99418579339981,0.5064062476158142,0.5,690.0059204101562,0.5077539086341858,,,,,gelu,he_normal,,,,1,32,glorot_normal,0.1,0.00020193356985061988,3.0,0.7000000000000001,,,,,96.0,True,0.45,0.4,,3.0
direction_14,14.0,LSTM,038,-37.14654601812363,0.4935937523841858,0.5,381.4013977050781,0.49878907203674316,,,,,gelu,glorot_normal,,,,2,32,glorot_normal,0.30000000000000004,0.0001333046266612092,2.5,0.9,,,,,64.0,True,0.25,0.35000000000000003,,1.0
direction_14,14.0,LSTM,039,-116538.58109375238,0.5064062476158142,0.5,1165395.875,0.5091211199760437,,,,,relu,he_normal,,,,2,64,zeros,0.5,0.002596905757124934,3.0,0.2,,,,,32.0,False,0.45,0.2,,3.0
direction_14,14.0,LSTM,040,-226.8606786251068,0.5278124809265137,0.5200049877166748,2279.0849609375,0.49757811427116394,,,,,relu,glorot_normal,,,,2,64,glorot_normal,0.5,0.0003584911744295724,1.5,0.30000000000000004,,,,,32.0,True,0.4,0.2,,2.0
direction_14,14.0,LSTM,041,-7.328402554988861,0.5064062476158142,0.5035067796707153,83.3831558227539,0.5098632574081421,,,,,tanh,he_normal,,,,1,32,he_normal,0.2,0.0072136325692250145,3.0,0.1,,,,,96.0,False,0.25,0.25,,1.0
direction_14,14.0,LSTM,042,-18.930658876895905,0.5064062476158142,0.5,199.3706512451172,0.500683605670929,,,,,tanh,glorot_normal,,,,1,64,glorot_normal,0.30000000000000004,0.000859846732529835,2.0,0.5,,,,,64.0,True,0.30000000000000004,0.35000000000000003,,2.0
direction_14,14.0,LSTM,043,-25.478644406795503,0.4935937523841858,0.5,264.7223815917969,0.49064454436302185,,,,,gelu,he_normal,,,,1,96,he_normal,0.2,0.0006771365879577381,2.0,0.6,,,,,96.0,False,0.25,0.4,,2.0
direction_14,14.0,LSTM,044,-27.469098508358,0.4935937523841858,0.5,284.6269226074219,0.49259766936302185,,,,,gelu,he_normal,,,,2,96,glorot_normal,0.30000000000000004,0.0006955715790420235,2.5,0.9,,,,,96.0,False,0.35000000000000003,0.30000000000000004,,2.0
direction_14,14.0,LSTM,045,-58.7813304901123,0.4935937523841858,0.5133509039878845,597.8827514648438,0.49607422947883606,,,,,tanh,glorot_normal,,,,1,96,he_normal,0.30000000000000004,0.00026349666515865244,1.0,0.6,,,,,64.0,False,0.30000000000000004,0.2,,1.0
direction_14,14.0,LSTM,046,-6.720630037784576,0.5064062476158142,0.5,77.2703628540039,0.5052929520606995,,,,,gelu,glorot_normal,,,,1,64,he_normal,0.30000000000000004,0.0006261955961632421,3.0,0.2,,,,,32.0,True,0.25,0.35000000000000003,,1.0
direction_14,14.0,LSTM,047,-24.653897404670715,0.5064062476158142,0.500386655330658,256.6069030761719,0.5057031512260437,,,,,gelu,glorot_normal,,,,1,96,glorot_normal,0.4,0.00011777742847270188,1.5,0.2,,,,,32.0,True,0.35000000000000003,0.30000000000000004,,1.0
direction_14,14.0,LSTM,048,-25.202365720272063,0.4935937523841858,0.5,261.9595947265625,0.49167969822883606,,,,,gelu,glorot_normal,,,,1,32,zeros,0.5,0.0020563819004224943,2.5,0.9,,,,,128.0,True,0.4,0.25,,3.0
direction_14,14.0,LSTM,049,-57.71217550039292,0.4935937523841858,0.4825425148010254,586.8831176757812,0.49222657084465027,,,,,relu,glorot_normal,,,,1,32,he_normal,0.30000000000000004,0.0001,1.5,0.6,,,,,64.0,True,0.4,0.2,,1.0
direction_14,14.0,LSTM,050,-12.223833620548248,0.5064062476158142,0.5,132.30239868164062,0.5095312595367432,,,,,gelu,glorot_normal,,,,1,96,zeros,0.4,0.0015924684559698052,3.0,0.30000000000000004,,,,,96.0,True,0.30000000000000004,0.45,,1.0
direction_14,14.0,LSTM,051,-39.98648461103439,0.4935937523841858,0.4864652156829834,409.6654357910156,0.49296873807907104,,,,,tanh,glorot_normal,,,,2,96,glorot_normal,0.5,0.0004930624024427682,1.0,0.8,,,,,64.0,True,0.35000000000000003,0.2,,2.0
direction_14,14.0,LSTM,052,-14.916310727596283,0.4935937523841858,0.5,159.0990447998047,0.49074217677116394,,,,,gelu,he_normal,,,,2,64,zeros,0.4,0.008288943822402584,3.0,0.9,,,,,128.0,False,0.4,0.30000000000000004,,3.0
direction_14,14.0,LSTM,053,-18.420238649845125,0.5064062476158142,0.5,194.26644897460938,0.5084375143051147,,,,,gelu,glorot_normal,,,,1,128,he_normal,0.1,0.0020075837955493376,1.5,0.30000000000000004,,,,,96.0,True,0.45,0.35000000000000003,,3.0
direction_14,14.0,LSTM,054,-3.6180249810218807,0.5064062476158142,0.5,46.24431228637695,0.5088476538658142,,,,,relu,glorot_normal,,,,2,64,he_normal,0.4,0.0006496780478322082,1.0,0.2,,,,,32.0,True,0.30000000000000004,0.25,,1.0
direction_14,14.0,LSTM,055,-8.535351169109344,0.4935937523841858,0.5001146793365479,95.29059600830078,0.49095702171325684,,,,,tanh,glorot_normal,,,,1,128,he_normal,0.1,0.0019122545514591196,3.0,0.9,,,,,64.0,False,0.4,0.35000000000000003,,1.0
direction_14,14.0,LSTM,056,-3.9337304711341856,0.5064062476158142,0.5,49.4013671875,0.5105859637260437,,,,,gelu,glorot_normal,,,,1,32,zeros,0.5,0.0029588549171523514,2.0,0.1,,,,,32.0,True,0.30000000000000004,0.45,,2.0
direction_14,14.0,LSTM,057,-267.9752072095871,0.4935937523841858,0.527048647403717,2689.95849609375,0.49662110209465027,,,,,tanh,glorot_normal,,,,1,96,zeros,0.1,0.00016163484633393047,2.5,0.9,,,,,128.0,True,0.35000000000000003,0.2,,2.0
direction_14,14.0,LSTM,058,-113.43266845941544,0.5064062476158142,0.5,1144.3907470703125,0.509082019329071,,,,,relu,glorot_normal,,,,1,32,zeros,0.30000000000000004,0.0001,3.0,0.1,,,,,64.0,True,0.30000000000000004,0.30000000000000004,,1.0
direction_14,14.0,LSTM,059,-75.44009584784507,0.5064062476158142,0.4962408244609833,764.4274291992188,0.49958983063697815,,,,,relu,glorot_normal,,,,2,96,glorot_normal,0.5,0.0001,1.0,0.5,,,,,32.0,True,0.45,0.4,,1.0
direction_14,14.0,LSTM,060,-4.394603574275971,0.4935937523841858,0.5,53.88197326660156,0.4903906285762787,,,,,gelu,he_normal,,,,1,32,he_normal,0.4,0.0037763277543731016,2.5,0.9,,,,,64.0,False,0.35000000000000003,0.25,,1.0
direction_14,14.0,LSTM,061,-29.47255493402481,0.5064062476158142,0.5,304.78961181640625,0.5083984136581421,,,,,gelu,glorot_normal,,,,1,96,zeros,0.4,0.0001389328857988281,3.0,0.1,,,,,32.0,True,0.25,0.45,,3.0
direction_14,14.0,LSTM,062,-37.753562009334566,0.4935937523841858,0.5,387.4715576171875,0.49074217677116394,,,,,relu,he_normal,,,,2,128,he_normal,0.1,0.000403205756790796,2.5,0.9,,,,,128.0,False,0.35000000000000003,0.45,,3.0
direction_14,14.0,LSTM,063,-84.72297745347024,0.4935937523841858,0.4705076515674591,856.8707885742188,0.4909375011920929,,,,,tanh,he_normal,,,,1,96,he_normal,0.1,0.00021075178542139021,3.0,0.2,,,,,64.0,True,0.4,0.30000000000000004,,1.0
direction_14,14.0,LSTM,064,-413.88516135811807,0.4935937523841858,0.49473121762275696,4148.73486328125,0.49824219942092896,,,,,tanh,glorot_normal,,,,1,64,glorot_normal,0.4,0.0001,1.0,0.1,,,,,128.0,True,0.45,0.25,,3.0
direction_14,14.0,LSTM,065,-2.5739682793617247,0.5064062476158142,0.5,35.80374526977539,0.5086328387260437,,,,,relu,glorot_normal,,,,1,96,glorot_normal,0.5,0.0011435600154710958,2.5,0.1,,,,,32.0,True,0.25,0.45,,1.0
direction_14,14.0,LSTM,066,-100.09550536870957,0.4935937523841858,0.5,1010.8909912109375,0.49449217319488525,,,,,gelu,he_normal,,,,2,64,zeros,0.5,0.00018423844195935839,3.0,0.9,,,,,128.0,False,0.4,0.2,,3.0
direction_14,14.0,LSTM,067,-3.512360990047455,0.4935937523841858,0.5,45.059547424316406,0.4915820360183716,,,,,gelu,he_normal,,,,1,96,glorot_normal,0.5,0.0025489269418321105,1.5,0.7000000000000001,,,,,32.0,True,0.4,0.45,,1.0
direction_14,14.0,LSTM,068,-7.4284414649009705,0.4935937523841858,0.5,84.22035217285156,0.4924609363079071,,,,,relu,he_normal,,,,1,32,he_normal,0.1,0.0003434896930500692,3.0,0.9,,,,,64.0,False,0.2,0.25,,1.0
direction_14,14.0,LSTM,069,-29.33146266937256,0.5063281059265137,0.48673009872436523,303.2452087402344,0.4989062547683716,,,,,tanh,glorot_normal,,,,1,64,glorot_normal,0.5,0.00030895009011852755,3.0,0.1,,,,,32.0,True,0.45,0.45,,1.0
direction_14,14.0,LSTM,070,-24.456795346736907,0.4935937523841858,0.5,254.50389099121094,0.4952929615974426,,,,,gelu,glorot_normal,,,,2,32,he_normal,0.5,0.0001,1.0,0.4,,,,,32.0,True,0.45,0.2,,1.0
direction_14,14.0,LSTM,071,-9.385969388484956,0.4935937523841858,0.5,103.7956314086914,0.4917578101158142,,,,,gelu,glorot_normal,,,,1,64,zeros,0.5,0.0004226235614792394,2.5,0.6,,,,,32.0,True,0.2,0.2,,1.0
direction_14,14.0,LSTM,072,-23.62923980951309,0.5064062476158142,0.5,246.35646057128906,0.5086718797683716,,,,,gelu,he_normal,,,,2,128,he_normal,0.1,0.0010988574032711235,2.5,0.2,,,,,128.0,False,0.45,0.45,,1.0
direction_14,14.0,LSTM,073,-80.92228027582169,0.5064062476158142,0.5,819.286865234375,0.5069531202316284,,,,,gelu,he_normal,,,,1,96,zeros,0.4,0.00031497763437132953,1.0,0.7000000000000001,,,,,96.0,True,0.30000000000000004,0.45,,3.0
direction_14,14.0,LSTM,074,-145.8501367211342,0.5064062476158142,0.5,1468.5654296875,0.5062304735183716,,,,,tanh,glorot_normal,,,,1,32,zeros,0.1,0.0002810551143796503,2.0,0.1,,,,,96.0,True,0.45,0.45,,3.0
direction_14,14.0,LSTM,075,-139.6248265504837,0.5106640458106995,0.5129469037055969,1406.484375,0.5052734613418579,,,,,relu,glorot_normal,,,,1,64,zeros,0.2,0.0001,1.0,0.4,,,,,32.0,True,0.45,0.2,,1.0
direction_14,14.0,LSTM,076,-1.4395415902137758,0.5064062476158142,0.5,24.4594783782959,0.5087109208106995,,,,,gelu,glorot_normal,,,,1,32,he_normal,0.1,0.005128443376545787,1.5,0.4,,,,,32.0,False,0.30000000000000004,0.35000000000000003,,1.0
direction_14,14.0,LSTM,077,-50.897646486759186,0.5064062476158142,0.5,519.04052734375,0.508105456829071,,,,,relu,glorot_normal,,,,1,32,he_normal,0.1,0.00022432149981810553,3.0,0.2,,,,,128.0,True,0.25,0.2,,3.0
direction_14,14.0,LSTM,078,-5.189151537418366,0.5064062476158142,0.5,61.9555778503418,0.5081445574760437,,,,,gelu,glorot_normal,,,,1,128,glorot_normal,0.5,0.005488372197357686,2.5,0.1,,,,,32.0,True,0.35000000000000003,0.45,,3.0
direction_14,14.0,LSTM,079,-194.45989007949828,0.49433594942092896,0.49992436170578003,1954.54150390625,0.5010156035423279,,,,,relu,glorot_normal,,,,2,128,he_normal,0.30000000000000004,0.0001,1.0,0.4,,,,,32.0,True,0.45,0.2,,3.0
direction_14,14.0,LSTM,080,-4.849979627132416,0.4935937523841858,0.5,58.435733795166016,0.49117186665534973,,,,,gelu,glorot_normal,,,,2,128,he_normal,0.30000000000000004,0.0030517071026569514,1.0,0.8,,,,,32.0,False,0.25,0.45,,3.0
direction_1,1.0,GRU,000,-111.91225341558456,0.4564843773841858,0.5,1128.6873779296875,0.46058595180511475,,,,,gelu,glorot_normal,,,,2,32,glorot_normal,0.2,0.00905127409782462,2.5,0.9,,,,,32.0,,0.4,0.2,2.0,
direction_1,1.0,GRU,001,-14.22874847650528,0.5435156226158142,0.5,152.72264099121094,0.5412890911102295,,,,,relu,he_normal,,,,1,128,glorot_normal,0.30000000000000004,0.0006752863927347823,1.0,0.1,,,,,128.0,,0.15000000000000002,0.2,1.0,
direction_1,1.0,GRU,002,-441.6250132918358,0.5435156226158142,0.4999281167984009,4426.6845703125,0.5399804711341858,,,,,tanh,glorot_normal,,,,2,64,glorot_normal,0.4,0.004255555813913329,1.0,0.30000000000000004,,,,,96.0,,0.1,0.15000000000000002,3.0,
direction_1,1.0,GRU,003,-295.79472843408587,0.4564843773841858,0.5000323057174683,2967.512451171875,0.4705859422683716,,,,,gelu,he_normal,,,,1,64,zeros,0.2,0.00014690651027379393,2.0,0.9,,,,,32.0,,0.15000000000000002,0.35,2.0,
direction_1,1.0,GRU,004,-242.8648046851158,0.4564843773841858,0.5,2438.212890625,0.46097657084465027,,,,,gelu,glorot_normal,,,,1,96,zeros,0.5,0.008316141310476274,3.0,0.7000000000000001,,,,,128.0,,0.2,0.2,2.0,
direction_1,1.0,GRU,005,-3.7655863165855408,0.4564843773841858,0.5,47.220706939697266,0.4593749940395355,,,,,relu,he_normal,,,,1,32,he_normal,0.5,0.0003021384939866327,2.5,0.9,,,,,32.0,,0.35,0.25,1.0,
direction_1,1.0,GRU,006,-216.52769554853438,0.5435156226158142,0.5014694929122925,2175.726806640625,0.5400390625,,,,,gelu,glorot_normal,,,,2,32,he_normal,0.30000000000000004,0.0010953574938066576,1.5,0.4,,,,,32.0,,0.4,0.4,2.0,
direction_1,1.0,GRU,007,-259.30675704479216,0.4564843773841858,0.5018220543861389,2602.650634765625,0.46097657084465027,,,,,tanh,he_normal,,,,1,128,glorot_normal,0.30000000000000004,0.0064974404904634625,2.0,0.8,,,,,64.0,,0.1,0.15000000000000002,2.0,
direction_1,1.0,GRU,008,-75.05885375738144,0.4564843773841858,0.5,760.1533813476562,0.46041014790534973,,,,,gelu,glorot_normal,,,,2,128,zeros,0.30000000000000004,0.0009452767099282696,2.5,0.7000000000000001,,,,,96.0,,0.35,0.30000000000000004,1.0,
direction_1,1.0,GRU,009,-329.5049299359322,0.4564843773841858,0.4968620538711548,3304.582763671875,0.48705077171325684,,,,,gelu,glorot_normal,,,,1,32,zeros,0.4,0.0003243806953412315,2.5,0.8,,,,,32.0,,0.25,0.1,2.0,
direction_1,1.0,GRU,010,-468.87253081798553,0.5435156226158142,0.4985043406486511,4699.1455078125,0.5336523652076721,,,,,tanh,glorot_normal,,,,2,128,zeros,0.30000000000000004,0.0008019212661756024,1.0,0.30000000000000004,,,,,64.0,,0.1,0.4,2.0,
direction_1,1.0,GRU,011,-324.3431054711342,0.5435156226158142,0.5,3253.8662109375,0.5232226848602295,,,,,gelu,he_normal,,,,2,64,glorot_normal,0.5,0.0015525209418522444,2.5,0.5,,,,,64.0,,0.25,0.1,3.0,
direction_1,1.0,GRU,012,-4.7555387139320375,0.5435156226158142,0.5,57.990543365478516,0.539843738079071,,,,,relu,glorot_normal,,,,1,64,zeros,0.30000000000000004,0.00036151371126048177,2.0,0.4,,,,,64.0,,0.35,0.1,1.0,
direction_1,1.0,GRU,013,-33.430315554142,0.5435156226158142,0.5,344.7383117675781,0.5221874713897705,,,,,relu,he_normal,,,,2,64,he_normal,0.4,0.00030969640670569564,2.5,0.30000000000000004,,,,,64.0,,0.1,0.4,2.0,
direction_1,1.0,GRU,014,-141.34945689439775,0.4564843773841858,0.5010167360305786,1423.069580078125,0.4598437547683716,,,,,gelu,glorot_normal,,,,2,128,zeros,0.4,0.0004827322539144281,1.5,0.7000000000000001,,,,,96.0,,0.4,0.25,1.0,
direction_1,1.0,GRU,015,-24.88859497308731,0.5435156226158142,0.5,259.32110595703125,0.5402929782867432,,,,,relu,he_normal,,,,2,128,zeros,0.5,0.0008251039755551379,3.0,0.30000000000000004,,,,,128.0,,0.30000000000000004,0.2,2.0,
direction_1,1.0,GRU,016,-962.8500383853913,0.5437109470367432,0.5060553550720215,9638.998046875,0.5192577838897705,,,,,tanh,he_normal,,,,1,64,glorot_normal,0.1,0.00026384087338560336,2.0,0.30000000000000004,,,,,64.0,,0.2,0.1,2.0,
direction_1,1.0,GRU,017,-1798.2223402440547,0.4894140660762787,0.502308189868927,17992.140625,0.49455079436302185,,,,,tanh,he_normal,,,,1,128,glorot_normal,0.5,0.0002421696251742364,1.0,0.7000000000000001,,,,,96.0,,0.15000000000000002,0.35,3.0,
direction_1,1.0,GRU,018,-513.2524623155593,0.4564843773841858,0.497547447681427,5142.06494140625,0.46830078959465027,,,,,tanh,glorot_normal,,,,2,96,zeros,0.30000000000000004,0.0009629861008872285,2.0,0.9,,,,,128.0,,0.2,0.1,2.0,
direction_1,1.0,GRU,019,-656.7002832055092,0.5435156226158142,0.5,6577.43798828125,0.5394531488418579,,,,,gelu,he_normal,,,,2,32,glorot_normal,0.2,0.0005347601471523541,2.0,0.4,,,,,96.0,,0.25,0.15000000000000002,3.0,
direction_1,1.0,GRU,020,-3.316132891178131,0.5435156226158142,0.5,43.59648513793945,0.5402148365974426,,,,,relu,glorot_normal,,,,1,32,glorot_normal,0.5,0.001998823411028348,2.0,0.2,,,,,32.0,,0.25,0.30000000000000004,3.0,
direction_1,1.0,GRU,021,-181.14206298589707,0.4564843773841858,0.5,1820.9854736328125,0.4595312476158142,,,,,gelu,he_normal,,,,1,128,he_normal,0.30000000000000004,0.0012633033032926032,1.0,0.8,,,,,32.0,,0.15000000000000002,0.25,2.0,
direction_1,1.0,GRU,022,-1820.082989513874,0.5430077910423279,0.49509644508361816,18211.2109375,0.5105859637260437,,,,,tanh,he_normal,,,,2,32,zeros,0.2,0.00016560330324823594,1.0,0.4,,,,,128.0,,0.15000000000000002,0.25,2.0,
direction_1,1.0,GRU,023,-2.0915176033973695,0.5435156226158142,0.5,31.350332260131836,0.5404492020606995,,,,,relu,glorot_normal,,,,1,128,glorot_normal,0.5,0.005198673201549641,3.0,0.1,,,,,32.0,,0.35,0.25,2.0,
direction_1,1.0,GRU,024,-9.943985140323639,0.5435156226158142,0.5,109.87500762939453,0.5407617092132568,,,,,gelu,glorot_normal,,,,2,128,he_normal,0.4,0.0036990629351355588,2.5,0.1,,,,,32.0,,0.35,0.1,1.0,
direction_1,1.0,GRU,025,-335.9097388029098,0.5360937714576721,0.5050707459449768,3369.509033203125,0.5078125,,,,,tanh,glorot_normal,,,,1,64,zeros,0.4,0.00030290765989813667,1.0,0.1,,,,,128.0,,0.2,0.1,1.0,
direction_1,1.0,GRU,026,-99.32625488042831,0.4564843773841858,0.5,1002.827392578125,0.45894530415534973,,,,,relu,he_normal,,,,2,64,he_normal,0.4,0.0013638404825740366,2.0,0.6,,,,,64.0,,0.30000000000000004,0.4,3.0,
direction_1,1.0,GRU,027,-818.5382476806641,0.4564843773841858,0.5007757544517517,8194.955078125,0.48783203959465027,,,,,gelu,glorot_normal,,,,1,64,glorot_normal,0.5,0.00031570701500918154,1.0,0.1,,,,,128.0,,0.1,0.4,2.0,
direction_1,1.0,GRU,028,-1027.9776860117913,0.5046093463897705,0.49924761056900024,10289.8154296875,0.5020898580551147,,,,,tanh,he_normal,,,,1,128,glorot_normal,0.4,0.00032149734827404113,3.0,0.30000000000000004,,,,,96.0,,0.15000000000000002,0.15000000000000002,2.0,
direction_1,1.0,GRU,029,-184.16152153015136,0.4564843773841858,0.500243604183197,1851.1824951171875,0.4598437547683716,,,,,gelu,glorot_normal,,,,1,32,zeros,0.2,0.0015453316687064683,1.5,0.9,,,,,32.0,,0.2,0.25,2.0,
direction_1,1.0,GRU,030,-227.36693359613417,0.5435156226158142,0.5,2284.1044921875,0.5396093726158142,,,,,gelu,he_normal,,,,1,64,zeros,0.1,0.0005405245899425882,2.5,0.30000000000000004,,,,,32.0,,0.2,0.25,2.0,
direction_1,1.0,GRU,031,-223.5721777677536,0.4564843773841858,0.49819332361221313,2245.2685546875,0.4601171910762787,,,,,gelu,glorot_normal,,,,1,64,zeros,0.2,0.006492690297457527,2.5,0.7000000000000001,,,,,128.0,,0.15000000000000002,0.1,2.0,
direction_1,1.0,GRU,032,-5.796053469181061,0.5435156226158142,0.5,68.39569091796875,0.5401172041893005,,,,,relu,he_normal,,,,1,32,he_normal,0.2,0.009803686089744015,1.5,0.1,,,,,128.0,,0.30000000000000004,0.15000000000000002,1.0,
direction_1,1.0,GRU,033,-508.2501367211342,0.5435156226158142,0.5,5092.9365234375,0.540820300579071,,,,,gelu,glorot_normal,,,,2,128,he_normal,0.2,0.002269730362400285,2.0,0.5,,,,,128.0,,0.4,0.25,3.0,
direction_1,1.0,GRU,034,-4.607105481624603,0.4564843773841858,0.5,55.63589859008789,0.45853516459465027,,,,,relu,he_normal,,,,2,64,he_normal,0.5,0.0017940757181116695,2.5,0.7000000000000001,,,,,32.0,,0.1,0.4,2.0,
direction_1,1.0,GRU,035,-5.935888516902923,0.4564843773841858,0.5,68.9237289428711,0.4588671922683716,,,,,relu,he_normal,,,,1,64,zeros,0.4,0.0009211376149271358,2.0,0.7000000000000001,,,,,64.0,,0.30000000000000004,0.25,1.0,
direction_1,1.0,GRU,036,-23.646097719669342,0.5435156226158142,0.5,246.89613342285156,0.5410351753234863,,,,,relu,glorot_normal,,,,2,128,he_normal,0.4,0.00922049314969164,1.0,0.1,,,,,32.0,,0.2,0.15000000000000002,3.0,
direction_1,1.0,GRU,037,-713.1722558617591,0.5435156226158142,0.5,7142.15771484375,0.5241015553474426,,,,,tanh,he_normal,,,,2,128,he_normal,0.2,0.0005691214031067918,2.0,0.2,,,,,32.0,,0.4,0.35,3.0,
direction_1,1.0,GRU,038,-50.160999143123625,0.4564843773841858,0.5,511.1748352050781,0.4856249988079071,,,,,relu,glorot_normal,,,,1,128,glorot_normal,0.2,0.00010674541740374034,1.0,0.9,,,,,96.0,,0.30000000000000004,0.2,3.0,
direction_1,1.0,GRU,039,-1.4047808051109314,0.4564843773841858,0.5,23.612651824951172,0.4596289098262787,,,,,relu,glorot_normal,,,,1,128,glorot_normal,0.1,0.008779188065391798,2.0,0.6,,,,,32.0,,0.1,0.25,1.0,
direction_1,1.0,GRU,040,-4.690719759464264,0.5435156226158142,0.5,57.34235382080078,0.539746105670929,,,,,relu,glorot_normal,,,,2,128,zeros,0.5,0.01,1.0,0.1,,,,,96.0,,0.25,0.1,1.0,
direction_1,1.0,GRU,041,-1.41394020318985,0.5435156226158142,0.5,24.57455825805664,0.5402148365974426,,,,,relu,he_normal,,,,2,64,glorot_normal,0.30000000000000004,0.007185728312789617,3.0,0.1,,,,,32.0,,0.25,0.35,1.0,
direction_1,1.0,GRU,042,-3.8736334204673764,0.4564843773841858,0.5,48.301177978515625,0.45835936069488525,,,,,relu,glorot_normal,,,,1,128,glorot_normal,0.1,0.0003604858405189057,1.5,0.9,,,,,32.0,,0.4,0.30000000000000004,1.0,
direction_1,1.0,GRU,043,-1.5053381323814392,0.4564843773841858,0.5,24.61822509765625,0.45970702171325684,,,,,relu,he_normal,,,,2,128,he_normal,0.30000000000000004,0.01,2.0,0.9,,,,,32.0,,0.25,0.1,1.0,
direction_1,1.0,GRU,044,-11.991611635684967,0.5435156226158142,0.5,130.3512725830078,0.539355456829071,,,,,relu,glorot_normal,,,,1,128,glorot_normal,0.30000000000000004,0.0010542307245350136,1.0,0.1,,,,,128.0,,0.35,0.1,1.0,
direction_1,1.0,GRU,045,-0.9099584221839905,0.5435156226158142,0.5,19.534740447998047,0.5396875143051147,,,,,relu,he_normal,,,,1,64,he_normal,0.5,0.009605669721131358,1.0,0.1,,,,,32.0,,0.15000000000000002,0.1,1.0,
direction_1,1.0,GRU,046,-44.08927062749863,0.4564843773841858,0.5,450.4575500488281,0.46021485328674316,,,,,relu,he_normal,,,,1,64,he_normal,0.1,0.005104486131710915,3.0,0.9,,,,,32.0,,0.15000000000000002,0.30000000000000004,3.0,
direction_1,1.0,GRU,047,-5.831504666805268,0.4564843773841858,0.5,67.87989044189453,0.4606054723262787,,,,,relu,glorot_normal,,,,2,128,zeros,0.2,0.0005736242450067316,3.0,0.6,,,,,32.0,,0.2,0.35,3.0,
direction_1,1.0,GRU,048,-25.16462768316269,0.4564843773841858,0.5,261.21112060546875,0.45976561307907104,,,,,relu,he_normal,,,,1,128,zeros,0.1,0.005699837642604689,1.0,0.9,,,,,32.0,,0.25,0.1,3.0,
direction_1,1.0,GRU,049,-4.176553881168365,0.5435156226158142,0.5,52.2006950378418,0.5413281321525574,,,,,relu,glorot_normal,,,,2,128,zeros,0.5,0.00026657324485614457,3.0,0.1,,,,,32.0,,0.35,0.35,1.0,
direction_1,1.0,GRU,050,-6.861282503604889,0.5435156226158142,0.5,79.04798126220703,0.5400586128234863,,,,,relu,glorot_normal,,,,2,32,he_normal,0.5,0.003050885130938264,3.0,0.1,,,,,96.0,,0.25,0.1,1.0,
direction_1,1.0,GRU,051,-3.683513033390045,0.5435156226158142,0.5,47.270286560058594,0.5399218797683716,,,,,relu,he_normal,,,,1,128,zeros,0.2,0.01,1.0,0.1,,,,,64.0,,0.30000000000000004,0.30000000000000004,1.0,
direction_1,1.0,GRU,052,-3.6907274603843687,0.4564843773841858,0.5,46.47211837768555,0.46400392055511475,,,,,relu,he_normal,,,,1,128,zeros,0.1,0.0008495919168870238,3.0,0.9,,,,,32.0,,0.15000000000000002,0.4,1.0,
direction_1,1.0,GRU,053,-8.425345921516419,0.4564843773841858,0.4986727833747864,93.8050308227539,0.45949217677116394,,,,,relu,glorot_normal,,,,1,128,he_normal,0.2,0.0001,1.0,0.9,,,,,32.0,,0.1,0.1,1.0,
direction_1,1.0,GRU,054,-5.465063321590423,0.4564843773841858,0.5,64.2154769897461,0.45955076813697815,,,,,relu,glorot_normal,,,,2,128,zeros,0.5,0.00286709314799256,3.0,0.9,,,,,64.0,,0.4,0.1,1.0,
direction_1,1.0,GRU,055,-2.824023973941803,0.5435156226158142,0.5,38.67539596557617,0.5396484136581421,,,,,relu,glorot_normal,,,,2,32,he_normal,0.30000000000000004,0.004116023106329817,3.0,0.1,,,,,32.0,,0.1,0.4,3.0,
direction_1,1.0,GRU,056,-10.70171753168106,0.5435156226158142,0.5,117.45233154296875,0.5111718773841858,,,,,relu,glorot_normal,,,,2,64,he_normal,0.2,0.0001,3.0,0.9,,,,,32.0,,0.15000000000000002,0.4,1.0,
direction_1,1.0,GRU,057,-5.863854372501374,0.5435156226158142,0.5,69.07369995117188,0.5403125286102295,,,,,relu,he_normal,,,,1,64,zeros,0.5,0.01,3.0,0.1,,,,,128.0,,0.4,0.1,1.0,
direction_1,1.0,GRU,058,-6.950570070743561,0.5435156226158142,0.5,79.94085693359375,0.5395312309265137,,,,,relu,he_normal,,,,1,128,he_normal,0.1,0.01,1.0,0.1,,,,,128.0,,0.1,0.1,1.0,
direction_1,1.0,GRU,059,-1.7602147698402404,0.5435156226158142,0.5,28.037303924560547,0.5410742163658142,,,,,relu,glorot_normal,,,,2,32,zeros,0.5,0.01,3.0,0.1,,,,,32.0,,0.4,0.1,3.0,
direction_1,1.0,GRU,060,-2.3136144280433655,0.5435156226158142,0.5,33.5713005065918,0.5396875143051147,,,,,relu,he_normal,,,,1,32,zeros,0.1,0.0005448127461830455,3.0,0.5,,,,,32.0,,0.4,0.4,2.0,
direction_1,1.0,GRU,061,-19.186797177791597,0.4564843773841858,0.5,201.4328155517578,0.4596875011920929,,,,,relu,glorot_normal,,,,1,128,zeros,0.1,0.0001,1.0,0.9,,,,,32.0,,0.4,0.1,3.0,
direction_1,1.0,GRU,062,-0.4239185690879821,0.4564843773841858,0.5,13.80402946472168,0.46025389432907104,,,,,relu,glorot_normal,,,,1,32,he_normal,0.5,0.01,1.0,0.9,,,,,32.0,,0.4,0.1,1.0,
direction_1,1.0,GRU,063,-2.1074379324913024,0.4564843773841858,0.5,30.639223098754883,0.4593749940395355,,,,,relu,he_normal,,,,1,64,he_normal,0.1,0.007962208857329288,1.0,0.9,,,,,32.0,,0.1,0.35,1.0,
direction_1,1.0,GRU,064,-2.791734540462494,0.4564843773841858,0.5,37.4821891784668,0.46091797947883606,,,,,relu,glorot_normal,,,,2,128,zeros,0.30000000000000004,0.003476658390543193,1.0,0.9,,,,,32.0,,0.1,0.4,1.0,
direction_1,1.0,GRU,065,-6.889458620548249,0.5435156226158142,0.5,79.32974243164062,0.5411132574081421,,,,,relu,glorot_normal,,,,2,128,zeros,0.5,0.01,3.0,0.1,,,,,128.0,,0.4,0.4,1.0,
direction_1,1.0,GRU,066,-14.906943356990814,0.4564843773841858,0.5,158.63427734375,0.4603515565395355,,,,,relu,glorot_normal,,,,1,128,zeros,0.1,0.00018387513506594515,1.0,0.9,,,,,128.0,,0.30000000000000004,0.1,1.0,
direction_1,1.0,GRU,067,-5.0306471407413484,0.5435156226158142,0.49998465180397034,60.74147415161133,0.5381445288658142,,,,,relu,glorot_normal,,,,1,128,zeros,0.1,0.00010669311271824,1.0,0.1,,,,,32.0,,0.1,0.30000000000000004,1.0,
direction_1,1.0,GRU,068,-1.6154559731483458,0.5435156226158142,0.5,26.5897159576416,0.5410546660423279,,,,,relu,he_normal,,,,1,32,he_normal,0.5,0.0027935775946057203,3.0,0.1,,,,,32.0,,0.4,0.4,1.0,
direction_1,1.0,GRU,069,-5.268396151065827,0.5435156226158142,0.5,63.119117736816406,0.538769543170929,,,,,relu,glorot_normal,,,,2,128,he_normal,0.30000000000000004,0.0008531118311410622,1.0,0.1,,,,,32.0,,0.1,0.4,1.0,
direction_1,1.0,GRU,070,-0.3009196877479554,0.5435156226158142,0.5,13.444353103637695,0.5404883027076721,,,,,relu,glorot_normal,,,,1,32,zeros,0.5,0.01,1.0,0.1,,,,,32.0,,0.4,0.25,1.0,
direction_1,1.0,GRU,071,-2.850472104549408,0.4564843773841858,0.5,38.06956481933594,0.4582812488079071,,,,,relu,glorot_normal,,,,2,32,he_normal,0.4,0.01,1.0,0.9,,,,,32.0,,0.1,0.1,3.0,
direction_1,1.0,GRU,072,-2.080881345272064,0.4564843773841858,0.5,30.3736572265625,0.4601171910762787,,,,,relu,he_normal,,,,2,32,zeros,0.5,0.000604250314052608,3.0,0.9,,,,,32.0,,0.4,0.4,1.0,
direction_1,1.0,GRU,073,-1.4998300194740297,0.5435156226158142,0.5,25.433456420898438,0.5405859351158142,,,,,relu,glorot_normal,,,,1,32,he_normal,0.1,0.01,1.0,0.1,,,,,32.0,,0.1,0.1,3.0,
direction_1,1.0,GRU,074,-28.174805295467376,0.4564843773841858,0.5,291.3128967285156,0.49898436665534973,,,,,relu,glorot_normal,,,,2,128,zeros,0.30000000000000004,0.0001,3.0,0.9,,,,,128.0,,0.4,0.4,1.0,
direction_1,1.0,GRU,075,-5.900718533992768,0.4564843773841858,0.5,68.57202911376953,0.46439453959465027,,,,,relu,glorot_normal,,,,1,32,he_normal,0.5,0.0001,1.0,0.1,,,,,32.0,,0.4,0.1,1.0,
direction_1,1.0,GRU,076,-10.815547025203704,0.4564843773841858,0.5,117.7203140258789,0.49169921875,,,,,relu,glorot_normal,,,,2,128,he_normal,0.5,0.0001,1.0,0.9,,,,,32.0,,0.4,0.1,1.0,
direction_1,1.0,GRU,077,-2.678253710269928,0.5435156226158142,0.5,37.21769332885742,0.5408008098602295,,,,,relu,glorot_normal,,,,1,128,zeros,0.5,0.0001,1.0,0.1,,,,,32.0,,0.4,0.1,1.0,
direction_1,1.0,GRU,078,-8.19797729253769,0.4564843773841858,0.5,91.54461669921875,0.4588867127895355,,,,,relu,he_normal,,,,2,32,he_normal,0.5,0.01,3.0,0.9,,,,,128.0,,0.4,0.4,1.0,
direction_1,1.0,GRU,079,-10.729204714298248,0.5435156226158142,0.5,117.72720336914062,0.5407031178474426,,,,,relu,glorot_normal,,,,2,128,zeros,0.1,0.0027244922098680112,3.0,0.1,,,,,128.0,,0.1,0.4,1.0,
direction_1,1.0,GRU,080,-25.927011716365815,0.4564843773841858,0.5,268.8349609375,0.4989648461341858,,,,,relu,glorot_normal,,,,2,128,zeros,0.5,0.0001,3.0,0.1,,,,,128.0,,0.4,0.1,1.0,
direction_1,1.0,GRU,081,-8.503405153751373,0.5435156226158142,0.5,95.46920776367188,0.5410937666893005,,,,,relu,he_normal,,,,2,128,he_normal,0.5,0.01,3.0,0.1,,,,,128.0,,0.1,0.4,1.0,
direction_1,1.0,GRU,082,-37.215573728084564,0.4564843773841858,0.5,381.7205810546875,0.4939843714237213,,,,,relu,glorot_normal,,,,2,32,he_normal,0.5,0.0001,3.0,0.9,,,,,32.0,,0.4,0.25,3.0,
direction_1,1.0,GRU,083,-3.7485517144203184,0.5435156226158142,0.5,47.92067337036133,0.49658203125,,,,,relu,glorot_normal,,,,1,32,zeros,0.1,0.00033240030190097135,3.0,0.1,,,,,32.0,,0.1,0.4,1.0,
direction_1,1.0,GRU,084,-6.384441220760346,0.4564843773841858,0.5,73.40925598144531,0.49406251311302185,,,,,relu,he_normal,,,,2,32,he_normal,0.5,0.00011955310520668936,3.0,0.1,,,,,32.0,,0.4,0.1,1.0,
direction_1,1.0,GRU,085,-14.272963559627533,0.4564843773841858,0.5,152.2944793701172,0.4937109351158142,,,,,relu,he_normal,,,,2,128,zeros,0.1,0.0001,3.0,0.9,,,,,32.0,,0.4,0.1,1.0,
direction_1,1.0,GRU,086,-52.48202759027481,0.5435156226158142,0.5,535.2554321289062,0.5404687523841858,,,,,relu,he_normal,,,,1,32,zeros,0.1,0.01,3.0,0.1,,,,,32.0,,0.1,0.35,3.0,
direction_1,1.0,GRU,087,-8.519221651554108,0.5435156226158142,0.5,95.62737274169922,0.5404883027076721,,,,,relu,he_normal,,,,2,128,he_normal,0.5,0.01,3.0,0.1,,,,,128.0,,0.4,0.1,1.0,
direction_1,1.0,GRU,088,-8.029152524471282,0.4564843773841858,0.5,89.85636901855469,0.45902344584465027,,,,,relu,he_normal,,,,2,128,zeros,0.2,0.01,3.0,0.9,,,,,128.0,,0.4,0.30000000000000004,1.0,
direction_1,1.0,GRU,089,-1.036515462398529,0.4564843773841858,0.5,19.92999839782715,0.4586523473262787,,,,,relu,glorot_normal,,,,1,128,he_normal,0.5,0.01,1.0,0.9,,,,,32.0,,0.1,0.1,1.0,
direction_1,1.0,GRU,090,-5.488060915470124,0.5435156226158142,0.5,65.31576538085938,0.5288867354393005,,,,,relu,glorot_normal,,,,1,32,he_normal,0.1,0.0001,1.0,0.9,,,,,32.0,,0.4,0.1,3.0,
direction_1,1.0,GRU,091,-2.6649515509605406,0.4564843773841858,0.5,36.214359283447266,0.4599023461341858,,,,,relu,he_normal,,,,2,32,he_normal,0.5,0.01,3.0,0.9,,,,,32.0,,0.4,0.1,3.0,
direction_1,1.0,GRU,092,-17.395865309238435,0.4564843773841858,0.5000718832015991,183.5242156982422,0.4608398377895355,,,,,relu,he_normal,,,,2,128,he_normal,0.1,0.0001,3.0,0.1,,,,,32.0,,0.1,0.4,1.0,
direction_1,1.0,GRU,093,-11.045173037052155,0.5435156226158142,0.5,120.88688659667969,0.5217578411102295,,,,,relu,glorot_normal,,,,2,128,he_normal,0.5,0.0001,3.0,0.1,,,,,32.0,,0.1,0.1,1.0,
direction_1,1.0,GRU,094,-15.139461672306062,0.5435156226158142,0.5,161.82977294921875,0.5413476824760437,,,,,relu,glorot_normal,,,,1,128,zeros,0.4,0.0004306792774214042,1.0,0.1,,,,,128.0,,0.1,0.1,1.0,
direction_1,1.0,GRU,095,-45.94940246343613,0.4564843773841858,0.5,469.0588684082031,0.46021485328674316,,,,,relu,glorot_normal,,,,1,128,he_normal,0.1,0.0010214157892960637,1.0,0.9,,,,,32.0,,0.15000000000000002,0.1,3.0,
direction_1,1.0,GRU,096,-3.0431382775306703,0.5435156226158142,0.5,40.866539001464844,0.5402538776397705,,,,,relu,he_normal,,,,1,128,zeros,0.2,0.0016293600972972849,1.5,0.1,,,,,32.0,,0.1,0.1,1.0,
direction_1,1.0,GRU,097,-9.734904634952546,0.5435156226158142,0.5,107.7842025756836,0.5052929520606995,,,,,relu,he_normal,,,,2,128,he_normal,0.5,0.0001,3.0,0.9,,,,,32.0,,0.4,0.4,1.0,
direction_1,1.0,GRU,098,-4.416605532169342,0.5435156226158142,0.5,54.60121154785156,0.5405468940734863,,,,,relu,glorot_normal,,,,1,32,he_normal,0.1,0.0001,3.0,0.1,,,,,32.0,,0.4,0.4,1.0,
direction_1,1.0,GRU,099,-6.14826226234436,0.5435156226158142,0.49996405839920044,71.91741943359375,0.5389453172683716,,,,,relu,he_normal,,,,1,128,he_normal,0.1,0.0001,1.0,0.9,,,,,32.0,,0.4,0.1,1.0,
direction_1,1.0,GRU,100,-23.98332153558731,0.5435156226158142,0.5,250.26837158203125,0.5179101824760437,,,,,relu,glorot_normal,,,,2,32,he_normal,0.2,0.0001,3.0,0.1,,,,,32.0,,0.1,0.1,3.0,
direction_1,1.0,GRU,101,-9.17856537103653,0.5435156226158142,0.5,102.22080993652344,0.5392773151397705,,,,,relu,glorot_normal,,,,1,32,zeros,0.1,0.0001,3.0,0.1,,,,,32.0,,0.4,0.1,3.0,
direction_1,1.0,GRU,102,-6.664897000789642,0.4564843773841858,0.5,76.21381378173828,0.49531251192092896,,,,,relu,glorot_normal,,,,2,32,he_normal,0.5,0.00010000000000000005,3.0,0.1,,,,,32.0,,0.1,0.4,1.0,
direction_1,1.0,GRU,103,-7.314978635311126,0.4564843773841858,0.5,82.71463012695312,0.46058595180511475,,,,,relu,he_normal,,,,2,32,he_normal,0.1,0.0001,3.0,0.9,,,,,32.0,,0.4,0.4,1.0,
direction_1,1.0,GRU,104,-19.188585817813873,0.5435156226158142,0.5,202.32101440429688,0.5403515696525574,,,,,relu,glorot_normal,,,,1,128,zeros,0.1,0.0001,3.0,0.1,,,,,128.0,,0.4,0.35,1.0,
direction_1,1.0,GRU,105,-1.912334406375885,0.5435156226158142,0.5,29.558500289916992,0.5405077934265137,,,,,relu,glorot_normal,,,,1,32,he_normal,0.5,0.01,1.0,0.1,,,,,32.0,,0.4,0.1,3.0,
direction_1,1.0,GRU,106,-12.778811037540436,0.5435156226158142,0.5,138.2232666015625,0.5405468940734863,,,,,relu,glorot_normal,,,,1,32,zeros,0.5,0.0002623438141250031,1.0,0.1,,,,,128.0,,0.4,0.1,1.0,
direction_1,1.0,GRU,107,-5.8870291113853455,0.4564843773841858,0.5,68.43513488769531,0.46089842915534973,,,,,relu,glorot_normal,,,,1,32,he_normal,0.1,0.0001,3.0,0.9,,,,,32.0,,0.4,0.4,3.0,
direction_1,1.0,GRU,108,-0.8423370718955994,0.4564843773841858,0.5,17.98821449279785,0.46000000834465027,,,,,relu,he_normal,,,,1,32,zeros,0.1,0.01,3.0,0.9,,,,,32.0,,0.4,0.1,1.0,
direction_1,1.0,GRU,109,-0.5873765587806701,0.5435156226158142,0.5,16.308921813964844,0.5397265553474426,,,,,relu,glorot_normal,,,,1,32,he_normal,0.1,0.01,3.0,0.1,,,,,32.0,,0.4,0.1,1.0,
direction_1,1.0,GRU,110,-40.08529297113419,0.5435156226158142,0.5,411.2880859375,0.5395117402076721,,,,,relu,glorot_normal,,,,2,32,he_normal,0.5,0.01,3.0,0.1,,,,,32.0,,0.1,0.1,3.0,
direction_1,1.0,GRU,111,-1.1317253470420838,0.4564843773841858,0.5,20.882097244262695,0.4590429663658142,,,,,relu,he_normal,,,,1,128,he_normal,0.5,0.01,3.0,0.9,,,,,32.0,,0.4,0.4,1.0,
direction_1,1.0,GRU,112,-4.643689501285553,0.5435156226158142,0.5,56.87205123901367,0.5412890911102295,,,,,relu,glorot_normal,,,,1,32,he_normal,0.1,0.0001,3.0,0.9,,,,,32.0,,0.4,0.1,1.0,
direction_1,1.0,GRU,113,-16.5588555932045,0.5435156226158142,0.5,176.02371215820312,0.5394335985183716,,,,,relu,glorot_normal,,,,2,128,he_normal,0.1,0.00010000000000000005,3.0,0.1,,,,,32.0,,0.4,0.1,1.0,
direction_1,1.0,GRU,114,-8.084700965881348,0.4564843773841858,0.4966244101524353,90.37809753417969,0.46074217557907104,,,,,relu,he_normal,,,,1,128,zeros,0.1,0.0001,3.0,0.1,,,,,32.0,,0.4,0.25,1.0,
direction_1,1.0,GRU,115,-2.2250627160072325,0.5435156226158142,0.5,32.68578338623047,0.5398046970367432,,,,,relu,he_normal,,,,1,128,he_normal,0.1,0.0021145370367318538,1.0,0.1,,,,,32.0,,0.1,0.4,1.0,
direction_1,1.0,GRU,116,-4.805286252498627,0.4564843773841858,0.5,57.617706298828125,0.45972657203674316,,,,,relu,glorot_normal,,,,1,32,he_normal,0.1,0.01,3.0,0.9,,,,,128.0,,0.4,0.4,1.0,
direction_1,1.0,GRU,117,-7.917751920223235,0.4564843773841858,0.5,88.74236297607422,0.4704882800579071,,,,,relu,glorot_normal,,,,2,128,zeros,0.1,0.00010000000000000005,3.0,0.1,,,,,32.0,,0.1,0.1,1.0,
direction_1,1.0,GRU,118,-5.04522567987442,0.5435156226158142,0.5,60.887413024902344,0.5410546660423279,,,,,relu,glorot_normal,,,,1,32,zeros,0.1,0.01,3.0,0.1,,,,,128.0,,0.4,0.4,1.0,
direction_1,1.0,GRU,119,-24.16275542974472,0.4564843773841858,0.5,251.19239807128906,0.46037110686302185,,,,,relu,glorot_normal,,,,1,128,he_normal,0.30000000000000004,0.0001,1.0,0.9,,,,,128.0,,0.4,0.1,1.0,
direction_1,1.0,GRU,120,-1.7512406945228576,0.5435156226158142,0.5,27.94756317138672,0.5408594012260437,,,,,relu,glorot_normal,,,,1,32,zeros,0.1,0.01,1.0,0.1,,,,,32.0,,0.4,0.4,3.0,
direction_1,1.0,GRU,121,-8.78713470697403,0.5435156226158142,0.5,98.30650329589844,0.5399218797683716,,,,,relu,he_normal,,,,2,128,zeros,0.5,0.01,3.0,0.1,,,,,128.0,,0.1,0.1,1.0,
direction_1,1.0,GRU,122,-22.165976560115816,0.4564843773841858,0.5,231.224609375,0.4600195288658142,,,,,relu,glorot_normal,,,,2,32,zeros,0.1,0.01,3.0,0.9,,,,,32.0,,0.1,0.4,3.0,
direction_1,1.0,GRU,123,-5.365921175479889,0.5435156226158142,0.5,64.09436798095703,0.5400195121765137,,,,,relu,glorot_normal,,,,2,32,zeros,0.1,0.0001,3.0,0.1,,,,,32.0,,0.4,0.4,3.0,
direction_1,1.0,GRU,124,-175.04979492425917,0.5435156226158142,0.5,1760.93310546875,0.5313085913658142,,,,,relu,he_normal,,,,2,32,he_normal,0.1,0.0001,3.0,0.9,,,,,32.0,,0.1,0.4,3.0,
direction_1,1.0,GRU,125,-0.43913358449935913,0.4564843773841858,0.5,13.95617961883545,0.4591601490974426,,,,,relu,he_normal,,,,1,32,he_normal,0.30000000000000004,0.01,1.0,0.9,,,,,32.0,,0.4,0.4,1.0,
direction_1,1.0,GRU,126,-2.3194307684898376,0.4564843773841858,0.5,32.759151458740234,0.45949217677116394,,,,,relu,he_normal,,,,1,32,he_normal,0.1,0.01,1.0,0.9,,,,,32.0,,0.4,0.1,3.0,
direction_1,1.0,GRU,127,-0.31828321218490596,0.4564843773841858,0.5,12.747675895690918,0.4602734446525574,,,,,relu,glorot_normal,,,,1,32,zeros,0.5,0.01,3.0,0.9,,,,,32.0,,0.4,0.4,1.0,
direction_1,1.0,GRU,128,-0.536860716342926,0.5435156226158142,0.5,15.803763389587402,0.5404297113418579,,,,,relu,glorot_normal,,,,1,128,zeros,0.1,0.01,3.0,0.1,,,,,32.0,,0.4,0.4,1.0,
direction_1,1.0,GRU,129,-0.7872907996177674,0.4564843773841858,0.5,17.43775177001953,0.45976561307907104,,,,,relu,he_normal,,,,1,128,he_normal,0.5,0.01,1.0,0.9,,,,,32.0,,0.4,0.1,1.0,
direction_1,1.0,GRU,130,-3.178509747982025,0.4564843773841858,0.5,41.34994125366211,0.46845704317092896,,,,,relu,glorot_normal,,,,2,32,he_normal,0.5,0.0010845647525341106,3.0,0.9,,,,,32.0,,0.4,0.4,1.0,
direction_1,1.0,GRU,131,-8.957972872257233,0.5435156226158142,0.5,100.01488494873047,0.530078113079071,,,,,relu,glorot_normal,,,,2,128,zeros,0.1,0.0001,1.0,0.1,,,,,32.0,,0.4,0.4,1.0,
direction_1,1.0,GRU,132,-4.341084444522858,0.5435156226158142,0.5,53.84600067138672,0.5397265553474426,,,,,relu,glorot_normal,,,,1,32,he_normal,0.5,0.01,3.0,0.1,,,,,128.0,,0.4,0.1,1.0,
direction_1,1.0,GRU,133,-100000.0,0.0,0.0,1000000.0,0.0,,,,,relu,glorot_normal,,,,1,32,zeros,0.1,0.0001,1.0,0.1,,,,,32.0,,0.4,0.4,1.0,
direction_1,1.0,LSTM,000,-5.071542513370514,0.5435156226158142,0.5,61.15058135986328,0.5394140481948853,,,,,tanh,glorot_normal,,,,1,64,zeros,0.5,0.001715074355925934,3.0,0.1,,,,,32.0,True,0.30000000000000004,0.35000000000000003,,2.0
direction_1,1.0,LSTM,001,-104.21260902285576,0.4564843773841858,0.49606773257255554,1051.651611328125,0.48738279938697815,,,,,tanh,glorot_normal,,,,1,64,glorot_normal,0.1,0.00014111965749931114,2.5,0.7000000000000001,,,,,32.0,False,0.30000000000000004,0.45,,3.0
direction_1,1.0,LSTM,002,-14.420754396915436,0.5435156226158142,0.5,154.6427001953125,0.5399804711341858,,,,,relu,glorot_normal,,,,2,128,zeros,0.2,0.0010277342442932575,1.0,0.5,,,,,64.0,True,0.30000000000000004,0.30000000000000004,,3.0
direction_1,1.0,LSTM,003,-3.5648770928382874,0.5435156226158142,0.5,46.083927154541016,0.5399609208106995,,,,,gelu,glorot_normal,,,,1,64,he_normal,0.30000000000000004,0.0033137745378583987,1.5,0.2,,,,,32.0,False,0.2,0.25,,3.0
direction_1,1.0,LSTM,004,-410.6478124976158,0.4564843773841858,0.5,4116.04296875,0.4724999964237213,,,,,relu,he_normal,,,,2,96,zeros,0.1,0.0003623815491328145,3.0,0.8,,,,,64.0,False,0.45,0.45,,2.0
direction_1,1.0,LSTM,005,-254.39796317219734,0.4564843773841858,0.4999469816684723,2553.5439453125,0.4660351574420929,,,,,relu,he_normal,,,,2,96,zeros,0.30000000000000004,0.0001272703380605649,3.0,0.9,,,,,32.0,True,0.25,0.4,,2.0
direction_1,1.0,LSTM,006,-24.54220367670059,0.5435156226158142,0.5,255.85719299316406,0.537304699420929,,,,,gelu,he_normal,,,,1,64,he_normal,0.30000000000000004,0.0001395510628578222,1.0,0.1,,,,,32.0,True,0.25,0.30000000000000004,,2.0
direction_1,1.0,LSTM,007,-24.25145289897919,0.4564843773841858,0.4999881386756897,252.07925415039062,0.46119141578674316,,,,,tanh,he_normal,,,,2,64,zeros,0.5,0.0025890919266874407,3.0,0.9,,,,,96.0,False,0.45,0.2,,3.0
direction_1,1.0,LSTM,008,-204.65632172822953,0.5427343845367432,0.49549955129623413,2056.945556640625,0.5191406011581421,,,,,tanh,he_normal,,,,2,32,glorot_normal,0.1,0.00010805627988186071,1.0,0.30000000000000004,,,,,96.0,True,0.30000000000000004,0.2,,1.0
direction_1,1.0,LSTM,009,-6.872554624080658,0.4564843773841858,0.5,78.29039001464844,0.4594140648841858,,,,,gelu,he_normal,,,,1,32,he_normal,0.5,0.006353350532750873,1.0,0.6,,,,,64.0,False,0.25,0.4,,3.0
direction_1,1.0,LSTM,010,-3.449249112606049,0.4564843773841858,0.5,44.057334899902344,0.46656250953674316,,,,,relu,he_normal,,,,1,32,he_normal,0.2,0.0013291852527485804,3.0,0.6,,,,,32.0,False,0.30000000000000004,0.4,,2.0
direction_1,1.0,LSTM,011,-14.621408689022065,0.4564843773841858,0.5,155.7789306640625,0.45873045921325684,,,,,relu,glorot_normal,,,,1,64,glorot_normal,0.1,0.001027905840968144,1.5,0.6,,,,,96.0,False,0.2,0.4,,2.0
direction_1,1.0,LSTM,012,-115.73853508234023,0.5435156226158142,0.5018482208251953,1167.8389892578125,0.5363085865974426,,,,,tanh,glorot_normal,,,,2,64,he_normal,0.4,0.00030969640670569564,2.5,0.30000000000000004,,,,,96.0,True,0.2,0.45,,2.0
direction_1,1.0,LSTM,013,-52.86304024457932,0.4564843773841858,0.496661901473999,538.161865234375,0.4712499976158142,,,,,tanh,glorot_normal,,,,2,64,he_normal,0.2,0.0004938970115853091,2.5,0.6,,,,,96.0,True,0.35000000000000003,0.4,,1.0
direction_1,1.0,LSTM,014,-27.194515383243562,0.5435156226158142,0.5,282.38031005859375,0.52880859375,,,,,gelu,he_normal,,,,1,128,glorot_normal,0.5,0.0003484786063390684,1.5,0.5,,,,,32.0,False,0.45,0.45,,3.0
direction_1,1.0,LSTM,015,-20.31224273443222,0.4564843773841858,0.5,212.68727111816406,0.45970702171325684,,,,,tanh,glorot_normal,,,,1,32,glorot_normal,0.2,0.003049541549141375,2.5,0.8,,,,,96.0,False,0.25,0.35000000000000003,,3.0
direction_1,1.0,LSTM,016,-2.3087010979652405,0.5435156226158142,0.5,33.52216720581055,0.5418554544448853,,,,,gelu,glorot_normal,,,,1,32,he_normal,0.2,0.006351062743654629,3.0,0.4,,,,,32.0,True,0.30000000000000004,0.45,,3.0
direction_1,1.0,LSTM,017,-4.158397829532623,0.5435156226158142,0.5,52.019134521484375,0.5391796827316284,,,,,gelu,he_normal,,,,2,128,he_normal,0.30000000000000004,0.00207431648016279,2.5,0.5,,,,,32.0,False,0.35000000000000003,0.30000000000000004,,1.0
direction_1,1.0,LSTM,018,-34.443756711483005,0.4564843773841858,0.5,354.0024108886719,0.4601367115974426,,,,,relu,he_normal,,,,1,128,zeros,0.1,0.00023183657189474222,2.0,0.6,,,,,128.0,False,0.30000000000000004,0.35000000000000003,,1.0
direction_1,1.0,LSTM,019,-43.973101711273195,0.5431249737739563,0.5019404292106628,450.1816711425781,0.513476550579071,,,,,tanh,he_normal,,,,1,32,glorot_normal,0.4,0.00022692088176343598,2.0,0.30000000000000004,,,,,32.0,True,0.35000000000000003,0.25,,1.0
direction_1,1.0,LSTM,020,-31.883233034610747,0.5435156226158142,0.5,329.2674865722656,0.5402148365974426,,,,,tanh,he_normal,,,,2,128,he_normal,0.2,0.0012872737477703168,3.0,0.2,,,,,96.0,False,0.45,0.35000000000000003,,3.0
direction_1,1.0,LSTM,021,-3.4856077551841738,0.4564843773841858,0.5,44.420921325683594,0.46205079555511475,,,,,relu,glorot_normal,,,,1,64,he_normal,0.30000000000000004,0.0005017603502099382,3.0,0.4,,,,,32.0,False,0.35000000000000003,0.2,,1.0
direction_1,1.0,LSTM,022,-12.055429685115815,0.4564843773841858,0.5,130.119140625,0.4588867127895355,,,,,gelu,glorot_normal,,,,1,128,zeros,0.5,0.006695608114388132,2.5,0.8,,,,,128.0,False,0.2,0.35000000000000003,,3.0
direction_1,1.0,LSTM,023,-25.425783693790436,0.5435156226158142,0.5,264.6929931640625,0.5404492020606995,,,,,relu,glorot_normal,,,,1,32,zeros,0.2,0.0002933768012428558,2.5,0.30000000000000004,,,,,96.0,True,0.4,0.2,,3.0
direction_1,1.0,LSTM,024,-3.682861483097076,0.5435156226158142,0.5,47.263771057128906,0.5394140481948853,,,,,gelu,glorot_normal,,,,2,96,glorot_normal,0.5,0.0021765065892749877,2.0,0.5,,,,,32.0,False,0.35000000000000003,0.35000000000000003,,1.0
direction_1,1.0,LSTM,025,-26.771868288517,0.5435156226158142,0.5,278.1538391113281,0.5224023461341858,,,,,gelu,glorot_normal,,,,1,64,glorot_normal,0.5,0.00031570701500918154,1.0,0.1,,,,,64.0,False,0.2,0.45,,2.0
direction_1,1.0,LSTM,026,-8.76292861700058,0.4564843773841858,0.5,97.19412994384766,0.45894530415534973,,,,,gelu,he_normal,,,,2,64,he_normal,0.2,0.00727915929887585,1.5,0.6,,,,,96.0,False,0.25,0.25,,2.0
direction_1,1.0,LSTM,027,-7.110096085071564,0.5435156226158142,0.5000565052032471,81.53668212890625,0.5400390625,,,,,tanh,glorot_normal,,,,1,64,glorot_normal,0.2,0.008616178537110575,2.0,0.2,,,,,96.0,True,0.30000000000000004,0.2,,1.0
direction_1,1.0,LSTM,028,-34.56044349074364,0.5435156226158142,0.4998769462108612,356.0383605957031,0.5401562452316284,,,,,tanh,he_normal,,,,1,64,he_normal,0.2,0.001263698656945194,2.5,0.4,,,,,128.0,False,0.30000000000000004,0.2,,2.0
direction_1,1.0,LSTM,029,-1.096465528011322,0.4564843773841858,0.5,20.529499053955078,0.4598437547683716,,,,,relu,glorot_normal,,,,2,96,he_normal,0.1,0.00829014608439077,1.5,0.7000000000000001,,,,,32.0,False,0.25,0.25,,1.0
direction_1,1.0,LSTM,030,-4.080505216121674,0.4564843773841858,0.5,50.369895935058594,0.48486328125,,,,,relu,glorot_normal,,,,1,32,he_normal,0.5,0.0004706052466815514,1.0,0.9,,,,,32.0,True,0.25,0.45,,2.0
direction_1,1.0,LSTM,031,-11.728616178035736,0.4564843773841858,0.5,126.85100555419922,0.4601171910762787,,,,,gelu,he_normal,,,,2,96,zeros,0.1,0.0043367212336025045,1.0,0.9,,,,,96.0,False,0.4,0.35000000000000003,,2.0
direction_1,1.0,LSTM,032,-17.67909027338028,0.5435156226158142,0.5,187.22605895996094,0.5401366949081421,,,,,gelu,he_normal,,,,1,64,zeros,0.4,0.0019003838058425906,2.0,0.2,,,,,64.0,True,0.4,0.4,,3.0
direction_1,1.0,LSTM,033,-22.441158139705657,0.4564843773841858,0.5,233.97642517089844,0.4891992211341858,,,,,gelu,glorot_normal,,,,1,32,zeros,0.2,0.00021347610418606298,3.0,0.8,,,,,32.0,True,0.4,0.4,,2.0
direction_1,1.0,LSTM,034,-18.911763608455658,0.4564843773841858,0.5,198.68247985839844,0.45853516459465027,,,,,gelu,glorot_normal,,,,2,128,he_normal,0.4,0.001996334459987542,3.0,0.9,,,,,96.0,False,0.45,0.25,,3.0
direction_1,1.0,LSTM,035,-5.870683896541595,0.5435156226158142,0.5006343126296997,69.1483383178711,0.5411328077316284,,,,,tanh,glorot_normal,,,,1,96,glorot_normal,0.30000000000000004,0.0048640356869126,2.5,0.2,,,,,64.0,True,0.4,0.25,,1.0
direction_1,1.0,LSTM,036,-25.339898073673247,0.5435156226158142,0.5,263.8341369628906,0.5321484208106995,,,,,gelu,he_normal,,,,1,96,zeros,0.4,0.00011202631862509904,3.0,0.1,,,,,32.0,True,0.35000000000000003,0.2,,1.0
direction_1,1.0,LSTM,037,-223.1099267601967,0.5435156226158142,0.5,2241.534423828125,0.5384374856948853,,,,,gelu,he_normal,,,,1,32,glorot_normal,0.1,0.00020193356985061988,3.0,0.7000000000000001,,,,,96.0,True,0.45,0.4,,3.0
direction_1,1.0,LSTM,038,-43.201666867733,0.4564843773841858,0.5,441.5815124511719,0.46058595180511475,,,,,gelu,glorot_normal,,,,2,32,glorot_normal,0.30000000000000004,0.0001333046266612092,2.5,0.9,,,,,64.0,True,0.25,0.35000000000000003,,1.0
direction_1,1.0,LSTM,039,-87640.5486743033,0.536914050579071,0.4956616461277008,876415.8125,0.5381445288658142,,,,,relu,he_normal,,,,2,64,zeros,0.5,0.002596905757124934,3.0,0.2,,,,,32.0,False,0.45,0.2,,3.0
direction_1,1.0,LSTM,040,-5.760086214542389,0.5435156226158142,0.5,68.03601837158203,0.5023046731948853,,,,,relu,glorot_normal,,,,2,64,glorot_normal,0.5,0.0003584911744295724,1.5,0.30000000000000004,,,,,32.0,True,0.4,0.2,,2.0
direction_1,1.0,LSTM,041,-7.390300142765046,0.5435156226158142,0.5,84.3381576538086,0.5402148365974426,,,,,tanh,he_normal,,,,1,32,he_normal,0.2,0.0072136325692250145,3.0,0.1,,,,,96.0,False,0.25,0.25,,1.0
direction_1,1.0,LSTM,042,-20.12895523905754,0.5435156226158142,0.4964652955532074,211.68936157226562,0.5396289229393005,,,,,tanh,glorot_normal,,,,1,64,glorot_normal,0.30000000000000004,0.0008927767055463657,2.0,0.5,,,,,64.0,True,0.30000000000000004,0.35000000000000003,,2.0
direction_1,1.0,LSTM,043,-15.587390744686125,0.4564843773841858,0.5,165.43875122070312,0.46048828959465027,,,,,gelu,he_normal,,,,1,64,he_normal,0.2,0.0007174963132031653,2.0,0.6,,,,,64.0,False,0.25,0.35000000000000003,,2.0
direction_1,1.0,LSTM,044,-37.60582031011582,0.4564843773841858,0.5,385.623046875,0.46064454317092896,,,,,gelu,he_normal,,,,2,96,glorot_normal,0.30000000000000004,0.0007393009371260088,2.5,0.9,,,,,128.0,False,0.35000000000000003,0.30000000000000004,,2.0
direction_1,1.0,LSTM,045,-76.70039203166962,0.5391796827316284,0.4985935688018799,777.3816528320312,0.5124804973602295,,,,,tanh,glorot_normal,,,,2,96,he_normal,0.30000000000000004,0.0002489896172023261,1.0,0.5,,,,,64.0,True,0.30000000000000004,0.2,,1.0
direction_1,1.0,LSTM,046,-7.870104372501373,0.5435156226158142,0.5,89.13619995117188,0.5398632884025574,,,,,gelu,glorot_normal,,,,1,64,he_normal,0.4,0.0005572189533366712,3.0,0.2,,,,,32.0,True,0.30000000000000004,0.35000000000000003,,1.0
direction_1,1.0,LSTM,047,-71.8625628709793,0.5208203196525574,0.5047637820243835,728.8814697265625,0.5050390362739563,,,,,tanh,glorot_normal,,,,1,64,zeros,0.4,0.0001,1.5,0.1,,,,,32.0,True,0.4,0.30000000000000004,,1.0
direction_1,1.0,LSTM,048,-23.874394834041595,0.4564843773841858,0.5,248.3087921142578,0.45976561307907104,,,,,gelu,glorot_normal,,,,1,32,zeros,0.5,0.002257493398402055,2.5,0.9,,,,,128.0,True,0.4,0.2,,3.0
direction_1,1.0,LSTM,049,-18.507914125919342,0.5435156226158142,0.5,195.51429748535156,0.5413281321525574,,,,,gelu,glorot_normal,,,,1,128,he_normal,0.2,0.0015374310001573497,2.0,0.30000000000000004,,,,,96.0,False,0.4,0.4,,2.0
direction_1,1.0,LSTM,050,-10.293327486515045,0.5435156226158142,0.5,113.3684310913086,0.5385351777076721,,,,,gelu,glorot_normal,,,,1,128,zeros,0.4,0.0010523503617250794,2.5,0.30000000000000004,,,,,64.0,True,0.25,0.4,,1.0
direction_1,1.0,LSTM,051,-101.24552443027497,0.5435156226158142,0.5018596053123474,1022.9089965820312,0.5256640911102295,,,,,relu,glorot_normal,,,,1,32,he_normal,0.4,0.0001,1.5,0.5,,,,,64.0,True,0.4,0.2,,2.0
direction_1,1.0,LSTM,052,-12.061295163631438,0.4564843773841858,0.5,130.17779541015625,0.45992186665534973,,,,,gelu,glorot_normal,,,,1,96,glorot_normal,0.30000000000000004,0.0007981067312896065,2.0,0.9,,,,,64.0,False,0.35000000000000003,0.2,,1.0
direction_1,1.0,LSTM,053,-219.8447985649109,0.4564843773841858,0.5056018233299255,2208.06884765625,0.46097657084465027,,,,,tanh,glorot_normal,,,,1,64,glorot_normal,0.1,0.0001,3.0,0.4,,,,,96.0,True,0.30000000000000004,0.2,,1.0
direction_1,1.0,LSTM,054,-21.640404665470122,0.5435156226158142,0.5,226.83920288085938,0.5397070050239563,,,,,gelu,glorot_normal,,,,1,32,zeros,0.4,0.0009830757913786687,2.5,0.1,,,,,96.0,True,0.35000000000000003,0.4,,2.0
direction_1,1.0,LSTM,055,-159859915.84351563,0.4564843773841858,0.5,1598599168.0,0.46042969822883606,,,,,gelu,he_normal,,,,2,64,zeros,0.5,0.01,3.0,0.9,,,,,128.0,False,0.45,0.30000000000000004,,3.0
direction_1,1.0,LSTM,056,-5.7170965552330015,0.4564843773841858,0.5,66.73580932617188,0.45945313572883606,,,,,relu,he_normal,,,,2,128,glorot_normal,0.1,0.004534685055057433,1.5,0.7000000000000001,,,,,32.0,True,0.4,0.4,,3.0
direction_1,1.0,LSTM,057,-5.231701815128327,0.5435156226158142,0.5,62.752174377441406,0.5403125286102295,,,,,gelu,glorot_normal,,,,2,96,zeros,0.1,0.0012945376038555698,1.5,0.4,,,,,32.0,True,0.30000000000000004,0.30000000000000004,,1.0
direction_1,1.0,LSTM,058,-7.4553582072258,0.5435156226158142,0.5000427961349487,84.98916625976562,0.5395312309265137,,,,,tanh,he_normal,,,,1,32,glorot_normal,0.1,0.0026349676937534013,2.5,0.1,,,,,64.0,True,0.45,0.4,,1.0
direction_1,1.0,LSTM,059,-17.815370309352875,0.4564843773841858,0.500938892364502,187.72793579101562,0.4587109386920929,,,,,gelu,glorot_normal,,,,1,64,zeros,0.5,0.001609221242289777,1.5,0.9,,,,,128.0,True,0.4,0.4,,1.0
direction_1,1.0,LSTM,060,-134.17364392280578,0.5435156226158142,0.49569445848464966,1352.1285400390625,0.5274609327316284,,,,,tanh,glorot_normal,,,,2,128,he_normal,0.2,0.00011748028099436183,1.5,0.30000000000000004,,,,,64.0,True,0.30000000000000004,0.35000000000000003,,1.0
direction_1,1.0,LSTM,061,-12.314280211925507,0.4564843773841858,0.5001399517059326,132.70904541015625,0.46146485209465027,,,,,tanh,he_normal,,,,2,128,glorot_normal,0.2,0.0008301833361543263,1.0,0.6,,,,,32.0,True,0.35000000000000003,0.35000000000000003,,2.0
direction_1,1.0,LSTM,062,-3.510363203287125,0.4564843773841858,0.499607115983963,44.664546966552734,0.46025389432907104,,,,,tanh,glorot_normal,,,,2,96,he_normal,0.5,0.006660018208822088,1.5,0.7000000000000001,,,,,32.0,True,0.45,0.30000000000000004,,1.0
direction_1,1.0,LSTM,063,-97.02311227917671,0.4574218690395355,0.5018144845962524,979.823486328125,0.49210938811302185,,,,,tanh,he_normal,,,,1,64,zeros,0.30000000000000004,0.0001274039645260783,2.0,0.30000000000000004,,,,,32.0,True,0.35000000000000003,0.35000000000000003,,3.0
direction_1,1.0,LSTM,064,-6.133632814884185,0.5435156226158142,0.5,71.771484375,0.5390820503234863,,,,,gelu,glorot_normal,,,,1,64,zeros,0.4,0.001299063067588104,3.0,0.30000000000000004,,,,,32.0,True,0.25,0.4,,2.0
direction_1,1.0,LSTM,065,-45.03579267263412,0.4564843773841858,0.5064778327941895,459.987548828125,0.4593164026737213,,,,,tanh,glorot_normal,,,,2,32,zeros,0.2,0.0002883037737310615,1.5,0.9,,,,,32.0,True,0.25,0.30000000000000004,,2.0
direction_1,1.0,LSTM,066,-20.716018068790437,0.5435156226158142,0.5,217.5953369140625,0.5396484136581421,,,,,gelu,he_normal,,,,2,96,zeros,0.4,0.002362834585947454,3.0,0.4,,,,,96.0,True,0.45,0.30000000000000004,,2.0
direction_1,1.0,LSTM,067,-17.895330202579498,0.5435156226158142,0.5,189.38845825195312,0.5302734375,,,,,gelu,glorot_normal,,,,2,32,he_normal,0.1,0.0006333224579771703,1.0,0.5,,,,,64.0,True,0.4,0.35000000000000003,,1.0
direction_1,1.0,LSTM,068,-62.97055419683456,0.4564843773841858,0.5,639.2703857421875,0.45884764194488525,,,,,gelu,he_normal,,,,2,96,he_normal,0.2,0.00023325131587004854,1.0,0.6,,,,,96.0,False,0.25,0.35000000000000003,,3.0
direction_1,1.0,LSTM,069,-12.135063779354095,0.4564843773841858,0.5,130.9154815673828,0.46123045682907104,,,,,gelu,glorot_normal,,,,2,96,zeros,0.30000000000000004,0.0013409248489073572,3.0,0.6,,,,,64.0,False,0.30000000000000004,0.4,,2.0
direction_1,1.0,LSTM,070,-58.29685343503952,0.5047265887260437,0.505231499671936,593.068115234375,0.4963085949420929,,,,,tanh,he_normal,,,,1,96,glorot_normal,0.1,0.00014347520499774358,1.0,0.4,,,,,32.0,True,0.30000000000000004,0.45,,1.0
direction_1,1.0,LSTM,071,-85.21204439401626,0.4564843773841858,0.49702298641204834,861.655517578125,0.4587695300579071,,,,,tanh,glorot_normal,,,,1,96,he_normal,0.2,0.00031984428494384706,1.5,0.9,,,,,64.0,True,0.4,0.30000000000000004,,3.0
direction_1,1.0,LSTM,072,-24.88638244867325,0.5435156226158142,0.5,259.2989807128906,0.5391601324081421,,,,,gelu,glorot_normal,,,,1,32,zeros,0.4,0.0006280378719221104,3.0,0.1,,,,,64.0,False,0.35000000000000003,0.45,,3.0
direction_1,1.0,LSTM,073,-34.02623617053032,0.5435156226158142,0.4998801648616791,350.6963195800781,0.5406249761581421,,,,,gelu,glorot_normal,,,,1,64,he_normal,0.4,0.0006122565465041096,3.0,0.1,,,,,128.0,True,0.4,0.45,,1.0
direction_1,1.0,LSTM,074,-52.28509746193886,0.46097657084465027,0.5045851469039917,532.506591796875,0.5011327862739563,,,,,tanh,glorot_normal,,,,2,32,glorot_normal,0.4,0.0001453413472657303,3.0,0.6,,,,,32.0,False,0.25,0.35000000000000003,,1.0
direction_1,1.0,LSTM,075,-40.547934567928316,0.4564843773841858,0.5,415.044189453125,0.46000000834465027,,,,,gelu,glorot_normal,,,,2,96,glorot_normal,0.1,0.00027143661791502374,3.0,0.8,,,,,64.0,False,0.35000000000000003,0.4,,3.0
direction_1,1.0,LSTM,076,-6.142353665828705,0.4564843773841858,0.5,70.9883804321289,0.45992186665534973,,,,,relu,he_normal,,,,1,64,zeros,0.2,0.0010763863269985235,2.0,0.7000000000000001,,,,,64.0,False,0.4,0.35000000000000003,,1.0
direction_1,1.0,LSTM,077,-17.007612001895904,0.5435156226158142,0.5,180.5112762451172,0.5408008098602295,,,,,gelu,he_normal,,,,2,128,glorot_normal,0.2,0.002019571680456938,1.5,0.30000000000000004,,,,,128.0,True,0.2,0.2,,1.0
direction_1,1.0,LSTM,078,-198.07334061264993,0.4564843773841858,0.4995451271533966,1990.293701171875,0.4688671827316284,,,,,tanh,glorot_normal,,,,1,96,glorot_normal,0.2,0.00010340605335610533,1.5,0.6,,,,,64.0,True,0.2,0.30000000000000004,,2.0
direction_1,1.0,LSTM,079,-31.828395950794217,0.4564843773841858,0.49987614154815674,327.8475646972656,0.49072265625,,,,,gelu,glorot_normal,,,,2,64,zeros,0.4,0.00020536036866565307,1.0,0.6,,,,,64.0,True,0.2,0.4,,1.0
direction_1,1.0,LSTM,080,-49.870749509334566,0.4564843773841858,0.5,508.2723388671875,0.4620898365974426,,,,,gelu,he_normal,,,,1,64,glorot_normal,0.4,0.0001197753818326935,2.0,0.6,,,,,64.0,True,0.2,0.35000000000000003,,3.0
direction_1,1.0,LSTM,081,-181.07648301124573,0.5435156226158142,0.5018275380134583,1821.21826171875,0.5127539038658142,,,,,gelu,glorot_normal,,,,2,128,he_normal,0.4,0.00011189646256335921,1.0,0.2,,,,,96.0,True,0.45,0.45,,1.0
direction_1,1.0,LSTM,082,-15.692824399471284,0.4564843773841858,0.5,166.4930877685547,0.45970702171325684,,,,,tanh,he_normal,,,,2,64,zeros,0.2,0.0021828878078985732,2.5,0.9,,,,,64.0,False,0.30000000000000004,0.30000000000000004,,3.0
direction_1,1.0,LSTM,083,-18.394770205020905,0.5435156226158142,0.5,194.3828582763672,0.5138866901397705,,,,,gelu,glorot_normal,,,,2,128,he_normal,0.5,0.00027504487722762735,2.5,0.4,,,,,32.0,False,0.35000000000000003,0.25,,1.0
direction_1,1.0,LSTM,084,-29.478671872615813,0.4564843773841858,0.5,304.3515625,0.4628320336341858,,,,,gelu,he_normal,,,,2,64,glorot_normal,0.1,0.0004994184492861916,1.0,0.7000000000000001,,,,,96.0,True,0.35000000000000003,0.25,,1.0
direction_1,1.0,LSTM,085,-12.371141970157623,0.5435156226158142,0.5,134.14657592773438,0.5393945574760437,,,,,relu,glorot_normal,,,,1,64,zeros,0.1,0.00023891915286233407,2.5,0.1,,,,,32.0,True,0.25,0.2,,1.0
direction_1,1.0,LSTM,086,-4.030375063419342,0.5435156226158142,0.5,50.73890686035156,0.5404687523841858,,,,,relu,glorot_normal,,,,1,96,glorot_normal,0.4,0.006446459017650036,1.0,0.30000000000000004,,,,,32.0,True,0.30000000000000004,0.35000000000000003,,3.0
direction_1,1.0,LSTM,087,-27.245318257808684,0.4564843773841858,0.5001077651977539,282.01910400390625,0.45951172709465027,,,,,tanh,glorot_normal,,,,1,128,glorot_normal,0.30000000000000004,0.0011741233886599053,2.0,0.6,,,,,128.0,True,0.4,0.25,,1.0
direction_1,1.0,LSTM,088,-10.194391787052155,0.5435156226158142,0.5,112.37907409667969,0.5391992330551147,,,,,gelu,glorot_normal,,,,1,32,zeros,0.2,0.003333482306344126,2.0,0.5,,,,,64.0,False,0.45,0.45,,3.0
direction_1,1.0,LSTM,089,-17.799189150333405,0.5435156226158142,0.5,188.4270477294922,0.5413476824760437,,,,,tanh,glorot_normal,,,,1,96,he_normal,0.30000000000000004,0.002567319866104306,2.0,0.2,,,,,96.0,True,0.30000000000000004,0.35000000000000003,,2.0
direction_1,1.0,LSTM,090,-40.32683960199356,0.5435156226158142,0.5,413.70355224609375,0.5361328125,,,,,gelu,glorot_normal,,,,2,32,glorot_normal,0.4,0.0007783729036497226,2.0,0.30000000000000004,,,,,128.0,False,0.30000000000000004,0.35000000000000003,,3.0
direction_1,1.0,LSTM,091,-12.762595212459564,0.4564843773841858,0.5,137.1907958984375,0.4599023461341858,,,,,relu,he_normal,,,,2,32,glorot_normal,0.1,0.0015697097312986168,1.0,0.6,,,,,64.0,True,0.30000000000000004,0.25,,3.0
direction_1,1.0,LSTM,092,-56.669607532024386,0.5435156226158142,0.5032647848129272,577.1638793945312,0.5091992020606995,,,,,tanh,glorot_normal,,,,2,64,glorot_normal,0.30000000000000004,0.00024789367375460946,3.0,0.4,,,,,32.0,True,0.30000000000000004,0.45,,2.0
direction_1,1.0,LSTM,093,-48.454224133491515,0.4564843773841858,0.5003998875617981,494.111083984375,0.46025389432907104,,,,,tanh,glorot_normal,,,,1,128,zeros,0.1,0.00017808958251257332,3.0,0.7000000000000001,,,,,32.0,False,0.30000000000000004,0.25,,1.0
direction_1,1.0,LSTM,094,-7.741474759578704,0.4564843773841858,0.5,86.9795913696289,0.4691406190395355,,,,,relu,glorot_normal,,,,1,96,he_normal,0.30000000000000004,0.00023028731658798467,1.5,0.4,,,,,32.0,False,0.45,0.25,,2.0
direction_1,1.0,LSTM,095,-18.753667294979095,0.4564843773841858,0.5,197.1015167236328,0.46552735567092896,,,,,gelu,he_normal,,,,1,128,zeros,0.5,0.0001371792864317692,1.5,0.9,,,,,32.0,False,0.2,0.4,,1.0
direction_1,1.0,LSTM,096,-5.145260393619537,0.5435156226158142,0.5,61.887760162353516,0.5402538776397705,,,,,gelu,glorot_normal,,,,1,32,he_normal,0.4,0.0028333496947074975,3.0,0.4,,,,,64.0,False,0.2,0.4,,1.0
direction_1,1.0,LSTM,097,-30.774338376522063,0.4564843773841858,0.5,317.3082275390625,0.46019530296325684,,,,,tanh,glorot_normal,,,,2,32,zeros,0.4,0.00042704388956802015,1.5,0.9,,,,,32.0,True,0.35000000000000003,0.35000000000000003,,3.0
direction_1,1.0,LSTM,098,-33.06791747808457,0.4564843773841858,0.5,340.2440185546875,0.48857420682907104,,,,,relu,glorot_normal,,,,2,32,he_normal,0.4,0.0005075443683818799,2.5,0.30000000000000004,,,,,128.0,False,0.30000000000000004,0.2,,3.0
direction_1,1.0,LSTM,099,-38.32717224359512,0.5435156226158142,0.5,393.7068786621094,0.54052734375,,,,,relu,glorot_normal,,,,2,96,zeros,0.4,0.0002650113460707327,2.5,0.2,,,,,96.0,False,0.4,0.4,,3.0
direction_1,1.0,LSTM,100,-149.85286526679994,0.5435156226158142,0.49224215745925903,1508.88623046875,0.5416796803474426,,,,,tanh,glorot_normal,,,,1,32,zeros,0.1,0.00012180614623934723,2.0,0.30000000000000004,,,,,64.0,False,0.25,0.35000000000000003,,2.0
direction_1,1.0,LSTM,101,-73.36820434331894,0.4564843773841858,0.5,743.2468872070312,0.4618164002895355,,,,,gelu,he_normal,,,,1,96,glorot_normal,0.1,0.00013005191974537793,1.5,0.4,,,,,96.0,False,0.2,0.45,,2.0
direction_1,1.0,LSTM,102,-22.54128967523575,0.5435156226158142,0.5,235.84805297851562,0.5414648652076721,,,,,relu,glorot_normal,,,,2,32,glorot_normal,0.30000000000000004,0.004636452159050337,1.5,0.30000000000000004,,,,,128.0,True,0.25,0.45,,3.0
direction_1,1.0,LSTM,103,-172291.29398437738,0.5435156226158142,0.5,1722923.375,0.5393359661102295,,,,,relu,he_normal,,,,2,32,glorot_normal,0.4,0.008033213528751394,3.0,0.2,,,,,128.0,True,0.35000000000000003,0.45,,2.0
direction_1,1.0,LSTM,104,-2.3862493872642516,0.4564843773841858,0.5,33.427337646484375,0.4593554735183716,,,,,gelu,he_normal,,,,2,96,glorot_normal,0.1,0.008527934256161426,3.0,0.8,,,,,32.0,False,0.4,0.25,,2.0
direction_1,1.0,LSTM,105,-34.54319397211075,0.5435156226158142,0.5,355.8670959472656,0.5405077934265137,,,,,gelu,glorot_normal,,,,1,128,zeros,0.5,0.0010602912058095678,2.0,0.4,,,,,128.0,False,0.35000000000000003,0.4,,3.0
direction_1,1.0,LSTM,106,-69.48249877691269,0.4564843773841858,0.5,704.3898315429688,0.46052733063697815,,,,,gelu,glorot_normal,,,,1,128,he_normal,0.4,0.0003864610727522977,1.0,0.6,,,,,128.0,True,0.45,0.35000000000000003,,3.0
direction_1,1.0,LSTM,107,-20.184711611270906,0.5435156226158142,0.5,212.2822723388672,0.5400976538658142,,,,,gelu,he_normal,,,,1,32,glorot_normal,0.4,0.0014610469961964447,3.0,0.2,,,,,96.0,False,0.2,0.4,,3.0
direction_1,1.0,LSTM,108,-26.598497927188873,0.5435156226158142,0.5,276.4201354980469,0.5139257907867432,,,,,gelu,he_normal,,,,2,32,zeros,0.5,0.00011919453881620255,1.5,0.5,,,,,32.0,False,0.25,0.45,,2.0
direction_1,1.0,LSTM,109,-46.35678042173386,0.5435156226158142,0.4997161626815796,474.0001220703125,0.5131054520606995,,,,,gelu,glorot_normal,,,,2,96,zeros,0.2,0.00037968279651599704,2.5,0.5,,,,,128.0,True,0.30000000000000004,0.30000000000000004,,1.0
direction_1,1.0,LSTM,110,-7.6355538964271545,0.5435156226158142,0.5,86.79069519042969,0.5395117402076721,,,,,gelu,glorot_normal,,,,2,96,glorot_normal,0.2,0.008308975961285185,3.0,0.1,,,,,128.0,True,0.30000000000000004,0.25,,1.0
direction_1,1.0,LSTM,111,-16.63810943365097,0.4564843773841858,0.5,175.94593811035156,0.4785742163658142,,,,,relu,glorot_normal,,,,1,32,glorot_normal,0.5,0.00023490131541651366,1.0,0.30000000000000004,,,,,64.0,False,0.35000000000000003,0.35000000000000003,,1.0
direction_1,1.0,LSTM,112,-42.68904358148575,0.5435156226158142,0.5,437.3255920410156,0.5412890911102295,,,,,tanh,he_normal,,,,1,64,he_normal,0.4,0.0013825438480747922,3.0,0.2,,,,,128.0,True,0.2,0.35000000000000003,,3.0
direction_1,1.0,LSTM,113,-13.373438107967377,0.4564843773841858,0.5,143.29922485351562,0.46031248569488525,,,,,relu,glorot_normal,,,,1,32,zeros,0.2,0.0006451189298708733,1.0,0.7000000000000001,,,,,64.0,True,0.4,0.35000000000000003,,3.0
direction_1,1.0,LSTM,114,-37.78924194574356,0.5435156226158142,0.5,388.32757568359375,0.50244140625,,,,,tanh,he_normal,,,,2,32,glorot_normal,0.30000000000000004,0.0009369685303614216,1.5,0.1,,,,,96.0,False,0.4,0.35000000000000003,,3.0
direction_1,1.0,LSTM,115,-20.963976442813873,0.5435156226158142,0.5,220.07492065429688,0.5398046970367432,,,,,tanh,glorot_normal,,,,1,64,zeros,0.30000000000000004,0.0008379652911219557,1.5,0.1,,,,,64.0,False,0.45,0.2,,2.0
direction_1,1.0,LSTM,116,-1.9031956076622008,0.4564843773841858,0.5,28.596799850463867,0.45972657203674316,,,,,relu,he_normal,,,,1,32,zeros,0.4,0.002362036667634504,1.5,0.8,,,,,32.0,True,0.45,0.30000000000000004,,1.0
direction_1,1.0,LSTM,117,-29.87740627527237,0.5435156226158142,0.5001077651977539,309.2102966308594,0.5399218797683716,,,,,tanh,glorot_normal,,,,2,64,zeros,0.30000000000000004,0.0019157033556180133,2.0,0.1,,,,,128.0,True,0.45,0.2,,2.0
direction_1,1.0,LSTM,118,-5.993872225284576,0.5435156226158142,0.5,70.3738784790039,0.5410546660423279,,,,,relu,glorot_normal,,,,1,32,he_normal,0.30000000000000004,0.009448564283310342,2.5,0.1,,,,,128.0,False,0.45,0.4,,1.0
direction_1,1.0,LSTM,119,-13.30030425786972,0.4564843773841858,0.5,142.56788635253906,0.4598437547683716,,,,,gelu,glorot_normal,,,,2,32,he_normal,0.4,0.00709856096528365,2.0,0.8,,,,,128.0,True,0.45,0.2,,3.0
direction_1,1.0,LSTM,120,-12.60061401128769,0.4564843773841858,0.5,135.57098388671875,0.4591406285762787,,,,,relu,he_normal,,,,2,96,glorot_normal,0.5,0.0007406347788165702,1.0,0.9,,,,,96.0,False,0.45,0.25,,1.0
direction_1,1.0,LSTM,121,-5.974297487735749,0.5435156226158142,0.5,70.17813110351562,0.5400586128234863,,,,,relu,he_normal,,,,2,96,he_normal,0.5,0.0010277507011216937,2.5,0.4,,,,,32.0,False,0.30000000000000004,0.2,,3.0
direction_1,1.0,LSTM,122,-23.889580690860747,0.5435156226158142,0.5,249.33096313476562,0.5399804711341858,,,,,gelu,he_normal,,,,2,32,glorot_normal,0.2,0.0021777264787295842,2.0,0.2,,,,,128.0,False,0.45,0.4,,2.0
direction_1,1.0,LSTM,123,-5.942517244815827,0.5435156226158142,0.5,69.8603286743164,0.5400195121765137,,,,,relu,glorot_normal,,,,2,96,zeros,0.4,0.006318806581475893,1.0,0.5,,,,,64.0,False,0.35000000000000003,0.30000000000000004,,3.0
direction_1,1.0,LSTM,124,-250.45499839782715,0.4564843773841858,0.5051187872886658,2514.166015625,0.48216795921325684,,,,,tanh,glorot_normal,,,,2,96,glorot_normal,0.4,0.00014557434257993134,2.5,0.2,,,,,96.0,True,0.25,0.35000000000000003,,3.0
direction_1,1.0,LSTM,125,-386.0868087530136,0.5435156226158142,0.501682460308075,3871.320068359375,0.5376952886581421,,,,,relu,glorot_normal,,,,2,96,glorot_normal,0.2,0.00013944425143039052,2.5,0.4,,,,,64.0,True,0.35000000000000003,0.30000000000000004,,3.0
direction_1,1.0,LSTM,126,-23.922751772403718,0.5435156226158142,0.5,249.6626739501953,0.5405077934265137,,,,,relu,glorot_normal,,,,1,96,he_normal,0.30000000000000004,0.0006926613044311723,2.5,0.1,,,,,96.0,True,0.4,0.30000000000000004,,3.0
direction_1,1.0,LSTM,127,-16.119892275333406,0.5435156226158142,0.5,171.6340789794922,0.5397265553474426,,,,,relu,he_normal,,,,1,128,zeros,0.1,0.0006604550535136799,3.0,0.1,,,,,96.0,False,0.25,0.2,,2.0
direction_1,1.0,LSTM,128,-24.132608950138092,0.5435156226158142,0.5,251.76124572753906,0.5404297113418579,,,,,relu,glorot_normal,,,,1,128,glorot_normal,0.30000000000000004,0.0006531706640445636,2.0,0.1,,,,,128.0,False,0.35000000000000003,0.30000000000000004,,2.0
direction_1,1.0,LSTM,129,-331.2897805392742,0.4564843773841858,0.4976803958415985,3322.439453125,0.46589842438697815,,,,,relu,he_normal,,,,2,32,glorot_normal,0.1,0.00014981008914457682,1.0,0.5,,,,,64.0,True,0.25,0.45,,2.0
direction_1,1.0,LSTM,130,-15.560430300235748,0.5435156226158142,0.5,166.03945922851562,0.5401562452316284,,,,,tanh,he_normal,,,,2,96,zeros,0.5,0.002552725955002349,1.5,0.30000000000000004,,,,,64.0,False,0.25,0.30000000000000004,,3.0
direction_1,1.0,LSTM,131,-155.36827995181085,0.4564843773841858,0.4974524676799774,1563.22216796875,0.49064454436302185,,,,,tanh,he_normal,,,,2,64,zeros,0.5,0.0001355639534422863,2.5,0.9,,,,,64.0,True,0.35000000000000003,0.25,,2.0
direction_1,1.0,LSTM,132,-37.258991086483,0.4564843773841858,0.5,382.1547546386719,0.46037110686302185,,,,,gelu,he_normal,,,,2,64,glorot_normal,0.1,0.0001341864043478966,2.0,0.6,,,,,64.0,False,0.2,0.30000000000000004,,1.0
direction_1,1.0,LSTM,133,-70.14890381097794,0.5435156226158142,0.5,711.9241943359375,0.5400586128234863,,,,,tanh,he_normal,,,,1,128,he_normal,0.4,0.0006057729069677865,2.0,0.30000000000000004,,,,,128.0,True,0.2,0.2,,2.0
direction_1,1.0,LSTM,134,-12.052016294002533,0.4564843773841858,0.5,130.0850067138672,0.45982420444488525,,,,,relu,glorot_normal,,,,1,64,zeros,0.30000000000000004,0.00038173983238501126,1.0,0.7000000000000001,,,,,96.0,False,0.25,0.25,,1.0
direction_1,1.0,LSTM,135,-27.00246948003769,0.4564843773841858,0.5,279.58953857421875,0.45947265625,,,,,relu,he_normal,,,,2,64,zeros,0.4,0.00013046669210732537,2.0,0.8,,,,,32.0,True,0.30000000000000004,0.30000000000000004,,1.0
direction_1,1.0,LSTM,136,-22.97053588628769,0.4564843773841858,0.5,239.27020263671875,0.45998045802116394,,,,,gelu,glorot_normal,,,,2,96,glorot_normal,0.5,0.002318447461573853,3.0,0.9,,,,,128.0,True,0.25,0.30000000000000004,,3.0
direction_1,1.0,LSTM,137,-13.015989077091216,0.5435156226158142,0.5,140.5950469970703,0.5023437738418579,,,,,relu,glorot_normal,,,,2,32,glorot_normal,0.5,0.0003123035823486081,2.5,0.1,,,,,64.0,True,0.2,0.25,,1.0
direction_1,1.0,LSTM,138,-3.54531112909317,0.5435156226158142,0.5,45.888267517089844,0.540332019329071,,,,,relu,he_normal,,,,1,64,glorot_normal,0.30000000000000004,0.0010609281635636312,2.5,0.2,,,,,32.0,True,0.35000000000000003,0.45,,2.0
direction_1,1.0,LSTM,139,-72.55935579538345,0.4564843773841858,0.5020736455917358,735.1791381835938,0.4916015565395355,,,,,relu,glorot_normal,,,,1,64,he_normal,0.4,0.000154634897812884,1.0,0.5,,,,,128.0,True,0.30000000000000004,0.30000000000000004,,1.0
direction_1,1.0,LSTM,140,-53.73345153927803,0.4564843773841858,0.4980279505252838,546.879638671875,0.46876952052116394,,,,,tanh,glorot_normal,,,,2,64,glorot_normal,0.4,0.0004950633221718164,3.0,0.8,,,,,96.0,False,0.25,0.45,,1.0
direction_1,1.0,LSTM,141,-441.50028320550916,0.5435156226158142,0.5,4425.43798828125,0.5274413824081421,,,,,relu,glorot_normal,,,,1,96,zeros,0.1,0.0006719352479118911,3.0,0.4,,,,,64.0,True,0.4,0.2,,3.0
direction_1,1.0,LSTM,142,-11.209723818302155,0.5435156226158142,0.5,122.53239440917969,0.5404297113418579,,,,,relu,glorot_normal,,,,2,128,glorot_normal,0.30000000000000004,0.002774316530457265,1.0,0.1,,,,,128.0,False,0.45,0.45,,1.0
direction_1,1.0,LSTM,143,-47.46897948980332,0.4564843773841858,0.5,484.254638671875,0.4832421839237213,,,,,gelu,he_normal,,,,2,96,glorot_normal,0.2,0.00014908275134277587,1.0,0.6,,,,,64.0,True,0.2,0.2,,3.0
direction_1,1.0,LSTM,144,-16.89119201898575,0.5435156226158142,0.5,179.34707641601562,0.510449230670929,,,,,gelu,glorot_normal,,,,2,64,glorot_normal,0.4,0.00023510198069697844,3.0,0.5,,,,,32.0,True,0.2,0.4,,2.0
direction_1,1.0,LSTM,145,-4.399528348445893,0.4564843773841858,0.5,53.56012725830078,0.4583789110183716,,,,,relu,he_normal,,,,1,96,zeros,0.5,0.002883883503432503,2.0,0.9,,,,,64.0,False,0.25,0.35000000000000003,,1.0
direction_1,1.0,LSTM,146,-20.315531313419342,0.5435156226158142,0.5,213.59046936035156,0.5406445264816284,,,,,relu,he_normal,,,,1,128,zeros,0.2,0.0018176264354176444,3.0,0.30000000000000004,,,,,128.0,False,0.30000000000000004,0.2,,2.0
direction_1,1.0,LSTM,147,-212.36168464422227,0.4564843773841858,0.5001659393310547,2133.183349609375,0.46113282442092896,,,,,tanh,he_normal,,,,2,128,zeros,0.2,0.00027050872426304665,1.0,0.9,,,,,128.0,True,0.45,0.4,,3.0
direction_1,1.0,LSTM,148,-36.89550415277481,0.5435156226158142,0.5,379.39019775390625,0.5389843583106995,,,,,tanh,glorot_normal,,,,2,32,zeros,0.4,0.001988408556810902,1.5,0.2,,,,,128.0,True,0.30000000000000004,0.45,,3.0
direction_1,1.0,LSTM,149,-22.952837216854096,0.4564843773841858,0.5,239.0932159423828,0.4602734446525574,,,,,relu,he_normal,,,,1,32,zeros,0.2,0.0007264402362338817,3.0,0.6,,,,,128.0,False,0.30000000000000004,0.2,,2.0
direction_5,5.0,LSTM,000,-5.038874065876007,0.512499988079071,0.5,60.51374053955078,0.5145702958106995,,,,,tanh,glorot_normal,,,,1,64,zeros,0.5,0.001715074355925934,3.0,0.1,,,,,32.0,True,0.30000000000000004,0.35000000000000003,,2.0
direction_5,5.0,LSTM,001,-95.75493718385697,0.48750001192092896,0.5050786733627319,967.4751586914062,0.48441407084465027,,,,,tanh,glorot_normal,,,,1,64,glorot_normal,0.1,0.00014111965749931114,2.5,0.7000000000000001,,,,,32.0,False,0.30000000000000004,0.45,,3.0
direction_5,5.0,LSTM,002,-12.17912141084671,0.512499988079071,0.5,131.9162139892578,0.5152148604393005,,,,,relu,glorot_normal,,,,2,128,zeros,0.2,0.0010277342442932575,1.0,0.5,,,,,64.0,True,0.30000000000000004,0.30000000000000004,,3.0
direction_5,5.0,LSTM,003,-3.6210620999336243,0.512499988079071,0.5,46.33562088012695,0.5165820121765137,,,,,gelu,glorot_normal,,,,1,64,he_normal,0.30000000000000004,0.0033137745378583987,1.5,0.2,,,,,32.0,False,0.2,0.25,,3.0
direction_5,5.0,LSTM,004,-11.828140246868134,0.48750001192092896,0.5,128.15640258789062,0.48505860567092896,,,,,relu,he_normal,,,,2,96,zeros,0.1,0.0003623815491328145,3.0,0.8,,,,,64.0,False,0.45,0.45,,2.0
direction_5,5.0,LSTM,005,-47.33355711698532,0.48750001192092896,0.5,483.2105712890625,0.48353517055511475,,,,,relu,he_normal,,,,2,96,zeros,0.30000000000000004,0.0001272703380605649,3.0,0.9,,,,,32.0,True,0.25,0.4,,2.0
direction_5,5.0,LSTM,006,-25.431597888469696,0.48750001192092896,0.5,264.19097900390625,0.4876367151737213,,,,,gelu,he_normal,,,,1,64,he_normal,0.30000000000000004,0.0001395510628578222,1.0,0.1,,,,,32.0,True,0.25,0.30000000000000004,,2.0
direction_5,5.0,LSTM,007,-23.685298305749892,0.48750001192092896,0.4996824562549591,246.7248077392578,0.48457032442092896,,,,,tanh,he_normal,,,,2,64,zeros,0.5,0.0025890919266874407,3.0,0.9,,,,,96.0,False,0.45,0.2,,3.0
direction_5,5.0,LSTM,008,-201.30165907144547,0.512499988079071,0.46584582328796387,2022.800048828125,0.5121093988418579,,,,,tanh,he_normal,,,,2,32,glorot_normal,0.1,0.00010805627988186071,1.0,0.30000000000000004,,,,,96.0,True,0.30000000000000004,0.2,,1.0
direction_5,5.0,LSTM,009,-6.447359454631806,0.48750001192092896,0.5,74.34859466552734,0.48558592796325684,,,,,gelu,he_normal,,,,1,32,he_normal,0.5,0.006353350532750873,1.0,0.6,,,,,64.0,False,0.25,0.4,,3.0
direction_5,5.0,LSTM,010,-3.1146682620048525,0.48750001192092896,0.5,41.02168273925781,0.48494139313697815,,,,,relu,he_normal,,,,1,32,he_normal,0.2,0.0013291852527485804,3.0,0.6,,,,,32.0,False,0.30000000000000004,0.4,,2.0
direction_5,5.0,LSTM,011,-17.65501707792282,0.48750001192092896,0.5,186.4251708984375,0.4852343797683716,,,,,relu,glorot_normal,,,,1,64,glorot_normal,0.1,0.001027905840968144,1.5,0.6,,,,,96.0,False,0.2,0.4,,2.0
direction_5,5.0,LSTM,012,-105.73911464214325,0.48750001192092896,0.5089200139045715,1067.3553466796875,0.49244141578674316,,,,,tanh,glorot_normal,,,,2,64,he_normal,0.4,0.00030969640670569564,2.5,0.30000000000000004,,,,,96.0,True,0.2,0.45,,2.0
direction_5,5.0,LSTM,013,-49.5186150431633,0.512499988079071,0.4913703203201294,505.224853515625,0.5072265863418579,,,,,tanh,glorot_normal,,,,2,64,he_normal,0.2,0.0004938970115853091,2.5,0.6,,,,,96.0,True,0.35000000000000003,0.4,,1.0
direction_5,5.0,LSTM,014,-27.202948009967805,0.512499988079071,0.5,282.15447998046875,0.506054699420929,,,,,gelu,he_normal,,,,1,128,glorot_normal,0.5,0.0003484786063390684,1.5,0.5,,,,,32.0,False,0.45,0.45,,3.0
direction_5,5.0,LSTM,015,-19.723135364055633,0.48750001192092896,0.5,207.10635375976562,0.48478516936302185,,,,,tanh,glorot_normal,,,,1,32,glorot_normal,0.2,0.003049541549141375,2.5,0.8,,,,,96.0,False,0.25,0.35000000000000003,,3.0
direction_5,5.0,LSTM,016,-3.738324749469757,0.512499988079071,0.5,47.50824737548828,0.5147656202316284,,,,,gelu,glorot_normal,,,,1,32,he_normal,0.2,0.006351062743654629,3.0,0.4,,,,,32.0,True,0.30000000000000004,0.45,,3.0
direction_5,5.0,LSTM,017,-4.326206600666046,0.512499988079071,0.5,53.38706588745117,0.5133398175239563,,,,,gelu,he_normal,,,,2,128,he_normal,0.30000000000000004,0.00207431648016279,2.5,0.5,,,,,32.0,False,0.35000000000000003,0.30000000000000004,,1.0
direction_5,5.0,LSTM,018,-29.804824817180634,0.48750001192092896,0.5,307.9232482910156,0.48462891578674316,,,,,relu,he_normal,,,,1,128,zeros,0.1,0.00023183657189474222,2.0,0.6,,,,,128.0,False,0.30000000000000004,0.35000000000000003,,1.0
direction_5,5.0,LSTM,019,-40.31640515327454,0.512499988079071,0.4985728859901428,413.2747802734375,0.5133203268051147,,,,,tanh,he_normal,,,,1,32,glorot_normal,0.4,0.00022692088176343598,2.0,0.30000000000000004,,,,,32.0,True,0.35000000000000003,0.25,,1.0
direction_5,5.0,LSTM,020,-31.21679993867874,0.512499988079071,0.5,322.2929992675781,0.5144922137260437,,,,,tanh,he_normal,,,,2,128,he_normal,0.2,0.0012872737477703168,3.0,0.2,,,,,96.0,False,0.45,0.35000000000000003,,3.0
direction_5,5.0,LSTM,021,-3.198651516437531,0.512499988079071,0.5,42.111515045166016,0.510937511920929,,,,,relu,glorot_normal,,,,1,64,he_normal,0.30000000000000004,0.0005017603502099382,3.0,0.4,,,,,32.0,False,0.35000000000000003,0.2,,1.0
direction_5,5.0,LSTM,022,-12.115901172161102,0.48750001192092896,0.5,131.0340118408203,0.4847070276737213,,,,,gelu,glorot_normal,,,,1,128,zeros,0.5,0.006695608114388132,2.5,0.8,,,,,128.0,False,0.2,0.35000000000000003,,3.0
direction_5,5.0,LSTM,023,-26.827645885944367,0.512499988079071,0.5,278.4014587402344,0.5142382979393005,,,,,relu,glorot_normal,,,,1,32,zeros,0.2,0.0002933768012428558,2.5,0.30000000000000004,,,,,96.0,True,0.4,0.2,,3.0
direction_5,5.0,LSTM,024,-3.8518818020820618,0.512499988079071,0.5,48.64381790161133,0.5079492330551147,,,,,gelu,glorot_normal,,,,2,96,glorot_normal,0.5,0.0021765065892749877,2.0,0.5,,,,,32.0,False,0.35000000000000003,0.35000000000000003,,1.0
direction_5,5.0,LSTM,025,-26.70168458223343,0.512499988079071,0.5,277.141845703125,0.5149804949760437,,,,,gelu,glorot_normal,,,,1,64,glorot_normal,0.5,0.00031570701500918154,1.0,0.1,,,,,64.0,False,0.2,0.45,,2.0
direction_5,5.0,LSTM,026,-8.377867114543914,0.48750001192092896,0.5,93.65367126464844,0.48509764671325684,,,,,gelu,he_normal,,,,2,64,he_normal,0.2,0.00727915929887585,1.5,0.6,,,,,96.0,False,0.25,0.25,,2.0
direction_5,5.0,LSTM,027,-7.042927533388138,0.512499988079071,0.49996188282966614,80.55389404296875,0.5156835913658142,,,,,tanh,glorot_normal,,,,1,64,glorot_normal,0.2,0.008616178537110575,2.0,0.2,,,,,96.0,True,0.30000000000000004,0.2,,1.0
direction_5,5.0,LSTM,028,-33.73000023365021,0.512499988079071,0.5001847147941589,347.4268493652344,0.5161523222923279,,,,,tanh,he_normal,,,,1,64,he_normal,0.2,0.001263698656945194,2.5,0.4,,,,,128.0,False,0.30000000000000004,0.2,,2.0
direction_5,5.0,LSTM,029,-1.0630720019340516,0.48750001192092896,0.5,20.505720138549805,0.48652344942092896,,,,,relu,glorot_normal,,,,2,96,he_normal,0.1,0.00829014608439077,1.5,0.7000000000000001,,,,,32.0,False,0.25,0.25,,1.0
direction_5,5.0,LSTM,030,-4.677614581584931,0.48750001192092896,0.5,56.651145935058594,0.4840429723262787,,,,,relu,glorot_normal,,,,1,32,he_normal,0.5,0.0004706052466815514,1.0,0.9,,,,,32.0,True,0.25,0.45,,2.0
direction_5,5.0,LSTM,031,-11.190575397014618,0.48750001192092896,0.5,121.78075408935547,0.48433592915534973,,,,,gelu,he_normal,,,,2,96,zeros,0.1,0.0043367212336025045,1.0,0.9,,,,,96.0,False,0.4,0.35000000000000003,,2.0
direction_5,5.0,LSTM,032,-15.798228466510771,0.512499988079071,0.5,168.10728454589844,0.5147851705551147,,,,,gelu,he_normal,,,,1,64,zeros,0.4,0.0019003838058425906,2.0,0.2,,,,,64.0,True,0.4,0.4,,3.0
direction_5,5.0,LSTM,033,-22.412945568561554,0.512499988079071,0.5,234.25445556640625,0.514843761920929,,,,,gelu,glorot_normal,,,,1,32,zeros,0.2,0.00021347610418606298,3.0,0.8,,,,,32.0,True,0.4,0.4,,2.0
direction_5,5.0,LSTM,034,-18.979713428020478,0.48750001192092896,0.5,199.67213439941406,0.48570311069488525,,,,,gelu,glorot_normal,,,,2,128,he_normal,0.4,0.001996334459987542,3.0,0.9,,,,,96.0,False,0.45,0.25,,3.0
direction_5,5.0,LSTM,035,-5.8555992364883425,0.512499988079071,0.49318617582321167,68.61285400390625,0.5151757597923279,,,,,tanh,glorot_normal,,,,1,96,glorot_normal,0.30000000000000004,0.0048640356869126,2.5,0.2,,,,,64.0,True,0.4,0.25,,1.0
direction_5,5.0,LSTM,036,-20.99208108186722,0.512499988079071,0.49995994567871094,220.04541015625,0.512011706829071,,,,,gelu,he_normal,,,,1,96,zeros,0.4,0.00011202631862509904,3.0,0.1,,,,,32.0,True,0.35000000000000003,0.2,,1.0
direction_5,5.0,LSTM,037,-209.93470205068587,0.48750001192092896,0.5002100467681885,2109.22412109375,0.48634764552116394,,,,,gelu,he_normal,,,,1,32,glorot_normal,0.1,0.00020193356985061988,3.0,0.7000000000000001,,,,,96.0,True,0.45,0.4,,3.0
direction_5,5.0,LSTM,038,-42.241796863079074,0.48750001192092896,0.5,432.29296875,0.4845898449420929,,,,,gelu,glorot_normal,,,,2,32,glorot_normal,0.30000000000000004,0.0001333046266612092,2.5,0.9,,,,,64.0,True,0.25,0.35000000000000003,,1.0
direction_5,5.0,LSTM,039,-4.474131786823273,0.512499988079071,0.5,54.86631774902344,0.5148632526397705,,,,,relu,he_normal,,,,2,64,zeros,0.5,0.002596905757124934,3.0,0.2,,,,,32.0,False,0.45,0.2,,3.0
direction_5,5.0,LSTM,040,-7.420612347126006,0.512499988079071,0.5,84.33112335205078,0.5008984208106995,,,,,relu,glorot_normal,,,,2,64,glorot_normal,0.5,0.0003584911744295724,1.5,0.30000000000000004,,,,,32.0,True,0.4,0.2,,2.0
direction_5,5.0,LSTM,041,-7.349388897418976,0.512499988079071,0.5,83.61888885498047,0.5157617330551147,,,,,tanh,he_normal,,,,1,32,he_normal,0.2,0.0072136325692250145,3.0,0.1,,,,,96.0,False,0.25,0.25,,1.0
direction_5,5.0,LSTM,042,-1.0188636660575865,0.48750001192092896,0.5,20.063636779785156,0.4849609434604645,,,,,relu,glorot_normal,,,,1,64,glorot_normal,0.4,0.01,2.0,0.6,,,,,32.0,False,0.30000000000000004,0.30000000000000004,,2.0
direction_5,5.0,LSTM,043,-1.6316240191459657,0.48750001192092896,0.5,26.191240310668945,0.48423826694488525,,,,,gelu,glorot_normal,,,,1,32,zeros,0.30000000000000004,0.01,3.0,0.8,,,,,32.0,True,0.4,0.35000000000000003,,1.0
direction_5,5.0,LSTM,044,-1.167514216899872,0.48750001192092896,0.5,21.550142288208008,0.48441407084465027,,,,,gelu,glorot_normal,,,,1,64,he_normal,0.30000000000000004,0.01,2.0,0.6,,,,,32.0,False,0.2,0.35000000000000003,,1.0
direction_5,5.0,LSTM,045,-1.3255016207695007,0.48750001192092896,0.5,23.130016326904297,0.4860156178474426,,,,,relu,he_normal,,,,2,96,glorot_normal,0.2,0.01,3.0,0.6,,,,,32.0,False,0.4,0.35000000000000003,,1.0
direction_5,5.0,LSTM,046,-2.5373741030693053,0.48750001192092896,0.5,35.248741149902344,0.4852539002895355,,,,,relu,glorot_normal,,,,2,64,zeros,0.4,0.0011136700236692421,2.5,0.8,,,,,32.0,True,0.45,0.35000000000000003,,1.0
direction_5,5.0,LSTM,047,-2.172552692890167,0.512499988079071,0.5,31.850526809692383,0.514843761920929,,,,,gelu,glorot_normal,,,,1,64,zeros,0.5,0.01,1.0,0.5,,,,,32.0,True,0.35000000000000003,0.30000000000000004,,3.0
direction_5,5.0,LSTM,048,-1.3693681836128233,0.512499988079071,0.5,23.818681716918945,0.5148828029632568,,,,,relu,he_normal,,,,1,96,he_normal,0.30000000000000004,0.01,2.0,0.1,,,,,32.0,False,0.25,0.30000000000000004,,2.0
direction_5,5.0,LSTM,049,-0.8801118969917296,0.512499988079071,0.5,18.926118850708008,0.51611328125,,,,,relu,glorot_normal,,,,1,32,he_normal,0.2,0.01,3.0,0.5,,,,,32.0,True,0.30000000000000004,0.35000000000000003,,1.0
direction_5,5.0,LSTM,050,-4.012915027141571,0.48750001192092896,0.5,50.004150390625,0.4859570264816284,,,,,relu,glorot_normal,,,,2,128,zeros,0.1,0.01,2.0,0.9,,,,,96.0,False,0.35000000000000003,0.35000000000000003,,1.0
direction_5,5.0,LSTM,051,-18.11807860136032,0.48750001192092896,0.5,191.0557861328125,0.48667967319488525,,,,,gelu,glorot_normal,,,,1,32,zeros,0.5,0.0002753636915361982,2.5,0.8,,,,,32.0,True,0.45,0.35000000000000003,,1.0
direction_5,5.0,LSTM,052,-4.4900074124336244,0.512499988079071,0.5,55.02507400512695,0.5158398151397705,,,,,tanh,glorot_normal,,,,2,64,zeros,0.2,0.01,2.5,0.2,,,,,32.0,True,0.45,0.35000000000000003,,3.0
direction_5,5.0,LSTM,053,-2.492502987384796,0.512499988079071,0.5,35.05002975463867,0.5139453411102295,,,,,tanh,he_normal,,,,1,32,he_normal,0.5,0.01,3.0,0.1,,,,,32.0,False,0.4,0.30000000000000004,,2.0
direction_5,5.0,LSTM,054,-1.8155343890190125,0.48750001192092896,0.5,28.030344009399414,0.48388671875,,,,,relu,he_normal,,,,1,32,he_normal,0.30000000000000004,0.01,2.5,0.9,,,,,32.0,False,0.2,0.30000000000000004,,1.0
direction_5,5.0,LSTM,055,-3.5235870480537415,0.512499988079071,0.5,45.360870361328125,0.5146484375,,,,,relu,glorot_normal,,,,1,64,zeros,0.5,0.0023835154206428718,2.0,0.2,,,,,32.0,True,0.45,0.2,,3.0
direction_5,5.0,LSTM,056,-1.4441814541816713,0.512499988079071,0.5,24.566814422607422,0.5156640410423279,,,,,relu,glorot_normal,,,,1,32,zeros,0.2,0.0023459541516481774,3.0,0.4,,,,,32.0,False,0.45,0.45,,1.0
direction_5,5.0,LSTM,057,-2.5872203946113586,0.512499988079071,0.5,35.9972038269043,0.5151171684265137,,,,,gelu,he_normal,,,,1,128,glorot_normal,0.5,0.01,1.0,0.1,,,,,32.0,True,0.2,0.25,,2.0
direction_5,5.0,LSTM,058,-5.8476898074150085,0.48750001192092896,0.5,68.35189819335938,0.4855273365974426,,,,,gelu,glorot_normal,,,,2,128,zeros,0.2,0.001760302101404663,3.0,0.9,,,,,32.0,True,0.45,0.45,,1.0
direction_5,5.0,LSTM,059,-1.6804859280586242,0.512499988079071,0.5,26.929859161376953,0.5152929425239563,,,,,gelu,glorot_normal,,,,1,128,zeros,0.2,0.01,2.5,0.4,,,,,32.0,False,0.25,0.2,,2.0
direction_5,5.0,LSTM,060,-2.2696945309638976,0.512499988079071,0.5,32.82194519042969,0.513867199420929,,,,,gelu,glorot_normal,,,,1,96,zeros,0.2,0.01,2.0,0.1,,,,,32.0,True,0.4,0.45,,1.0
direction_5,5.0,LSTM,061,-4.066122424602509,0.48750001192092896,0.5,50.536224365234375,0.48494139313697815,,,,,relu,glorot_normal,,,,2,128,he_normal,0.4,0.01,1.0,0.9,,,,,32.0,True,0.45,0.35000000000000003,,2.0
direction_5,5.0,LSTM,062,-9.41190413236618,0.48750001192092896,0.5,103.9940414428711,0.4836132824420929,,,,,tanh,glorot_normal,,,,1,128,he_normal,0.30000000000000004,0.01,1.0,0.9,,,,,96.0,False,0.2,0.2,,2.0
direction_5,5.0,LSTM,063,-4.739426791667938,0.48750001192092896,0.5,57.26926803588867,0.48441407084465027,,,,,relu,glorot_normal,,,,2,128,zeros,0.30000000000000004,0.0010710399639820723,3.0,0.6,,,,,32.0,False,0.45,0.2,,2.0
direction_5,5.0,LSTM,064,-1.88488484621048,0.512499988079071,0.5,28.973848342895508,0.5143945217132568,,,,,relu,glorot_normal,,,,1,32,he_normal,0.1,0.01,3.0,0.1,,,,,32.0,False,0.25,0.25,,3.0
direction_5,5.0,LSTM,065,-4.312286746501923,0.48750001192092896,0.5,52.997867584228516,0.4864843785762787,,,,,relu,he_normal,,,,2,128,zeros,0.30000000000000004,0.006609224375396929,1.5,0.8,,,,,32.0,False,0.45,0.45,,2.0
direction_5,5.0,LSTM,066,-2.0892696619033813,0.48750001192092896,0.4998651146888733,30.766347885131836,0.48585936427116394,,,,,tanh,glorot_normal,,,,2,32,he_normal,0.2,0.01,3.0,0.9,,,,,32.0,False,0.45,0.35000000000000003,,1.0
direction_5,5.0,LSTM,067,-0.6088594555854798,0.512499988079071,0.5,16.213594436645508,0.5157812237739563,,,,,relu,he_normal,,,,1,32,he_normal,0.1,0.01,3.0,0.1,,,,,32.0,False,0.25,0.45,,1.0
direction_5,5.0,LSTM,068,-2.604614245891571,0.48750001192092896,0.5,35.921142578125,0.4841601550579071,,,,,tanh,glorot_normal,,,,1,32,zeros,0.30000000000000004,0.01,1.0,0.9,,,,,32.0,True,0.2,0.45,,2.0
direction_5,5.0,LSTM,069,-3.3468067288398746,0.512499988079071,0.5000381469726562,43.593448638916016,0.5161328315734863,,,,,tanh,glorot_normal,,,,1,32,he_normal,0.4,0.01,1.0,0.1,,,,,32.0,True,0.35000000000000003,0.4,,3.0
direction_5,5.0,LSTM,070,-2.3320324063301086,0.512499988079071,0.5,33.4453239440918,0.515820324420929,,,,,gelu,glorot_normal,,,,1,32,zeros,0.30000000000000004,0.01,3.0,0.1,,,,,32.0,True,0.25,0.2,,3.0
direction_5,5.0,LSTM,071,-9.806407940387725,0.512499988079071,0.5,108.18907928466797,0.5141797065734863,,,,,relu,glorot_normal,,,,1,96,zeros,0.2,0.01,2.5,0.1,,,,,128.0,False,0.30000000000000004,0.2,,3.0
direction_5,5.0,LSTM,072,-1.9472824215888975,0.512499988079071,0.5,29.597824096679688,0.5164257884025574,,,,,gelu,he_normal,,,,1,64,zeros,0.5,0.01,2.0,0.1,,,,,32.0,False,0.25,0.4,,2.0
direction_5,5.0,LSTM,073,-0.5037174105644227,0.48750001192092896,0.5,14.912174224853516,0.4845507740974426,,,,,relu,glorot_normal,,,,1,32,he_normal,0.2,0.01,1.0,0.9,,,,,32.0,False,0.2,0.45,,1.0
direction_5,5.0,LSTM,074,-3.7067405581474304,0.48750001192092896,0.5,46.942405700683594,0.4835546910762787,,,,,relu,glorot_normal,,,,2,128,zeros,0.1,0.0004962900801086548,3.0,0.9,,,,,32.0,False,0.45,0.45,,1.0
direction_5,5.0,LSTM,075,-1.7932838320732118,0.48750001192092896,0.5,27.807838439941406,0.48564451932907104,,,,,relu,glorot_normal,,,,1,32,he_normal,0.5,0.01,1.0,0.9,,,,,32.0,True,0.2,0.2,,3.0
direction_5,5.0,LSTM,076,-4.34793244600296,0.512499988079071,0.5,53.60432434082031,0.51611328125,,,,,gelu,glorot_normal,,,,1,32,zeros,0.5,0.01,3.0,0.1,,,,,32.0,True,0.45,0.45,,3.0
direction_5,5.0,LSTM,077,-1.5845440030097961,0.512499988079071,0.5,25.970439910888672,0.5144922137260437,,,,,relu,he_normal,,,,1,96,he_normal,0.4,0.003387046084358933,3.0,0.5,,,,,32.0,False,0.4,0.45,,1.0
direction_5,5.0,LSTM,078,-1.5001136660575867,0.48750001192092896,0.5,24.876136779785156,0.48582032322883606,,,,,gelu,glorot_normal,,,,2,32,zeros,0.1,0.01,3.0,0.9,,,,,32.0,False,0.2,0.45,,1.0
direction_5,5.0,LSTM,079,-2.7398265957832337,0.512499988079071,0.5,37.52326583862305,0.515820324420929,,,,,gelu,glorot_normal,,,,2,128,he_normal,0.5,0.01,1.0,0.1,,,,,32.0,False,0.45,0.2,,3.0
direction_5,5.0,LSTM,080,-3.6311477541923525,0.48750001192092896,0.5,46.18647766113281,0.48533204197883606,,,,,relu,glorot_normal,,,,1,32,zeros,0.1,0.01,3.0,0.9,,,,,96.0,False,0.2,0.2,,1.0
direction_5,5.0,LSTM,081,-4.457980358600617,0.512499988079071,0.5,54.704803466796875,0.5148242115974426,,,,,relu,he_normal,,,,1,128,zeros,0.5,0.01,1.0,0.1,,,,,32.0,True,0.4,0.45,,3.0
direction_5,5.0,LSTM,082,-1.927389919757843,0.512499988079071,0.5,29.39889907836914,0.5158593654632568,,,,,gelu,he_normal,,,,1,128,he_normal,0.1,0.01,1.0,0.1,,,,,32.0,False,0.2,0.35000000000000003,,2.0
direction_5,5.0,LSTM,083,-2.250086581707001,0.48750001192092896,0.5,32.3758659362793,0.4849609434604645,,,,,gelu,he_normal,,,,2,128,he_normal,0.5,0.01,1.0,0.9,,,,,32.0,False,0.2,0.2,,2.0
direction_5,5.0,LSTM,084,-1.3391502499580383,0.512499988079071,0.5,23.516502380371094,0.5149219036102295,,,,,gelu,he_normal,,,,1,128,he_normal,0.5,0.01,3.0,0.1,,,,,32.0,False,0.2,0.2,,1.0
direction_5,5.0,LSTM,085,-1.394757831096649,0.48750001192092896,0.5,23.82257843017578,0.48304688930511475,,,,,relu,glorot_normal,,,,2,32,he_normal,0.5,0.01,1.0,0.8,,,,,32.0,False,0.45,0.2,,2.0
direction_5,5.0,LSTM,086,-1.580219066143036,0.48750001192092896,0.5,25.67719078063965,0.4854687452316284,,,,,relu,glorot_normal,,,,1,32,he_normal,0.5,0.0073100083628677,1.0,0.9,,,,,32.0,True,0.45,0.45,,1.0
direction_5,5.0,LSTM,087,-2.546676242351532,0.48750001192092896,0.5,35.34176254272461,0.4851953089237213,,,,,gelu,glorot_normal,,,,2,128,zeros,0.30000000000000004,0.01,1.0,0.9,,,,,32.0,False,0.45,0.2,,2.0
direction_5,5.0,LSTM,088,-7.669380176067353,0.48750001192092896,0.5,86.56880187988281,0.48439452052116394,,,,,relu,glorot_normal,,,,1,32,zeros,0.4,0.01,1.0,0.9,,,,,128.0,False,0.2,0.45,,2.0
direction_5,5.0,LSTM,089,-1.354393756389618,0.48750001192092896,0.5,23.41893768310547,0.48460936546325684,,,,,gelu,glorot_normal,,,,1,32,he_normal,0.4,0.01,3.0,0.9,,,,,32.0,True,0.2,0.2,,2.0
direction_5,5.0,LSTM,090,-1.816020977497101,0.512499988079071,0.5,28.28520965576172,0.5159765481948853,,,,,gelu,glorot_normal,,,,2,128,he_normal,0.1,0.01,3.0,0.1,,,,,32.0,False,0.45,0.2,,1.0
direction_5,5.0,LSTM,091,-1.9618776202201844,0.48750001192092896,0.5,29.493776321411133,0.4852539002895355,,,,,relu,glorot_normal,,,,1,32,zeros,0.2,0.0007241529741993611,3.0,0.9,,,,,32.0,True,0.45,0.45,,1.0
direction_5,5.0,LSTM,092,-2.6303878903388975,0.512499988079071,0.5,36.42887878417969,0.5153906345367432,,,,,relu,glorot_normal,,,,1,128,he_normal,0.5,0.0010192247198104654,1.0,0.1,,,,,32.0,False,0.45,0.2,,1.0
direction_5,5.0,LSTM,093,-1.782235324382782,0.48750001192092896,0.5,27.69735336303711,0.4849804639816284,,,,,gelu,glorot_normal,,,,2,128,he_normal,0.1,0.01,1.0,0.8,,,,,32.0,False,0.45,0.45,,1.0
direction_5,5.0,LSTM,094,-2.0913389325141907,0.512499988079071,0.5,31.038389205932617,0.5157226324081421,,,,,gelu,he_normal,,,,2,128,zeros,0.5,0.01,3.0,0.1,,,,,32.0,False,0.45,0.45,,1.0
direction_5,5.0,LSTM,095,-1.704265224933624,0.512499988079071,0.5,27.167652130126953,0.5150976777076721,,,,,gelu,he_normal,,,,1,96,he_normal,0.5,0.01,1.0,0.1,,,,,32.0,True,0.30000000000000004,0.45,,1.0
direction_5,5.0,LSTM,096,-12.590640246868134,0.48750001192092896,0.5,135.78140258789062,0.4844335913658142,,,,,relu,he_normal,,,,2,128,zeros,0.1,0.0032100398946705478,3.0,0.9,,,,,96.0,False,0.45,0.45,,1.0
direction_5,5.0,LSTM,097,-1.2946611285209655,0.48750001192092896,0.5,22.821611404418945,0.48412108421325684,,,,,relu,glorot_normal,,,,2,32,zeros,0.1,0.01,1.0,0.9,,,,,32.0,False,0.45,0.45,,2.0
direction_5,5.0,LSTM,098,-3.71165314912796,0.512499988079071,0.5,47.24153137207031,0.5167382955551147,,,,,relu,glorot_normal,,,,1,128,zeros,0.1,0.01,1.0,0.2,,,,,96.0,False,0.2,0.45,,1.0
direction_5,5.0,LSTM,099,-0.9509418606758118,0.512499988079071,0.5,19.634418487548828,0.5162109136581421,,,,,gelu,he_normal,,,,1,32,he_normal,0.5,0.01,1.0,0.1,,,,,32.0,False,0.2,0.2,,1.0
direction_5,5.0,LSTM,100,-0.7964174389839171,0.512499988079071,0.5,18.089174270629883,0.5141211152076721,,,,,relu,glorot_normal,,,,2,64,he_normal,0.5,0.01,3.0,0.1,,,,,32.0,False,0.45,0.2,,1.0
direction_5,5.0,LSTM,101,-8.234351360797882,0.512499988079071,0.5,92.46851348876953,0.5155468583106995,,,,,relu,glorot_normal,,,,2,128,zeros,0.1,0.01,1.0,0.2,,,,,96.0,False,0.45,0.45,,3.0
direction_5,5.0,LSTM,102,-70.25685775279999,0.512499988079071,0.49983781576156616,712.6919555664062,0.51416015625,,,,,relu,glorot_normal,,,,1,128,zeros,0.5,0.0001,3.0,0.1,,,,,32.0,True,0.45,0.2,,1.0
direction_5,5.0,LSTM,103,-2.3793262362480165,0.48750001192092896,0.5,33.66826248168945,0.4845898449420929,,,,,relu,glorot_normal,,,,2,32,zeros,0.2,0.01,3.0,0.9,,,,,32.0,True,0.45,0.2,,3.0
direction_5,5.0,LSTM,104,-0.5584299206733703,0.512499988079071,0.5,15.709299087524414,0.5139257907867432,,,,,relu,glorot_normal,,,,1,32,he_normal,0.1,0.01,2.0,0.30000000000000004,,,,,32.0,False,0.45,0.2,,1.0
direction_5,5.0,LSTM,105,-4.644976413249969,0.48750001192092896,0.5,56.324764251708984,0.4860156178474426,,,,,relu,glorot_normal,,,,2,64,zeros,0.5,0.003299025757413164,1.0,0.9,,,,,32.0,True,0.45,0.2,,3.0
direction_5,5.0,LSTM,106,-1.2482030987739563,0.512499988079071,0.5,22.607030868530273,0.5148828029632568,,,,,gelu,he_normal,,,,1,128,he_normal,0.5,0.01,1.0,0.1,,,,,32.0,False,0.45,0.2,,1.0
direction_5,5.0,LSTM,107,-1.1052318692207335,0.512499988079071,0.5,21.177318572998047,0.5150781273841858,,,,,gelu,glorot_normal,,,,1,32,he_normal,0.30000000000000004,0.01,3.0,0.1,,,,,32.0,True,0.35000000000000003,0.2,,1.0
direction_5,5.0,LSTM,108,-10.099950397014618,0.48750001192092896,0.5,110.87450408935547,0.4853515625,,,,,gelu,glorot_normal,,,,2,32,zeros,0.2,0.0007518427035580696,3.0,0.9,,,,,32.0,True,0.45,0.45,,1.0
direction_5,5.0,LSTM,109,-2.3400310397148134,0.48750001192092896,0.5,33.27531051635742,0.48369139432907104,,,,,relu,glorot_normal,,,,2,32,zeros,0.5,0.004604215636534346,3.0,0.9,,,,,32.0,False,0.45,0.45,,2.0
direction_5,5.0,LSTM,110,-1.9155290484428407,0.48750001192092896,0.5,29.030290603637695,0.48500001430511475,,,,,gelu,he_normal,,,,2,128,zeros,0.1,0.01,1.0,0.9,,,,,32.0,False,0.2,0.45,,1.0
direction_5,5.0,LSTM,111,-2.9162765383720397,0.48750001192092896,0.5,39.03776550292969,0.4846484363079071,,,,,gelu,glorot_normal,,,,1,32,zeros,0.2,0.0020621643721207643,3.0,0.9,,,,,32.0,True,0.2,0.45,,1.0
direction_5,5.0,LSTM,112,-3.0571560025215145,0.512499988079071,0.5,40.69655990600586,0.5154687762260437,,,,,relu,glorot_normal,,,,2,64,he_normal,0.5,0.01,1.0,0.1,,,,,32.0,True,0.45,0.2,,3.0
direction_5,5.0,LSTM,113,-2.8045547366142274,0.48750001192092896,0.5,37.92054748535156,0.48511719703674316,,,,,relu,glorot_normal,,,,2,128,he_normal,0.4,0.002573085311648476,2.5,0.9,,,,,32.0,False,0.45,0.2,,1.0
direction_5,5.0,LSTM,114,-1.7252221941947936,0.48750001192092896,0.5,27.127222061157227,0.48560547828674316,,,,,relu,glorot_normal,,,,2,128,zeros,0.1,0.01,1.0,0.9,,,,,32.0,False,0.2,0.2,,3.0
direction_5,5.0,LSTM,115,-1.9730383038520811,0.512499988079071,0.5,29.855382919311523,0.5146679878234863,,,,,relu,he_normal,,,,1,32,he_normal,0.5,0.01,3.0,0.4,,,,,32.0,False,0.2,0.45,,3.0
direction_5,5.0,LSTM,116,-5.645388042926788,0.512499988079071,0.5,66.5788803100586,0.5148632526397705,,,,,relu,glorot_normal,,,,1,128,he_normal,0.1,0.01,3.0,0.4,,,,,128.0,False,0.35000000000000003,0.2,,1.0
direction_5,5.0,LSTM,117,-1.2094016909599303,0.48750001192092896,0.5,21.969017028808594,0.484375,,,,,gelu,glorot_normal,,,,2,32,zeros,0.5,0.01,3.0,0.9,,,,,32.0,False,0.2,0.2,,1.0
direction_5,5.0,LSTM,118,-1.2884557843208313,0.512499988079071,0.5,23.009557723999023,0.5151953101158142,,,,,relu,he_normal,,,,1,32,he_normal,0.5,0.0031749015397774987,1.0,0.2,,,,,32.0,False,0.30000000000000004,0.45,,1.0
direction_5,5.0,LSTM,119,-3.315850079059601,0.512499988079071,0.5,43.28350067138672,0.5146679878234863,,,,,relu,he_normal,,,,1,32,he_normal,0.5,0.002759638760286646,1.0,0.1,,,,,32.0,False,0.2,0.2,,3.0
direction_5,5.0,LSTM,120,-3.3545517086982723,0.512499988079071,0.5,43.67051696777344,0.5147851705551147,,,,,relu,glorot_normal,,,,2,32,zeros,0.5,0.0023369699412827704,1.0,0.1,,,,,32.0,False,0.45,0.2,,3.0
direction_5,5.0,LSTM,121,-0.7153501629829406,0.512499988079071,0.5,17.278501510620117,0.5150195360183716,,,,,relu,glorot_normal,,,,1,128,he_normal,0.1,0.01,1.0,0.1,,,,,32.0,False,0.45,0.45,,1.0
direction_5,5.0,LSTM,122,-1.3910471081733702,0.512499988079071,0.5,24.035470962524414,0.5152148604393005,,,,,relu,glorot_normal,,,,2,64,he_normal,0.5,0.01,1.0,0.2,,,,,32.0,False,0.45,0.45,,1.0
direction_5,5.0,LSTM,123,-6.983985126018524,0.48750001192092896,0.5,79.71485137939453,0.4847070276737213,,,,,gelu,glorot_normal,,,,2,128,zeros,0.5,0.01,1.0,0.9,,,,,128.0,False,0.45,0.45,,1.0
direction_5,5.0,LSTM,124,-1.9375253558158874,0.48750001192092896,0.5,29.250253677368164,0.4851757884025574,,,,,relu,glorot_normal,,,,1,128,zeros,0.1,0.01,1.0,0.9,,,,,32.0,True,0.45,0.45,,1.0
direction_5,5.0,LSTM,125,-3.131399548053741,0.512499988079071,0.5,41.438995361328125,0.5138866901397705,,,,,gelu,he_normal,,,,2,128,zeros,0.5,0.01,1.0,0.1,,,,,32.0,False,0.2,0.2,,3.0
direction_5,5.0,LSTM,126,-2.0972917675971985,0.512499988079071,0.5,31.097917556762695,0.5152343511581421,,,,,relu,glorot_normal,,,,2,128,he_normal,0.1,0.01,1.0,0.5,,,,,32.0,False,0.45,0.2,,3.0
direction_5,5.0,LSTM,127,-1.9847196698188783,0.512499988079071,0.5,29.972196578979492,0.5160546898841858,,,,,relu,glorot_normal,,,,1,128,zeros,0.1,0.01,1.0,0.1,,,,,32.0,True,0.2,0.2,,3.0
direction_5,5.0,LSTM,128,-1.3482929110527038,0.48750001192092896,0.5,23.357929229736328,0.4841601550579071,,,,,relu,glorot_normal,,,,2,32,zeros,0.1,0.0028615651222181054,3.0,0.9,,,,,32.0,False,0.45,0.2,,1.0
direction_5,5.0,LSTM,129,-1.6896360278129579,0.48750001192092896,0.5,26.771360397338867,0.484375,,,,,gelu,glorot_normal,,,,2,128,he_normal,0.1,0.01,3.0,0.9,,,,,32.0,False,0.2,0.2,,1.0
direction_5,5.0,LSTM,130,-0.6249977231025696,0.512499988079071,0.5,16.374977111816406,0.5151953101158142,,,,,relu,glorot_normal,,,,2,32,he_normal,0.1,0.01,3.0,0.1,,,,,32.0,False,0.45,0.45,,1.0
direction_5,5.0,LSTM,131,-2.1012428402900696,0.512499988079071,0.5,31.137428283691406,0.5139843821525574,,,,,relu,he_normal,,,,1,32,he_normal,0.1,0.01,1.0,0.2,,,,,32.0,False,0.2,0.45,,3.0
direction_5,5.0,LSTM,132,-2.3035945773124693,0.48750001192092896,0.5,32.910945892333984,0.49291014671325684,,,,,relu,glorot_normal,,,,1,32,he_normal,0.5,0.0007193926068006832,1.0,0.9,,,,,32.0,False,0.2,0.2,,1.0
direction_5,5.0,LSTM,133,-2.1025835156440733,0.512499988079071,0.5,31.150835037231445,0.5155078172683716,,,,,relu,glorot_normal,,,,1,32,zeros,0.1,0.01,3.0,0.1,,,,,32.0,True,0.45,0.2,,3.0
direction_5,5.0,LSTM,134,-1.655652415752411,0.48750001192092896,0.5,26.4315242767334,0.48509764671325684,,,,,relu,he_normal,,,,1,128,he_normal,0.5,0.002910890524535352,1.0,0.9,,,,,32.0,False,0.2,0.45,,1.0
direction_5,5.0,LSTM,135,-1.8761978030204771,0.48750001192092896,0.5,28.636978149414062,0.4837695360183716,,,,,relu,glorot_normal,,,,1,32,he_normal,0.5,0.0025339125989510347,3.0,0.9,,,,,32.0,False,0.45,0.2,,1.0
direction_5,5.0,LSTM,136,-3.7099979519844055,0.512499988079071,0.5,47.224979400634766,0.5147460699081421,,,,,gelu,he_normal,,,,1,128,zeros,0.5,0.01,1.0,0.1,,,,,32.0,True,0.2,0.45,,3.0
direction_5,5.0,LSTM,137,-13.649169933795928,0.512499988079071,0.5,146.61669921875,0.5129492282867432,,,,,gelu,he_normal,,,,1,128,he_normal,0.5,0.00021096091422651006,1.0,0.1,,,,,32.0,False,0.2,0.2,,1.0
direction_5,5.0,LSTM,138,-4.4618354678153995,0.48750001192092896,0.5,54.49335479736328,0.49976563453674316,,,,,relu,glorot_normal,,,,2,64,he_normal,0.5,0.0004020611903569285,1.0,0.9,,,,,32.0,False,0.45,0.45,,1.0
direction_5,5.0,LSTM,139,-1.4211740612983705,0.512499988079071,0.5,24.336740493774414,0.5129296779632568,,,,,gelu,he_normal,,,,1,64,zeros,0.30000000000000004,0.01,3.0,0.1,,,,,32.0,False,0.35000000000000003,0.2,,1.0
direction_5,5.0,LSTM,140,-100000.0,0.0,0.0,1000000.0,0.0,,,,,relu,he_normal,,,,2,128,he_normal,0.1,0.01,3.0,0.7000000000000001,,,,,32.0,False,0.2,0.2,,3.0
